[LOG_INFO] ==================================================
[LOG_INFO]         HARDWARE BOOT: RT-11 OPERATING SYSTEM     
[LOG_INFO] ==================================================
[LOG_INFO] Mounting OS image: rt11v400.dsk
[LOG_TRACE] >>> RK11 READ: Track 0, Sector 0 (Offset 0 bytes)
[LOG_INFO] >>> RK11 УСПЕХ: Полностью прочитано 8192 слов бут-сектора!
[LOG_TRACE] >>> RK11 SUCCESS: Transferred 8192 words to memory address 040000
[LOG_INFO] Boot sector (Sector 0) loaded into memory successfully.
[LOG_INFO] Handing over control to RT-11 bootloader...
[LOG_INFO] --------------------------------------------------
[LOG_TRACE] 000000 000240: nop
[LOG_TRACE] R0:0 R1:177404 R2:0 R3:0 R4:0 R5:0 R6:2000 R7:2
[LOG_TRACE] 000002 000416: br 000040
[LOG_TRACE] R0:0 R1:177404 R2:0 R3:0 R4:0 R5:0 R6:2000 R7:40
[LOG_TRACE] 000040 000137: jmp @#574
[LOG_TRACE] R0:0 R1:177404 R2:0 R3:0 R4:0 R5:0 R6:2000 R7:574
[LOG_TRACE] 000574 012706: mov #10000, R6
[LOG_TRACE] R0:0 R1:177404 R2:0 R3:0 R4:0 R5:0 R6:10000 R7:600
[LOG_TRACE] 000600 013746: mov @#177412, -(R6)
[LOG_TRACE] R0:0 R1:177404 R2:0 R3:0 R4:0 R5:0 R6:7776 R7:604
[LOG_TRACE] 000604 006116: rol (R6)
[LOG_TRACE] R0:0 R1:177404 R2:0 R3:0 R4:0 R5:0 R6:7776 R7:606
[LOG_TRACE] 000606 006116: rol (R6)
[LOG_TRACE] R0:0 R1:177404 R2:0 R3:0 R4:0 R5:0 R6:7776 R7:610
[LOG_TRACE] 000610 006116: rol (R6)
[LOG_TRACE] R0:0 R1:177404 R2:0 R3:0 R4:0 R5:0 R6:7776 R7:612
[LOG_TRACE] 000612 006116: rol (R6)
[LOG_TRACE] R0:0 R1:177404 R2:0 R3:0 R4:0 R5:0 R6:7776 R7:614
[LOG_TRACE] 000614 042716: bic #177770, (R6)
[LOG_TRACE] R0:0 R1:177404 R2:0 R3:0 R4:0 R5:0 R6:7776 R7:620
[LOG_TRACE] 000620 012700: mov #2, R0
[LOG_TRACE] R0:2 R1:177404 R2:0 R3:0 R4:0 R5:0 R6:7776 R7:624
[LOG_TRACE] 000624 012701: mov #2000, R1
[LOG_TRACE] R0:2 R1:2000 R2:0 R3:0 R4:0 R5:0 R6:7776 R7:630
[LOG_TRACE] 000630 012702: mov #1000, R2
[LOG_TRACE] R0:2 R1:2000 R2:1000 R3:0 R4:0 R5:0 R6:7776 R7:634
[LOG_TRACE] 000634 004767: call 210
[LOG_TRACE] R0:2 R1:2000 R2:1000 R3:0 R4:0 R5:0 R6:7774 R7:210
[LOG_TRACE] 000210 012703: mov #14, R3
[LOG_TRACE] R0:2 R1:2000 R2:1000 R3:14 R4:0 R5:0 R6:7774 R7:214
[LOG_TRACE] 000214 000402: br 000222
[LOG_TRACE] R0:2 R1:2000 R2:1000 R3:14 R4:0 R5:0 R6:7774 R7:222
[LOG_TRACE] 000222 162700: sub #14, R0
[LOG_TRACE] R0:177766 R1:2000 R2:1000 R3:14 R4:0 R5:0 R6:7774 R7:226
[LOG_TRACE] 000226 100373: bpl 000216
[LOG_TRACE] R0:177766 R1:2000 R2:1000 R3:14 R4:0 R5:0 R6:7774 R7:230
[LOG_TRACE] 000230 060300: add R3, R0
[LOG_TRACE] R0:2 R1:2000 R2:1000 R3:14 R4:0 R5:0 R6:7774 R7:232
[LOG_TRACE] 000232 012703: mov #177412, R3
[LOG_TRACE] R0:2 R1:2000 R2:1000 R3:177412 R4:0 R5:0 R6:7774 R7:236
[LOG_TRACE] 000236 042713: bic #17777, (R3)
[LOG_TRACE] R0:2 R1:2000 R2:1000 R3:177412 R4:0 R5:0 R6:7774 R7:242
[LOG_TRACE] 000242 050013: bis R0, (R3)
[LOG_TRACE] R0:2 R1:2000 R2:1000 R3:177412 R4:0 R5:0 R6:7774 R7:244
[LOG_TRACE] 000244 010243: mov R2, -(R3)
[LOG_TRACE] R0:2 R1:2000 R2:1000 R3:177410 R4:0 R5:0 R6:7774 R7:246
[LOG_TRACE] 000246 010143: mov R1, -(R3)
[LOG_TRACE] R0:2 R1:2000 R2:1000 R3:177406 R4:0 R5:0 R6:7774 R7:250
[LOG_TRACE] 000250 005413: neg (R3)
[LOG_TRACE] R0:2 R1:2000 R2:1000 R3:177406 R4:0 R5:0 R6:7774 R7:252
[LOG_TRACE] 000252 012743: mov #5, -(R3)
[LOG_TRACE] >>> RK11 READ: Track 0, Sector 2 (Offset 1024 bytes)
[LOG_INFO] >>> RK11 УСПЕХ: Полностью прочитано 1024 слов бут-сектора!
[LOG_TRACE] >>> RK11 SUCCESS: Transferred 1024 words to memory address 005000
[LOG_TRACE] R0:2 R1:2000 R2:1000 R3:177404 R4:0 R5:0 R6:7774 R7:256
[LOG_TRACE] 000256 105713: tstb (R3)
[LOG_TRACE] R0:2 R1:2000 R2:1000 R3:177404 R4:0 R5:0 R6:7774 R7:260
[LOG_TRACE] 000260 100376: bpl 000256
[LOG_TRACE] R0:2 R1:2000 R2:1000 R3:177404 R4:0 R5:0 R6:7774 R7:262
[LOG_TRACE] 000262 005713: tst (R3)
[LOG_TRACE] R0:2 R1:2000 R2:1000 R3:177404 R4:0 R5:0 R6:7774 R7:264
[LOG_TRACE] 000264 100577: bmi 000664
[LOG_TRACE] R0:2 R1:2000 R2:1000 R3:177404 R4:0 R5:0 R6:7774 R7:266
[LOG_TRACE] 000266 000207: return
[LOG_TRACE] R0:2 R1:2000 R2:1000 R3:177404 R4:0 R5:0 R6:7776 R7:640
[LOG_TRACE] 000640 012737: mov #210, @#4730
[LOG_TRACE] R0:2 R1:2000 R2:1000 R3:177404 R4:0 R5:0 R6:7776 R7:646
[LOG_TRACE] 000646 012737: mov #71070, @#4716
[LOG_TRACE] R0:2 R1:2000 R2:1000 R3:177404 R4:0 R5:0 R6:7776 R7:654
[LOG_TRACE] 000654 012637: mov (R6)+, @#4722
[LOG_TRACE] R0:2 R1:2000 R2:1000 R3:177404 R4:0 R5:0 R6:10000 R7:660
[LOG_TRACE] 000660 000137: jmp @#1000
[LOG_TRACE] R0:2 R1:2000 R2:1000 R3:177404 R4:0 R5:0 R6:10000 R7:1000
[LOG_TRACE] 001000 012737: mov #3174, @#100
[LOG_TRACE] R0:2 R1:2000 R2:1000 R3:177404 R4:0 R5:0 R6:10000 R7:1006
[LOG_TRACE] 001006 005037: clr @#102
[LOG_TRACE] R0:2 R1:2000 R2:1000 R3:177404 R4:0 R5:0 R6:10000 R7:1012
[LOG_TRACE] 001012 005003: clr R3
[LOG_TRACE] R0:2 R1:2000 R2:1000 R3:0 R4:0 R5:0 R6:10000 R7:1014
[LOG_TRACE] 001014 011367: mov (R3), 4734
[LOG_TRACE] R0:2 R1:2000 R2:1000 R3:0 R4:0 R5:0 R6:10000 R7:1020
[LOG_TRACE] 001020 005023: clr (R3)+
[LOG_TRACE] R0:2 R1:2000 R2:1000 R3:2 R4:0 R5:0 R6:10000 R7:1022
[LOG_TRACE] 001022 005023: clr (R3)+
[LOG_TRACE] R0:2 R1:2000 R2:1000 R3:4 R4:0 R5:0 R6:10000 R7:1024
[LOG_TRACE] 001024 012713: mov #1070, (R3)
[LOG_TRACE] R0:2 R1:2000 R2:1000 R3:4 R4:0 R5:0 R6:10000 R7:1030
[LOG_TRACE] 001030 000407: br 001050
[LOG_TRACE] R0:2 R1:2000 R2:1000 R3:4 R4:0 R5:0 R6:10000 R7:1050
[LOG_TRACE] 001050 005004: clr R4
[LOG_TRACE] R0:2 R1:2000 R2:1000 R3:4 R4:0 R5:0 R6:10000 R7:1052
[LOG_TRACE] 001052 062704: add #4000, R4
[LOG_TRACE] R0:2 R1:2000 R2:1000 R3:4 R4:4000 R5:0 R6:10000 R7:1056
[LOG_TRACE] 001056 020427: cmp R4, #170000
[LOG_TRACE] R0:2 R1:2000 R2:1000 R3:4 R4:4000 R5:0 R6:10000 R7:1062
[LOG_TRACE] 001062 001402: beq 001070
[LOG_TRACE] R0:2 R1:2000 R2:1000 R3:4 R4:4000 R5:0 R6:10000 R7:1064
[LOG_TRACE] 001064 011414: mov (R4), (R4)
[LOG_TRACE] R0:2 R1:2000 R2:1000 R3:4 R4:4000 R5:0 R6:10000 R7:1066
[LOG_TRACE] 001066 000771: br 001052
[LOG_TRACE] R0:2 R1:2000 R2:1000 R3:4 R4:4000 R5:0 R6:10000 R7:1052
[LOG_TRACE] 001052 062704: add #4000, R4
[LOG_TRACE] R0:2 R1:2000 R2:1000 R3:4 R4:10000 R5:0 R6:10000 R7:1056
[LOG_TRACE] 001056 020427: cmp R4, #170000
[LOG_TRACE] R0:2 R1:2000 R2:1000 R3:4 R4:10000 R5:0 R6:10000 R7:1062
[LOG_TRACE] 001062 001402: beq 001070
[LOG_TRACE] R0:2 R1:2000 R2:1000 R3:4 R4:10000 R5:0 R6:10000 R7:1064
[LOG_TRACE] 001064 011414: mov (R4), (R4)
[LOG_TRACE] R0:2 R1:2000 R2:1000 R3:4 R4:10000 R5:0 R6:10000 R7:1066
[LOG_TRACE] 001066 000771: br 001052
[LOG_TRACE] R0:2 R1:2000 R2:1000 R3:4 R4:10000 R5:0 R6:10000 R7:1052
[LOG_TRACE] 001052 062704: add #4000, R4
[LOG_TRACE] R0:2 R1:2000 R2:1000 R3:4 R4:14000 R5:0 R6:10000 R7:1056
[LOG_TRACE] 001056 020427: cmp R4, #170000
[LOG_TRACE] R0:2 R1:2000 R2:1000 R3:4 R4:14000 R5:0 R6:10000 R7:1062
[LOG_TRACE] 001062 001402: beq 001070
[LOG_TRACE] R0:2 R1:2000 R2:1000 R3:4 R4:14000 R5:0 R6:10000 R7:1064
[LOG_TRACE] 001064 011414: mov (R4), (R4)
[LOG_TRACE] R0:2 R1:2000 R2:1000 R3:4 R4:14000 R5:0 R6:10000 R7:1066
[LOG_TRACE] 001066 000771: br 001052
[LOG_TRACE] R0:2 R1:2000 R2:1000 R3:4 R4:14000 R5:0 R6:10000 R7:1052
[LOG_TRACE] 001052 062704: add #4000, R4
[LOG_TRACE] R0:2 R1:2000 R2:1000 R3:4 R4:20000 R5:0 R6:10000 R7:1056
[LOG_TRACE] 001056 020427: cmp R4, #170000
[LOG_TRACE] R0:2 R1:2000 R2:1000 R3:4 R4:20000 R5:0 R6:10000 R7:1062
[LOG_TRACE] 001062 001402: beq 001070
[LOG_TRACE] R0:2 R1:2000 R2:1000 R3:4 R4:20000 R5:0 R6:10000 R7:1064
[LOG_TRACE] 001064 011414: mov (R4), (R4)
[LOG_TRACE] R0:2 R1:2000 R2:1000 R3:4 R4:20000 R5:0 R6:10000 R7:1066
[LOG_TRACE] 001066 000771: br 001052
[LOG_TRACE] R0:2 R1:2000 R2:1000 R3:4 R4:20000 R5:0 R6:10000 R7:1052
[LOG_TRACE] 001052 062704: add #4000, R4
[LOG_TRACE] R0:2 R1:2000 R2:1000 R3:4 R4:24000 R5:0 R6:10000 R7:1056
[LOG_TRACE] 001056 020427: cmp R4, #170000
[LOG_TRACE] R0:2 R1:2000 R2:1000 R3:4 R4:24000 R5:0 R6:10000 R7:1062
[LOG_TRACE] 001062 001402: beq 001070
[LOG_TRACE] R0:2 R1:2000 R2:1000 R3:4 R4:24000 R5:0 R6:10000 R7:1064
[LOG_TRACE] 001064 011414: mov (R4), (R4)
[LOG_TRACE] R0:2 R1:2000 R2:1000 R3:4 R4:24000 R5:0 R6:10000 R7:1066
[LOG_TRACE] 001066 000771: br 001052
[LOG_TRACE] R0:2 R1:2000 R2:1000 R3:4 R4:24000 R5:0 R6:10000 R7:1052
[LOG_TRACE] 001052 062704: add #4000, R4
[LOG_TRACE] R0:2 R1:2000 R2:1000 R3:4 R4:30000 R5:0 R6:10000 R7:1056
[LOG_TRACE] 001056 020427: cmp R4, #170000
[LOG_TRACE] R0:2 R1:2000 R2:1000 R3:4 R4:30000 R5:0 R6:10000 R7:1062
[LOG_TRACE] 001062 001402: beq 001070
[LOG_TRACE] R0:2 R1:2000 R2:1000 R3:4 R4:30000 R5:0 R6:10000 R7:1064
[LOG_TRACE] 001064 011414: mov (R4), (R4)
[LOG_TRACE] R0:2 R1:2000 R2:1000 R3:4 R4:30000 R5:0 R6:10000 R7:1066
[LOG_TRACE] 001066 000771: br 001052
[LOG_TRACE] R0:2 R1:2000 R2:1000 R3:4 R4:30000 R5:0 R6:10000 R7:1052
[LOG_TRACE] 001052 062704: add #4000, R4
[LOG_TRACE] R0:2 R1:2000 R2:1000 R3:4 R4:34000 R5:0 R6:10000 R7:1056
[LOG_TRACE] 001056 020427: cmp R4, #170000
[LOG_TRACE] R0:2 R1:2000 R2:1000 R3:4 R4:34000 R5:0 R6:10000 R7:1062
[LOG_TRACE] 001062 001402: beq 001070
[LOG_TRACE] R0:2 R1:2000 R2:1000 R3:4 R4:34000 R5:0 R6:10000 R7:1064
[LOG_TRACE] 001064 011414: mov (R4), (R4)
[LOG_TRACE] R0:2 R1:2000 R2:1000 R3:4 R4:34000 R5:0 R6:10000 R7:1066
[LOG_TRACE] 001066 000771: br 001052
[LOG_TRACE] R0:2 R1:2000 R2:1000 R3:4 R4:34000 R5:0 R6:10000 R7:1052
[LOG_TRACE] 001052 062704: add #4000, R4
[LOG_TRACE] R0:2 R1:2000 R2:1000 R3:4 R4:40000 R5:0 R6:10000 R7:1056
[LOG_TRACE] 001056 020427: cmp R4, #170000
[LOG_TRACE] R0:2 R1:2000 R2:1000 R3:4 R4:40000 R5:0 R6:10000 R7:1062
[LOG_TRACE] 001062 001402: beq 001070
[LOG_TRACE] R0:2 R1:2000 R2:1000 R3:4 R4:40000 R5:0 R6:10000 R7:1064
[LOG_TRACE] 001064 011414: mov (R4), (R4)
[LOG_TRACE] R0:2 R1:2000 R2:1000 R3:4 R4:40000 R5:0 R6:10000 R7:1066
[LOG_TRACE] 001066 000771: br 001052
[LOG_TRACE] R0:2 R1:2000 R2:1000 R3:4 R4:40000 R5:0 R6:10000 R7:1052
[LOG_TRACE] 001052 062704: add #4000, R4
[LOG_TRACE] R0:2 R1:2000 R2:1000 R3:4 R4:44000 R5:0 R6:10000 R7:1056
[LOG_TRACE] 001056 020427: cmp R4, #170000
[LOG_TRACE] R0:2 R1:2000 R2:1000 R3:4 R4:44000 R5:0 R6:10000 R7:1062
[LOG_TRACE] 001062 001402: beq 001070
[LOG_TRACE] R0:2 R1:2000 R2:1000 R3:4 R4:44000 R5:0 R6:10000 R7:1064
[LOG_TRACE] 001064 011414: mov (R4), (R4)
[LOG_TRACE] R0:2 R1:2000 R2:1000 R3:4 R4:44000 R5:0 R6:10000 R7:1066
[LOG_TRACE] 001066 000771: br 001052
[LOG_TRACE] R0:2 R1:2000 R2:1000 R3:4 R4:44000 R5:0 R6:10000 R7:1052
[LOG_TRACE] 001052 062704: add #4000, R4
[LOG_TRACE] R0:2 R1:2000 R2:1000 R3:4 R4:50000 R5:0 R6:10000 R7:1056
[LOG_TRACE] 001056 020427: cmp R4, #170000
[LOG_TRACE] R0:2 R1:2000 R2:1000 R3:4 R4:50000 R5:0 R6:10000 R7:1062
[LOG_TRACE] 001062 001402: beq 001070
[LOG_TRACE] R0:2 R1:2000 R2:1000 R3:4 R4:50000 R5:0 R6:10000 R7:1064
[LOG_TRACE] 001064 011414: mov (R4), (R4)
[LOG_TRACE] R0:2 R1:2000 R2:1000 R3:4 R4:50000 R5:0 R6:10000 R7:1066
[LOG_TRACE] 001066 000771: br 001052
[LOG_TRACE] R0:2 R1:2000 R2:1000 R3:4 R4:50000 R5:0 R6:10000 R7:1052
[LOG_TRACE] 001052 062704: add #4000, R4
[LOG_TRACE] R0:2 R1:2000 R2:1000 R3:4 R4:54000 R5:0 R6:10000 R7:1056
[LOG_TRACE] 001056 020427: cmp R4, #170000
[LOG_TRACE] R0:2 R1:2000 R2:1000 R3:4 R4:54000 R5:0 R6:10000 R7:1062
[LOG_TRACE] 001062 001402: beq 001070
[LOG_TRACE] R0:2 R1:2000 R2:1000 R3:4 R4:54000 R5:0 R6:10000 R7:1064
[LOG_TRACE] 001064 011414: mov (R4), (R4)
[LOG_TRACE] R0:2 R1:2000 R2:1000 R3:4 R4:54000 R5:0 R6:10000 R7:1066
[LOG_TRACE] 001066 000771: br 001052
[LOG_TRACE] R0:2 R1:2000 R2:1000 R3:4 R4:54000 R5:0 R6:10000 R7:1052
[LOG_TRACE] 001052 062704: add #4000, R4
[LOG_TRACE] R0:2 R1:2000 R2:1000 R3:4 R4:60000 R5:0 R6:10000 R7:1056
[LOG_TRACE] 001056 020427: cmp R4, #170000
[LOG_TRACE] R0:2 R1:2000 R2:1000 R3:4 R4:60000 R5:0 R6:10000 R7:1062
[LOG_TRACE] 001062 001402: beq 001070
[LOG_TRACE] R0:2 R1:2000 R2:1000 R3:4 R4:60000 R5:0 R6:10000 R7:1064
[LOG_TRACE] 001064 011414: mov (R4), (R4)
[LOG_TRACE] R0:2 R1:2000 R2:1000 R3:4 R4:60000 R5:0 R6:10000 R7:1066
[LOG_TRACE] 001066 000771: br 001052
[LOG_TRACE] R0:2 R1:2000 R2:1000 R3:4 R4:60000 R5:0 R6:10000 R7:1052
[LOG_TRACE] 001052 062704: add #4000, R4
[LOG_TRACE] R0:2 R1:2000 R2:1000 R3:4 R4:64000 R5:0 R6:10000 R7:1056
[LOG_TRACE] 001056 020427: cmp R4, #170000
[LOG_TRACE] R0:2 R1:2000 R2:1000 R3:4 R4:64000 R5:0 R6:10000 R7:1062
[LOG_TRACE] 001062 001402: beq 001070
[LOG_TRACE] R0:2 R1:2000 R2:1000 R3:4 R4:64000 R5:0 R6:10000 R7:1064
[LOG_TRACE] 001064 011414: mov (R4), (R4)
[LOG_TRACE] R0:2 R1:2000 R2:1000 R3:4 R4:64000 R5:0 R6:10000 R7:1066
[LOG_TRACE] 001066 000771: br 001052
[LOG_TRACE] R0:2 R1:2000 R2:1000 R3:4 R4:64000 R5:0 R6:10000 R7:1052
[LOG_TRACE] 001052 062704: add #4000, R4
[LOG_TRACE] R0:2 R1:2000 R2:1000 R3:4 R4:70000 R5:0 R6:10000 R7:1056
[LOG_TRACE] 001056 020427: cmp R4, #170000
[LOG_TRACE] R0:2 R1:2000 R2:1000 R3:4 R4:70000 R5:0 R6:10000 R7:1062
[LOG_TRACE] 001062 001402: beq 001070
[LOG_TRACE] R0:2 R1:2000 R2:1000 R3:4 R4:70000 R5:0 R6:10000 R7:1064
[LOG_TRACE] 001064 011414: mov (R4), (R4)
[LOG_TRACE] R0:2 R1:2000 R2:1000 R3:4 R4:70000 R5:0 R6:10000 R7:1066
[LOG_TRACE] 001066 000771: br 001052
[LOG_TRACE] R0:2 R1:2000 R2:1000 R3:4 R4:70000 R5:0 R6:10000 R7:1052
[LOG_TRACE] 001052 062704: add #4000, R4
[LOG_TRACE] R0:2 R1:2000 R2:1000 R3:4 R4:74000 R5:0 R6:10000 R7:1056
[LOG_TRACE] 001056 020427: cmp R4, #170000
[LOG_TRACE] R0:2 R1:2000 R2:1000 R3:4 R4:74000 R5:0 R6:10000 R7:1062
[LOG_TRACE] 001062 001402: beq 001070
[LOG_TRACE] R0:2 R1:2000 R2:1000 R3:4 R4:74000 R5:0 R6:10000 R7:1064
[LOG_TRACE] 001064 011414: mov (R4), (R4)
[LOG_TRACE] R0:2 R1:2000 R2:1000 R3:4 R4:74000 R5:0 R6:10000 R7:1066
[LOG_TRACE] 001066 000771: br 001052
[LOG_TRACE] R0:2 R1:2000 R2:1000 R3:4 R4:74000 R5:0 R6:10000 R7:1052
[LOG_TRACE] 001052 062704: add #4000, R4
[LOG_TRACE] R0:2 R1:2000 R2:1000 R3:4 R4:100000 R5:0 R6:10000 R7:1056
[LOG_TRACE] 001056 020427: cmp R4, #170000
[LOG_TRACE] R0:2 R1:2000 R2:1000 R3:4 R4:100000 R5:0 R6:10000 R7:1062
[LOG_TRACE] 001062 001402: beq 001070
[LOG_TRACE] R0:2 R1:2000 R2:1000 R3:4 R4:100000 R5:0 R6:10000 R7:1064
[LOG_TRACE] 001064 011414: mov (R4), (R4)
[LOG_TRACE] R0:2 R1:2000 R2:1000 R3:4 R4:100000 R5:0 R6:10000 R7:1066
[LOG_TRACE] 001066 000771: br 001052
[LOG_TRACE] R0:2 R1:2000 R2:1000 R3:4 R4:100000 R5:0 R6:10000 R7:1052
[LOG_TRACE] 001052 062704: add #4000, R4
[LOG_TRACE] R0:2 R1:2000 R2:1000 R3:4 R4:104000 R5:0 R6:10000 R7:1056
[LOG_TRACE] 001056 020427: cmp R4, #170000
[LOG_TRACE] R0:2 R1:2000 R2:1000 R3:4 R4:104000 R5:0 R6:10000 R7:1062
[LOG_TRACE] 001062 001402: beq 001070
[LOG_TRACE] R0:2 R1:2000 R2:1000 R3:4 R4:104000 R5:0 R6:10000 R7:1064
[LOG_TRACE] 001064 011414: mov (R4), (R4)
[LOG_TRACE] R0:2 R1:2000 R2:1000 R3:4 R4:104000 R5:0 R6:10000 R7:1066
[LOG_TRACE] 001066 000771: br 001052
[LOG_TRACE] R0:2 R1:2000 R2:1000 R3:4 R4:104000 R5:0 R6:10000 R7:1052
[LOG_TRACE] 001052 062704: add #4000, R4
[LOG_TRACE] R0:2 R1:2000 R2:1000 R3:4 R4:110000 R5:0 R6:10000 R7:1056
[LOG_TRACE] 001056 020427: cmp R4, #170000
[LOG_TRACE] R0:2 R1:2000 R2:1000 R3:4 R4:110000 R5:0 R6:10000 R7:1062
[LOG_TRACE] 001062 001402: beq 001070
[LOG_TRACE] R0:2 R1:2000 R2:1000 R3:4 R4:110000 R5:0 R6:10000 R7:1064
[LOG_TRACE] 001064 011414: mov (R4), (R4)
[LOG_TRACE] R0:2 R1:2000 R2:1000 R3:4 R4:110000 R5:0 R6:10000 R7:1066
[LOG_TRACE] 001066 000771: br 001052
[LOG_TRACE] R0:2 R1:2000 R2:1000 R3:4 R4:110000 R5:0 R6:10000 R7:1052
[LOG_TRACE] 001052 062704: add #4000, R4
[LOG_TRACE] R0:2 R1:2000 R2:1000 R3:4 R4:114000 R5:0 R6:10000 R7:1056
[LOG_TRACE] 001056 020427: cmp R4, #170000
[LOG_TRACE] R0:2 R1:2000 R2:1000 R3:4 R4:114000 R5:0 R6:10000 R7:1062
[LOG_TRACE] 001062 001402: beq 001070
[LOG_TRACE] R0:2 R1:2000 R2:1000 R3:4 R4:114000 R5:0 R6:10000 R7:1064
[LOG_TRACE] 001064 011414: mov (R4), (R4)
[LOG_TRACE] R0:2 R1:2000 R2:1000 R3:4 R4:114000 R5:0 R6:10000 R7:1066
[LOG_TRACE] 001066 000771: br 001052
[LOG_TRACE] R0:2 R1:2000 R2:1000 R3:4 R4:114000 R5:0 R6:10000 R7:1052
[LOG_TRACE] 001052 062704: add #4000, R4
[LOG_TRACE] R0:2 R1:2000 R2:1000 R3:4 R4:120000 R5:0 R6:10000 R7:1056
[LOG_TRACE] 001056 020427: cmp R4, #170000
[LOG_TRACE] R0:2 R1:2000 R2:1000 R3:4 R4:120000 R5:0 R6:10000 R7:1062
[LOG_TRACE] 001062 001402: beq 001070
[LOG_TRACE] R0:2 R1:2000 R2:1000 R3:4 R4:120000 R5:0 R6:10000 R7:1064
[LOG_TRACE] 001064 011414: mov (R4), (R4)
[LOG_TRACE] R0:2 R1:2000 R2:1000 R3:4 R4:120000 R5:0 R6:10000 R7:1066
[LOG_TRACE] 001066 000771: br 001052
[LOG_TRACE] R0:2 R1:2000 R2:1000 R3:4 R4:120000 R5:0 R6:10000 R7:1052
[LOG_TRACE] 001052 062704: add #4000, R4
[LOG_TRACE] R0:2 R1:2000 R2:1000 R3:4 R4:124000 R5:0 R6:10000 R7:1056
[LOG_TRACE] 001056 020427: cmp R4, #170000
[LOG_TRACE] R0:2 R1:2000 R2:1000 R3:4 R4:124000 R5:0 R6:10000 R7:1062
[LOG_TRACE] 001062 001402: beq 001070
[LOG_TRACE] R0:2 R1:2000 R2:1000 R3:4 R4:124000 R5:0 R6:10000 R7:1064
[LOG_TRACE] 001064 011414: mov (R4), (R4)
[LOG_TRACE] R0:2 R1:2000 R2:1000 R3:4 R4:124000 R5:0 R6:10000 R7:1066
[LOG_TRACE] 001066 000771: br 001052
[LOG_TRACE] R0:2 R1:2000 R2:1000 R3:4 R4:124000 R5:0 R6:10000 R7:1052
[LOG_TRACE] 001052 062704: add #4000, R4
[LOG_TRACE] R0:2 R1:2000 R2:1000 R3:4 R4:130000 R5:0 R6:10000 R7:1056
[LOG_TRACE] 001056 020427: cmp R4, #170000
[LOG_TRACE] R0:2 R1:2000 R2:1000 R3:4 R4:130000 R5:0 R6:10000 R7:1062
[LOG_TRACE] 001062 001402: beq 001070
[LOG_TRACE] R0:2 R1:2000 R2:1000 R3:4 R4:130000 R5:0 R6:10000 R7:1064
[LOG_TRACE] 001064 011414: mov (R4), (R4)
[LOG_TRACE] R0:2 R1:2000 R2:1000 R3:4 R4:130000 R5:0 R6:10000 R7:1066
[LOG_TRACE] 001066 000771: br 001052
[LOG_TRACE] R0:2 R1:2000 R2:1000 R3:4 R4:130000 R5:0 R6:10000 R7:1052
[LOG_TRACE] 001052 062704: add #4000, R4
[LOG_TRACE] R0:2 R1:2000 R2:1000 R3:4 R4:134000 R5:0 R6:10000 R7:1056
[LOG_TRACE] 001056 020427: cmp R4, #170000
[LOG_TRACE] R0:2 R1:2000 R2:1000 R3:4 R4:134000 R5:0 R6:10000 R7:1062
[LOG_TRACE] 001062 001402: beq 001070
[LOG_TRACE] R0:2 R1:2000 R2:1000 R3:4 R4:134000 R5:0 R6:10000 R7:1064
[LOG_TRACE] 001064 011414: mov (R4), (R4)
[LOG_TRACE] R0:2 R1:2000 R2:1000 R3:4 R4:134000 R5:0 R6:10000 R7:1066
[LOG_TRACE] 001066 000771: br 001052
[LOG_TRACE] R0:2 R1:2000 R2:1000 R3:4 R4:134000 R5:0 R6:10000 R7:1052
[LOG_TRACE] 001052 062704: add #4000, R4
[LOG_TRACE] R0:2 R1:2000 R2:1000 R3:4 R4:140000 R5:0 R6:10000 R7:1056
[LOG_TRACE] 001056 020427: cmp R4, #170000
[LOG_TRACE] R0:2 R1:2000 R2:1000 R3:4 R4:140000 R5:0 R6:10000 R7:1062
[LOG_TRACE] 001062 001402: beq 001070
[LOG_TRACE] R0:2 R1:2000 R2:1000 R3:4 R4:140000 R5:0 R6:10000 R7:1064
[LOG_TRACE] 001064 011414: mov (R4), (R4)
[LOG_TRACE] R0:2 R1:2000 R2:1000 R3:4 R4:140000 R5:0 R6:10000 R7:1066
[LOG_TRACE] 001066 000771: br 001052
[LOG_TRACE] R0:2 R1:2000 R2:1000 R3:4 R4:140000 R5:0 R6:10000 R7:1052
[LOG_TRACE] 001052 062704: add #4000, R4
[LOG_TRACE] R0:2 R1:2000 R2:1000 R3:4 R4:144000 R5:0 R6:10000 R7:1056
[LOG_TRACE] 001056 020427: cmp R4, #170000
[LOG_TRACE] R0:2 R1:2000 R2:1000 R3:4 R4:144000 R5:0 R6:10000 R7:1062
[LOG_TRACE] 001062 001402: beq 001070
[LOG_TRACE] R0:2 R1:2000 R2:1000 R3:4 R4:144000 R5:0 R6:10000 R7:1064
[LOG_TRACE] 001064 011414: mov (R4), (R4)
[LOG_TRACE] R0:2 R1:2000 R2:1000 R3:4 R4:144000 R5:0 R6:10000 R7:1066
[LOG_TRACE] 001066 000771: br 001052
[LOG_TRACE] R0:2 R1:2000 R2:1000 R3:4 R4:144000 R5:0 R6:10000 R7:1052
[LOG_TRACE] 001052 062704: add #4000, R4
[LOG_TRACE] R0:2 R1:2000 R2:1000 R3:4 R4:150000 R5:0 R6:10000 R7:1056
[LOG_TRACE] 001056 020427: cmp R4, #170000
[LOG_TRACE] R0:2 R1:2000 R2:1000 R3:4 R4:150000 R5:0 R6:10000 R7:1062
[LOG_TRACE] 001062 001402: beq 001070
[LOG_TRACE] R0:2 R1:2000 R2:1000 R3:4 R4:150000 R5:0 R6:10000 R7:1064
[LOG_TRACE] 001064 011414: mov (R4), (R4)
[LOG_TRACE] R0:2 R1:2000 R2:1000 R3:4 R4:150000 R5:0 R6:10000 R7:1066
[LOG_TRACE] 001066 000771: br 001052
[LOG_TRACE] R0:2 R1:2000 R2:1000 R3:4 R4:150000 R5:0 R6:10000 R7:1052
[LOG_TRACE] 001052 062704: add #4000, R4
[LOG_TRACE] R0:2 R1:2000 R2:1000 R3:4 R4:154000 R5:0 R6:10000 R7:1056
[LOG_TRACE] 001056 020427: cmp R4, #170000
[LOG_TRACE] R0:2 R1:2000 R2:1000 R3:4 R4:154000 R5:0 R6:10000 R7:1062
[LOG_TRACE] 001062 001402: beq 001070
[LOG_TRACE] R0:2 R1:2000 R2:1000 R3:4 R4:154000 R5:0 R6:10000 R7:1064
[LOG_TRACE] 001064 011414: mov (R4), (R4)
[LOG_TRACE] R0:2 R1:2000 R2:1000 R3:4 R4:154000 R5:0 R6:10000 R7:1066
[LOG_TRACE] 001066 000771: br 001052
[LOG_TRACE] R0:2 R1:2000 R2:1000 R3:4 R4:154000 R5:0 R6:10000 R7:1052
[LOG_TRACE] 001052 062704: add #4000, R4
[LOG_TRACE] R0:2 R1:2000 R2:1000 R3:4 R4:160000 R5:0 R6:10000 R7:1056
[LOG_TRACE] 001056 020427: cmp R4, #170000
[LOG_TRACE] R0:2 R1:2000 R2:1000 R3:4 R4:160000 R5:0 R6:10000 R7:1062
[LOG_TRACE] 001062 001402: beq 001070
[LOG_TRACE] R0:2 R1:2000 R2:1000 R3:4 R4:160000 R5:0 R6:10000 R7:1064
[LOG_TRACE] >>> BUS ERROR TRAP: Saving context and branching to Vector 4...
[LOG_TRACE] 001070 012713: mov #3172, (R3)
[LOG_TRACE] R0:2 R1:2000 R2:1000 R3:4 R4:160000 R5:0 R6:7774 R7:1074
[LOG_TRACE] 001074 011337: mov (R3), @#10
[LOG_TRACE] R0:2 R1:2000 R2:1000 R3:4 R4:160000 R5:0 R6:7774 R7:1100
[LOG_TRACE] 001100 012705: mov #4716, R5
[LOG_TRACE] R0:2 R1:2000 R2:1000 R3:4 R4:160000 R5:4716 R6:7774 R7:1104
[LOG_TRACE] 001104 011500: mov (R5), R0
[LOG_TRACE] R0:71070 R1:2000 R2:1000 R3:4 R4:160000 R5:4716 R6:7774 R7:1106
[LOG_TRACE] 001106 010001: mov R0, R1
[LOG_TRACE] R0:71070 R1:71070 R2:1000 R3:4 R4:160000 R5:4716 R6:7774 R7:1110
[LOG_TRACE] 001110 162700: sub #50, R0
[LOG_TRACE] R0:71020 R1:71070 R2:1000 R3:4 R4:160000 R5:4716 R6:7774 R7:1114
[LOG_TRACE] 001114 103374: bcc 001106
[LOG_TRACE] R0:71020 R1:71070 R2:1000 R3:4 R4:160000 R5:4716 R6:7774 R7:1106
[LOG_TRACE] 001106 010001: mov R0, R1
[LOG_TRACE] R0:71020 R1:71020 R2:1000 R3:4 R4:160000 R5:4716 R6:7774 R7:1110
[LOG_TRACE] 001110 162700: sub #50, R0
[LOG_TRACE] R0:70750 R1:71020 R2:1000 R3:4 R4:160000 R5:4716 R6:7774 R7:1114
[LOG_TRACE] 001114 103374: bcc 001106
[LOG_TRACE] R0:70750 R1:71020 R2:1000 R3:4 R4:160000 R5:4716 R6:7774 R7:1106
[LOG_TRACE] 001106 010001: mov R0, R1
[LOG_TRACE] R0:70750 R1:70750 R2:1000 R3:4 R4:160000 R5:4716 R6:7774 R7:1110
[LOG_TRACE] 001110 162700: sub #50, R0
[LOG_TRACE] R0:70700 R1:70750 R2:1000 R3:4 R4:160000 R5:4716 R6:7774 R7:1114
[LOG_TRACE] 001114 103374: bcc 001106
[LOG_TRACE] R0:70700 R1:70750 R2:1000 R3:4 R4:160000 R5:4716 R6:7774 R7:1106
[LOG_TRACE] 001106 010001: mov R0, R1
[LOG_TRACE] R0:70700 R1:70700 R2:1000 R3:4 R4:160000 R5:4716 R6:7774 R7:1110
[LOG_TRACE] 001110 162700: sub #50, R0
[LOG_TRACE] R0:70630 R1:70700 R2:1000 R3:4 R4:160000 R5:4716 R6:7774 R7:1114
[LOG_TRACE] 001114 103374: bcc 001106
[LOG_TRACE] R0:70630 R1:70700 R2:1000 R3:4 R4:160000 R5:4716 R6:7774 R7:1106
[LOG_TRACE] 001106 010001: mov R0, R1
[LOG_TRACE] R0:70630 R1:70630 R2:1000 R3:4 R4:160000 R5:4716 R6:7774 R7:1110
[LOG_TRACE] 001110 162700: sub #50, R0
[LOG_TRACE] R0:70560 R1:70630 R2:1000 R3:4 R4:160000 R5:4716 R6:7774 R7:1114
[LOG_TRACE] 001114 103374: bcc 001106
[LOG_TRACE] R0:70560 R1:70630 R2:1000 R3:4 R4:160000 R5:4716 R6:7774 R7:1106
[LOG_TRACE] 001106 010001: mov R0, R1
[LOG_TRACE] R0:70560 R1:70560 R2:1000 R3:4 R4:160000 R5:4716 R6:7774 R7:1110
[LOG_TRACE] 001110 162700: sub #50, R0
[LOG_TRACE] R0:70510 R1:70560 R2:1000 R3:4 R4:160000 R5:4716 R6:7774 R7:1114
[LOG_TRACE] 001114 103374: bcc 001106
[LOG_TRACE] R0:70510 R1:70560 R2:1000 R3:4 R4:160000 R5:4716 R6:7774 R7:1106
[LOG_TRACE] 001106 010001: mov R0, R1
[LOG_TRACE] R0:70510 R1:70510 R2:1000 R3:4 R4:160000 R5:4716 R6:7774 R7:1110
[LOG_TRACE] 001110 162700: sub #50, R0
[LOG_TRACE] R0:70440 R1:70510 R2:1000 R3:4 R4:160000 R5:4716 R6:7774 R7:1114
[LOG_TRACE] 001114 103374: bcc 001106
[LOG_TRACE] R0:70440 R1:70510 R2:1000 R3:4 R4:160000 R5:4716 R6:7774 R7:1106
[LOG_TRACE] 001106 010001: mov R0, R1
[LOG_TRACE] R0:70440 R1:70440 R2:1000 R3:4 R4:160000 R5:4716 R6:7774 R7:1110
[LOG_TRACE] 001110 162700: sub #50, R0
[LOG_TRACE] R0:70370 R1:70440 R2:1000 R3:4 R4:160000 R5:4716 R6:7774 R7:1114
[LOG_TRACE] 001114 103374: bcc 001106
[LOG_TRACE] R0:70370 R1:70440 R2:1000 R3:4 R4:160000 R5:4716 R6:7774 R7:1106
[LOG_TRACE] 001106 010001: mov R0, R1
[LOG_TRACE] R0:70370 R1:70370 R2:1000 R3:4 R4:160000 R5:4716 R6:7774 R7:1110
[LOG_TRACE] 001110 162700: sub #50, R0
[LOG_TRACE] R0:70320 R1:70370 R2:1000 R3:4 R4:160000 R5:4716 R6:7774 R7:1114
[LOG_TRACE] 001114 103374: bcc 001106
[LOG_TRACE] R0:70320 R1:70370 R2:1000 R3:4 R4:160000 R5:4716 R6:7774 R7:1106
[LOG_TRACE] 001106 010001: mov R0, R1
[LOG_TRACE] R0:70320 R1:70320 R2:1000 R3:4 R4:160000 R5:4716 R6:7774 R7:1110
[LOG_TRACE] 001110 162700: sub #50, R0
[LOG_TRACE] R0:70250 R1:70320 R2:1000 R3:4 R4:160000 R5:4716 R6:7774 R7:1114
[LOG_TRACE] 001114 103374: bcc 001106
[LOG_TRACE] R0:70250 R1:70320 R2:1000 R3:4 R4:160000 R5:4716 R6:7774 R7:1106
[LOG_TRACE] 001106 010001: mov R0, R1
[LOG_TRACE] R0:70250 R1:70250 R2:1000 R3:4 R4:160000 R5:4716 R6:7774 R7:1110
[LOG_TRACE] 001110 162700: sub #50, R0
[LOG_TRACE] R0:70200 R1:70250 R2:1000 R3:4 R4:160000 R5:4716 R6:7774 R7:1114
[LOG_TRACE] 001114 103374: bcc 001106
[LOG_TRACE] R0:70200 R1:70250 R2:1000 R3:4 R4:160000 R5:4716 R6:7774 R7:1106
[LOG_TRACE] 001106 010001: mov R0, R1
[LOG_TRACE] R0:70200 R1:70200 R2:1000 R3:4 R4:160000 R5:4716 R6:7774 R7:1110
[LOG_TRACE] 001110 162700: sub #50, R0
[LOG_TRACE] R0:70130 R1:70200 R2:1000 R3:4 R4:160000 R5:4716 R6:7774 R7:1114
[LOG_TRACE] 001114 103374: bcc 001106
[LOG_TRACE] R0:70130 R1:70200 R2:1000 R3:4 R4:160000 R5:4716 R6:7774 R7:1106
[LOG_TRACE] 001106 010001: mov R0, R1
[LOG_TRACE] R0:70130 R1:70130 R2:1000 R3:4 R4:160000 R5:4716 R6:7774 R7:1110
[LOG_TRACE] 001110 162700: sub #50, R0
[LOG_TRACE] R0:70060 R1:70130 R2:1000 R3:4 R4:160000 R5:4716 R6:7774 R7:1114
[LOG_TRACE] 001114 103374: bcc 001106
[LOG_TRACE] R0:70060 R1:70130 R2:1000 R3:4 R4:160000 R5:4716 R6:7774 R7:1106
[LOG_TRACE] 001106 010001: mov R0, R1
[LOG_TRACE] R0:70060 R1:70060 R2:1000 R3:4 R4:160000 R5:4716 R6:7774 R7:1110
[LOG_TRACE] 001110 162700: sub #50, R0
[LOG_TRACE] R0:70010 R1:70060 R2:1000 R3:4 R4:160000 R5:4716 R6:7774 R7:1114
[LOG_TRACE] 001114 103374: bcc 001106
[LOG_TRACE] R0:70010 R1:70060 R2:1000 R3:4 R4:160000 R5:4716 R6:7774 R7:1106
[LOG_TRACE] 001106 010001: mov R0, R1
[LOG_TRACE] R0:70010 R1:70010 R2:1000 R3:4 R4:160000 R5:4716 R6:7774 R7:1110
[LOG_TRACE] 001110 162700: sub #50, R0
[LOG_TRACE] R0:67740 R1:70010 R2:1000 R3:4 R4:160000 R5:4716 R6:7774 R7:1114
[LOG_TRACE] 001114 103374: bcc 001106
[LOG_TRACE] R0:67740 R1:70010 R2:1000 R3:4 R4:160000 R5:4716 R6:7774 R7:1106
[LOG_TRACE] 001106 010001: mov R0, R1
[LOG_TRACE] R0:67740 R1:67740 R2:1000 R3:4 R4:160000 R5:4716 R6:7774 R7:1110
[LOG_TRACE] 001110 162700: sub #50, R0
[LOG_TRACE] R0:67670 R1:67740 R2:1000 R3:4 R4:160000 R5:4716 R6:7774 R7:1114
[LOG_TRACE] 001114 103374: bcc 001106
[LOG_TRACE] R0:67670 R1:67740 R2:1000 R3:4 R4:160000 R5:4716 R6:7774 R7:1106
[LOG_TRACE] 001106 010001: mov R0, R1
[LOG_TRACE] R0:67670 R1:67670 R2:1000 R3:4 R4:160000 R5:4716 R6:7774 R7:1110
[LOG_TRACE] 001110 162700: sub #50, R0
[LOG_TRACE] R0:67620 R1:67670 R2:1000 R3:4 R4:160000 R5:4716 R6:7774 R7:1114
[LOG_TRACE] 001114 103374: bcc 001106
[LOG_TRACE] R0:67620 R1:67670 R2:1000 R3:4 R4:160000 R5:4716 R6:7774 R7:1106
[LOG_TRACE] 001106 010001: mov R0, R1
[LOG_TRACE] R0:67620 R1:67620 R2:1000 R3:4 R4:160000 R5:4716 R6:7774 R7:1110
[LOG_TRACE] 001110 162700: sub #50, R0
[LOG_TRACE] R0:67550 R1:67620 R2:1000 R3:4 R4:160000 R5:4716 R6:7774 R7:1114
[LOG_TRACE] 001114 103374: bcc 001106
[LOG_TRACE] R0:67550 R1:67620 R2:1000 R3:4 R4:160000 R5:4716 R6:7774 R7:1106
[LOG_TRACE] 001106 010001: mov R0, R1
[LOG_TRACE] R0:67550 R1:67550 R2:1000 R3:4 R4:160000 R5:4716 R6:7774 R7:1110
[LOG_TRACE] 001110 162700: sub #50, R0
[LOG_TRACE] R0:67500 R1:67550 R2:1000 R3:4 R4:160000 R5:4716 R6:7774 R7:1114
[LOG_TRACE] 001114 103374: bcc 001106
[LOG_TRACE] R0:67500 R1:67550 R2:1000 R3:4 R4:160000 R5:4716 R6:7774 R7:1106
[LOG_TRACE] 001106 010001: mov R0, R1
[LOG_TRACE] R0:67500 R1:67500 R2:1000 R3:4 R4:160000 R5:4716 R6:7774 R7:1110
[LOG_TRACE] 001110 162700: sub #50, R0
[LOG_TRACE] R0:67430 R1:67500 R2:1000 R3:4 R4:160000 R5:4716 R6:7774 R7:1114
[LOG_TRACE] 001114 103374: bcc 001106
[LOG_TRACE] R0:67430 R1:67500 R2:1000 R3:4 R4:160000 R5:4716 R6:7774 R7:1106
[LOG_TRACE] 001106 010001: mov R0, R1
[LOG_TRACE] R0:67430 R1:67430 R2:1000 R3:4 R4:160000 R5:4716 R6:7774 R7:1110
[LOG_TRACE] 001110 162700: sub #50, R0
[LOG_TRACE] R0:67360 R1:67430 R2:1000 R3:4 R4:160000 R5:4716 R6:7774 R7:1114
[LOG_TRACE] 001114 103374: bcc 001106
[LOG_TRACE] R0:67360 R1:67430 R2:1000 R3:4 R4:160000 R5:4716 R6:7774 R7:1106
[LOG_TRACE] 001106 010001: mov R0, R1
[LOG_TRACE] R0:67360 R1:67360 R2:1000 R3:4 R4:160000 R5:4716 R6:7774 R7:1110
[LOG_TRACE] 001110 162700: sub #50, R0
[LOG_TRACE] R0:67310 R1:67360 R2:1000 R3:4 R4:160000 R5:4716 R6:7774 R7:1114
[LOG_TRACE] 001114 103374: bcc 001106
[LOG_TRACE] R0:67310 R1:67360 R2:1000 R3:4 R4:160000 R5:4716 R6:7774 R7:1106
[LOG_TRACE] 001106 010001: mov R0, R1
[LOG_TRACE] R0:67310 R1:67310 R2:1000 R3:4 R4:160000 R5:4716 R6:7774 R7:1110
[LOG_TRACE] 001110 162700: sub #50, R0
[LOG_TRACE] R0:67240 R1:67310 R2:1000 R3:4 R4:160000 R5:4716 R6:7774 R7:1114
[LOG_TRACE] 001114 103374: bcc 001106
[LOG_TRACE] R0:67240 R1:67310 R2:1000 R3:4 R4:160000 R5:4716 R6:7774 R7:1106
[LOG_TRACE] 001106 010001: mov R0, R1
[LOG_TRACE] R0:67240 R1:67240 R2:1000 R3:4 R4:160000 R5:4716 R6:7774 R7:1110
[LOG_TRACE] 001110 162700: sub #50, R0
[LOG_TRACE] R0:67170 R1:67240 R2:1000 R3:4 R4:160000 R5:4716 R6:7774 R7:1114
[LOG_TRACE] 001114 103374: bcc 001106
[LOG_TRACE] R0:67170 R1:67240 R2:1000 R3:4 R4:160000 R5:4716 R6:7774 R7:1106
[LOG_TRACE] 001106 010001: mov R0, R1
[LOG_TRACE] R0:67170 R1:67170 R2:1000 R3:4 R4:160000 R5:4716 R6:7774 R7:1110
[LOG_TRACE] 001110 162700: sub #50, R0
[LOG_TRACE] R0:67120 R1:67170 R2:1000 R3:4 R4:160000 R5:4716 R6:7774 R7:1114
[LOG_TRACE] 001114 103374: bcc 001106
[LOG_TRACE] R0:67120 R1:67170 R2:1000 R3:4 R4:160000 R5:4716 R6:7774 R7:1106
[LOG_TRACE] 001106 010001: mov R0, R1
[LOG_TRACE] R0:67120 R1:67120 R2:1000 R3:4 R4:160000 R5:4716 R6:7774 R7:1110
[LOG_TRACE] 001110 162700: sub #50, R0
[LOG_TRACE] R0:67050 R1:67120 R2:1000 R3:4 R4:160000 R5:4716 R6:7774 R7:1114
[LOG_TRACE] 001114 103374: bcc 001106
[LOG_TRACE] R0:67050 R1:67120 R2:1000 R3:4 R4:160000 R5:4716 R6:7774 R7:1106
[LOG_TRACE] 001106 010001: mov R0, R1
[LOG_TRACE] R0:67050 R1:67050 R2:1000 R3:4 R4:160000 R5:4716 R6:7774 R7:1110
[LOG_TRACE] 001110 162700: sub #50, R0
[LOG_TRACE] R0:67000 R1:67050 R2:1000 R3:4 R4:160000 R5:4716 R6:7774 R7:1114
[LOG_TRACE] 001114 103374: bcc 001106
[LOG_TRACE] R0:67000 R1:67050 R2:1000 R3:4 R4:160000 R5:4716 R6:7774 R7:1106
[LOG_TRACE] 001106 010001: mov R0, R1
[LOG_TRACE] R0:67000 R1:67000 R2:1000 R3:4 R4:160000 R5:4716 R6:7774 R7:1110
[LOG_TRACE] 001110 162700: sub #50, R0
[LOG_TRACE] R0:66730 R1:67000 R2:1000 R3:4 R4:160000 R5:4716 R6:7774 R7:1114
[LOG_TRACE] 001114 103374: bcc 001106
[LOG_TRACE] R0:66730 R1:67000 R2:1000 R3:4 R4:160000 R5:4716 R6:7774 R7:1106
[LOG_TRACE] 001106 010001: mov R0, R1
[LOG_TRACE] R0:66730 R1:66730 R2:1000 R3:4 R4:160000 R5:4716 R6:7774 R7:1110
[LOG_TRACE] 001110 162700: sub #50, R0
[LOG_TRACE] R0:66660 R1:66730 R2:1000 R3:4 R4:160000 R5:4716 R6:7774 R7:1114
[LOG_TRACE] 001114 103374: bcc 001106
[LOG_TRACE] R0:66660 R1:66730 R2:1000 R3:4 R4:160000 R5:4716 R6:7774 R7:1106
[LOG_TRACE] 001106 010001: mov R0, R1
[LOG_TRACE] R0:66660 R1:66660 R2:1000 R3:4 R4:160000 R5:4716 R6:7774 R7:1110
[LOG_TRACE] 001110 162700: sub #50, R0
[LOG_TRACE] R0:66610 R1:66660 R2:1000 R3:4 R4:160000 R5:4716 R6:7774 R7:1114
[LOG_TRACE] 001114 103374: bcc 001106
[LOG_TRACE] R0:66610 R1:66660 R2:1000 R3:4 R4:160000 R5:4716 R6:7774 R7:1106
[LOG_TRACE] 001106 010001: mov R0, R1
[LOG_TRACE] R0:66610 R1:66610 R2:1000 R3:4 R4:160000 R5:4716 R6:7774 R7:1110
[LOG_TRACE] 001110 162700: sub #50, R0
[LOG_TRACE] R0:66540 R1:66610 R2:1000 R3:4 R4:160000 R5:4716 R6:7774 R7:1114
[LOG_TRACE] 001114 103374: bcc 001106
[LOG_TRACE] R0:66540 R1:66610 R2:1000 R3:4 R4:160000 R5:4716 R6:7774 R7:1106
[LOG_TRACE] 001106 010001: mov R0, R1
[LOG_TRACE] R0:66540 R1:66540 R2:1000 R3:4 R4:160000 R5:4716 R6:7774 R7:1110
[LOG_TRACE] 001110 162700: sub #50, R0
[LOG_TRACE] R0:66470 R1:66540 R2:1000 R3:4 R4:160000 R5:4716 R6:7774 R7:1114
[LOG_TRACE] 001114 103374: bcc 001106
[LOG_TRACE] R0:66470 R1:66540 R2:1000 R3:4 R4:160000 R5:4716 R6:7774 R7:1106
[LOG_TRACE] 001106 010001: mov R0, R1
[LOG_TRACE] R0:66470 R1:66470 R2:1000 R3:4 R4:160000 R5:4716 R6:7774 R7:1110
[LOG_TRACE] 001110 162700: sub #50, R0
[LOG_TRACE] R0:66420 R1:66470 R2:1000 R3:4 R4:160000 R5:4716 R6:7774 R7:1114
[LOG_TRACE] 001114 103374: bcc 001106
[LOG_TRACE] R0:66420 R1:66470 R2:1000 R3:4 R4:160000 R5:4716 R6:7774 R7:1106
[LOG_TRACE] 001106 010001: mov R0, R1
[LOG_TRACE] R0:66420 R1:66420 R2:1000 R3:4 R4:160000 R5:4716 R6:7774 R7:1110
[LOG_TRACE] 001110 162700: sub #50, R0
[LOG_TRACE] R0:66350 R1:66420 R2:1000 R3:4 R4:160000 R5:4716 R6:7774 R7:1114
[LOG_TRACE] 001114 103374: bcc 001106
[LOG_TRACE] R0:66350 R1:66420 R2:1000 R3:4 R4:160000 R5:4716 R6:7774 R7:1106
[LOG_TRACE] 001106 010001: mov R0, R1
[LOG_TRACE] R0:66350 R1:66350 R2:1000 R3:4 R4:160000 R5:4716 R6:7774 R7:1110
[LOG_TRACE] 001110 162700: sub #50, R0
[LOG_TRACE] R0:66300 R1:66350 R2:1000 R3:4 R4:160000 R5:4716 R6:7774 R7:1114
[LOG_TRACE] 001114 103374: bcc 001106
[LOG_TRACE] R0:66300 R1:66350 R2:1000 R3:4 R4:160000 R5:4716 R6:7774 R7:1106
[LOG_TRACE] 001106 010001: mov R0, R1
[LOG_TRACE] R0:66300 R1:66300 R2:1000 R3:4 R4:160000 R5:4716 R6:7774 R7:1110
[LOG_TRACE] 001110 162700: sub #50, R0
[LOG_TRACE] R0:66230 R1:66300 R2:1000 R3:4 R4:160000 R5:4716 R6:7774 R7:1114
[LOG_TRACE] 001114 103374: bcc 001106
[LOG_TRACE] R0:66230 R1:66300 R2:1000 R3:4 R4:160000 R5:4716 R6:7774 R7:1106
[LOG_TRACE] 001106 010001: mov R0, R1
[LOG_TRACE] R0:66230 R1:66230 R2:1000 R3:4 R4:160000 R5:4716 R6:7774 R7:1110
[LOG_TRACE] 001110 162700: sub #50, R0
[LOG_TRACE] R0:66160 R1:66230 R2:1000 R3:4 R4:160000 R5:4716 R6:7774 R7:1114
[LOG_TRACE] 001114 103374: bcc 001106
[LOG_TRACE] R0:66160 R1:66230 R2:1000 R3:4 R4:160000 R5:4716 R6:7774 R7:1106
[LOG_TRACE] 001106 010001: mov R0, R1
[LOG_TRACE] R0:66160 R1:66160 R2:1000 R3:4 R4:160000 R5:4716 R6:7774 R7:1110
[LOG_TRACE] 001110 162700: sub #50, R0
[LOG_TRACE] R0:66110 R1:66160 R2:1000 R3:4 R4:160000 R5:4716 R6:7774 R7:1114
[LOG_TRACE] 001114 103374: bcc 001106
[LOG_TRACE] R0:66110 R1:66160 R2:1000 R3:4 R4:160000 R5:4716 R6:7774 R7:1106
[LOG_TRACE] 001106 010001: mov R0, R1
[LOG_TRACE] R0:66110 R1:66110 R2:1000 R3:4 R4:160000 R5:4716 R6:7774 R7:1110
[LOG_TRACE] 001110 162700: sub #50, R0
[LOG_TRACE] R0:66040 R1:66110 R2:1000 R3:4 R4:160000 R5:4716 R6:7774 R7:1114
[LOG_TRACE] 001114 103374: bcc 001106
[LOG_TRACE] R0:66040 R1:66110 R2:1000 R3:4 R4:160000 R5:4716 R6:7774 R7:1106
[LOG_TRACE] 001106 010001: mov R0, R1
[LOG_TRACE] R0:66040 R1:66040 R2:1000 R3:4 R4:160000 R5:4716 R6:7774 R7:1110
[LOG_TRACE] 001110 162700: sub #50, R0
[LOG_TRACE] R0:65770 R1:66040 R2:1000 R3:4 R4:160000 R5:4716 R6:7774 R7:1114
[LOG_TRACE] 001114 103374: bcc 001106
[LOG_TRACE] R0:65770 R1:66040 R2:1000 R3:4 R4:160000 R5:4716 R6:7774 R7:1106
[LOG_TRACE] 001106 010001: mov R0, R1
[LOG_TRACE] R0:65770 R1:65770 R2:1000 R3:4 R4:160000 R5:4716 R6:7774 R7:1110
[LOG_TRACE] 001110 162700: sub #50, R0
[LOG_TRACE] R0:65720 R1:65770 R2:1000 R3:4 R4:160000 R5:4716 R6:7774 R7:1114
[LOG_TRACE] 001114 103374: bcc 001106
[LOG_TRACE] R0:65720 R1:65770 R2:1000 R3:4 R4:160000 R5:4716 R6:7774 R7:1106
[LOG_TRACE] 001106 010001: mov R0, R1
[LOG_TRACE] R0:65720 R1:65720 R2:1000 R3:4 R4:160000 R5:4716 R6:7774 R7:1110
[LOG_TRACE] 001110 162700: sub #50, R0
[LOG_TRACE] R0:65650 R1:65720 R2:1000 R3:4 R4:160000 R5:4716 R6:7774 R7:1114
[LOG_TRACE] 001114 103374: bcc 001106
[LOG_TRACE] R0:65650 R1:65720 R2:1000 R3:4 R4:160000 R5:4716 R6:7774 R7:1106
[LOG_TRACE] 001106 010001: mov R0, R1
[LOG_TRACE] R0:65650 R1:65650 R2:1000 R3:4 R4:160000 R5:4716 R6:7774 R7:1110
[LOG_TRACE] 001110 162700: sub #50, R0
[LOG_TRACE] R0:65600 R1:65650 R2:1000 R3:4 R4:160000 R5:4716 R6:7774 R7:1114
[LOG_TRACE] 001114 103374: bcc 001106
[LOG_TRACE] R0:65600 R1:65650 R2:1000 R3:4 R4:160000 R5:4716 R6:7774 R7:1106
[LOG_TRACE] 001106 010001: mov R0, R1
[LOG_TRACE] R0:65600 R1:65600 R2:1000 R3:4 R4:160000 R5:4716 R6:7774 R7:1110
[LOG_TRACE] 001110 162700: sub #50, R0
[LOG_TRACE] R0:65530 R1:65600 R2:1000 R3:4 R4:160000 R5:4716 R6:7774 R7:1114
[LOG_TRACE] 001114 103374: bcc 001106
[LOG_TRACE] R0:65530 R1:65600 R2:1000 R3:4 R4:160000 R5:4716 R6:7774 R7:1106
[LOG_TRACE] 001106 010001: mov R0, R1
[LOG_TRACE] R0:65530 R1:65530 R2:1000 R3:4 R4:160000 R5:4716 R6:7774 R7:1110
[LOG_TRACE] 001110 162700: sub #50, R0
[LOG_TRACE] R0:65460 R1:65530 R2:1000 R3:4 R4:160000 R5:4716 R6:7774 R7:1114
[LOG_TRACE] 001114 103374: bcc 001106
[LOG_TRACE] R0:65460 R1:65530 R2:1000 R3:4 R4:160000 R5:4716 R6:7774 R7:1106
[LOG_TRACE] 001106 010001: mov R0, R1
[LOG_TRACE] R0:65460 R1:65460 R2:1000 R3:4 R4:160000 R5:4716 R6:7774 R7:1110
[LOG_TRACE] 001110 162700: sub #50, R0
[LOG_TRACE] R0:65410 R1:65460 R2:1000 R3:4 R4:160000 R5:4716 R6:7774 R7:1114
[LOG_TRACE] 001114 103374: bcc 001106
[LOG_TRACE] R0:65410 R1:65460 R2:1000 R3:4 R4:160000 R5:4716 R6:7774 R7:1106
[LOG_TRACE] 001106 010001: mov R0, R1
[LOG_TRACE] R0:65410 R1:65410 R2:1000 R3:4 R4:160000 R5:4716 R6:7774 R7:1110
[LOG_TRACE] 001110 162700: sub #50, R0
[LOG_TRACE] R0:65340 R1:65410 R2:1000 R3:4 R4:160000 R5:4716 R6:7774 R7:1114
[LOG_TRACE] 001114 103374: bcc 001106
[LOG_TRACE] R0:65340 R1:65410 R2:1000 R3:4 R4:160000 R5:4716 R6:7774 R7:1106
[LOG_TRACE] 001106 010001: mov R0, R1
[LOG_TRACE] R0:65340 R1:65340 R2:1000 R3:4 R4:160000 R5:4716 R6:7774 R7:1110
[LOG_TRACE] 001110 162700: sub #50, R0
[LOG_TRACE] R0:65270 R1:65340 R2:1000 R3:4 R4:160000 R5:4716 R6:7774 R7:1114
[LOG_TRACE] 001114 103374: bcc 001106
[LOG_TRACE] R0:65270 R1:65340 R2:1000 R3:4 R4:160000 R5:4716 R6:7774 R7:1106
[LOG_TRACE] 001106 010001: mov R0, R1
[LOG_TRACE] R0:65270 R1:65270 R2:1000 R3:4 R4:160000 R5:4716 R6:7774 R7:1110
[LOG_TRACE] 001110 162700: sub #50, R0
[LOG_TRACE] R0:65220 R1:65270 R2:1000 R3:4 R4:160000 R5:4716 R6:7774 R7:1114
[LOG_TRACE] 001114 103374: bcc 001106
[LOG_TRACE] R0:65220 R1:65270 R2:1000 R3:4 R4:160000 R5:4716 R6:7774 R7:1106
[LOG_TRACE] 001106 010001: mov R0, R1
[LOG_TRACE] R0:65220 R1:65220 R2:1000 R3:4 R4:160000 R5:4716 R6:7774 R7:1110
[LOG_TRACE] 001110 162700: sub #50, R0
[LOG_TRACE] R0:65150 R1:65220 R2:1000 R3:4 R4:160000 R5:4716 R6:7774 R7:1114
[LOG_TRACE] 001114 103374: bcc 001106
[LOG_TRACE] R0:65150 R1:65220 R2:1000 R3:4 R4:160000 R5:4716 R6:7774 R7:1106
[LOG_TRACE] 001106 010001: mov R0, R1
[LOG_TRACE] R0:65150 R1:65150 R2:1000 R3:4 R4:160000 R5:4716 R6:7774 R7:1110
[LOG_TRACE] 001110 162700: sub #50, R0
[LOG_TRACE] R0:65100 R1:65150 R2:1000 R3:4 R4:160000 R5:4716 R6:7774 R7:1114
[LOG_TRACE] 001114 103374: bcc 001106
[LOG_TRACE] R0:65100 R1:65150 R2:1000 R3:4 R4:160000 R5:4716 R6:7774 R7:1106
[LOG_TRACE] 001106 010001: mov R0, R1
[LOG_TRACE] R0:65100 R1:65100 R2:1000 R3:4 R4:160000 R5:4716 R6:7774 R7:1110
[LOG_TRACE] 001110 162700: sub #50, R0
[LOG_TRACE] R0:65030 R1:65100 R2:1000 R3:4 R4:160000 R5:4716 R6:7774 R7:1114
[LOG_TRACE] 001114 103374: bcc 001106
[LOG_TRACE] R0:65030 R1:65100 R2:1000 R3:4 R4:160000 R5:4716 R6:7774 R7:1106
[LOG_TRACE] 001106 010001: mov R0, R1
[LOG_TRACE] R0:65030 R1:65030 R2:1000 R3:4 R4:160000 R5:4716 R6:7774 R7:1110
[LOG_TRACE] 001110 162700: sub #50, R0
[LOG_TRACE] R0:64760 R1:65030 R2:1000 R3:4 R4:160000 R5:4716 R6:7774 R7:1114
[LOG_TRACE] 001114 103374: bcc 001106
[LOG_TRACE] R0:64760 R1:65030 R2:1000 R3:4 R4:160000 R5:4716 R6:7774 R7:1106
[LOG_TRACE] 001106 010001: mov R0, R1
[LOG_TRACE] R0:64760 R1:64760 R2:1000 R3:4 R4:160000 R5:4716 R6:7774 R7:1110
[LOG_TRACE] 001110 162700: sub #50, R0
[LOG_TRACE] R0:64710 R1:64760 R2:1000 R3:4 R4:160000 R5:4716 R6:7774 R7:1114
[LOG_TRACE] 001114 103374: bcc 001106
[LOG_TRACE] R0:64710 R1:64760 R2:1000 R3:4 R4:160000 R5:4716 R6:7774 R7:1106
[LOG_TRACE] 001106 010001: mov R0, R1
[LOG_TRACE] R0:64710 R1:64710 R2:1000 R3:4 R4:160000 R5:4716 R6:7774 R7:1110
[LOG_TRACE] 001110 162700: sub #50, R0
[LOG_TRACE] R0:64640 R1:64710 R2:1000 R3:4 R4:160000 R5:4716 R6:7774 R7:1114
[LOG_TRACE] 001114 103374: bcc 001106
[LOG_TRACE] R0:64640 R1:64710 R2:1000 R3:4 R4:160000 R5:4716 R6:7774 R7:1106
[LOG_TRACE] 001106 010001: mov R0, R1
[LOG_TRACE] R0:64640 R1:64640 R2:1000 R3:4 R4:160000 R5:4716 R6:7774 R7:1110
[LOG_TRACE] 001110 162700: sub #50, R0
[LOG_TRACE] R0:64570 R1:64640 R2:1000 R3:4 R4:160000 R5:4716 R6:7774 R7:1114
[LOG_TRACE] 001114 103374: bcc 001106
[LOG_TRACE] R0:64570 R1:64640 R2:1000 R3:4 R4:160000 R5:4716 R6:7774 R7:1106
[LOG_TRACE] 001106 010001: mov R0, R1
[LOG_TRACE] R0:64570 R1:64570 R2:1000 R3:4 R4:160000 R5:4716 R6:7774 R7:1110
[LOG_TRACE] 001110 162700: sub #50, R0
[LOG_TRACE] R0:64520 R1:64570 R2:1000 R3:4 R4:160000 R5:4716 R6:7774 R7:1114
[LOG_TRACE] 001114 103374: bcc 001106
[LOG_TRACE] R0:64520 R1:64570 R2:1000 R3:4 R4:160000 R5:4716 R6:7774 R7:1106
[LOG_TRACE] 001106 010001: mov R0, R1
[LOG_TRACE] R0:64520 R1:64520 R2:1000 R3:4 R4:160000 R5:4716 R6:7774 R7:1110
[LOG_TRACE] 001110 162700: sub #50, R0
[LOG_TRACE] R0:64450 R1:64520 R2:1000 R3:4 R4:160000 R5:4716 R6:7774 R7:1114
[LOG_TRACE] 001114 103374: bcc 001106
[LOG_TRACE] R0:64450 R1:64520 R2:1000 R3:4 R4:160000 R5:4716 R6:7774 R7:1106
[LOG_TRACE] 001106 010001: mov R0, R1
[LOG_TRACE] R0:64450 R1:64450 R2:1000 R3:4 R4:160000 R5:4716 R6:7774 R7:1110
[LOG_TRACE] 001110 162700: sub #50, R0
[LOG_TRACE] R0:64400 R1:64450 R2:1000 R3:4 R4:160000 R5:4716 R6:7774 R7:1114
[LOG_TRACE] 001114 103374: bcc 001106
[LOG_TRACE] R0:64400 R1:64450 R2:1000 R3:4 R4:160000 R5:4716 R6:7774 R7:1106
[LOG_TRACE] 001106 010001: mov R0, R1
[LOG_TRACE] R0:64400 R1:64400 R2:1000 R3:4 R4:160000 R5:4716 R6:7774 R7:1110
[LOG_TRACE] 001110 162700: sub #50, R0
[LOG_TRACE] R0:64330 R1:64400 R2:1000 R3:4 R4:160000 R5:4716 R6:7774 R7:1114
[LOG_TRACE] 001114 103374: bcc 001106
[LOG_TRACE] R0:64330 R1:64400 R2:1000 R3:4 R4:160000 R5:4716 R6:7774 R7:1106
[LOG_TRACE] 001106 010001: mov R0, R1
[LOG_TRACE] R0:64330 R1:64330 R2:1000 R3:4 R4:160000 R5:4716 R6:7774 R7:1110
[LOG_TRACE] 001110 162700: sub #50, R0
[LOG_TRACE] R0:64260 R1:64330 R2:1000 R3:4 R4:160000 R5:4716 R6:7774 R7:1114
[LOG_TRACE] 001114 103374: bcc 001106
[LOG_TRACE] R0:64260 R1:64330 R2:1000 R3:4 R4:160000 R5:4716 R6:7774 R7:1106
[LOG_TRACE] 001106 010001: mov R0, R1
[LOG_TRACE] R0:64260 R1:64260 R2:1000 R3:4 R4:160000 R5:4716 R6:7774 R7:1110
[LOG_TRACE] 001110 162700: sub #50, R0
[LOG_TRACE] R0:64210 R1:64260 R2:1000 R3:4 R4:160000 R5:4716 R6:7774 R7:1114
[LOG_TRACE] 001114 103374: bcc 001106
[LOG_TRACE] R0:64210 R1:64260 R2:1000 R3:4 R4:160000 R5:4716 R6:7774 R7:1106
[LOG_TRACE] 001106 010001: mov R0, R1
[LOG_TRACE] R0:64210 R1:64210 R2:1000 R3:4 R4:160000 R5:4716 R6:7774 R7:1110
[LOG_TRACE] 001110 162700: sub #50, R0
[LOG_TRACE] R0:64140 R1:64210 R2:1000 R3:4 R4:160000 R5:4716 R6:7774 R7:1114
[LOG_TRACE] 001114 103374: bcc 001106
[LOG_TRACE] R0:64140 R1:64210 R2:1000 R3:4 R4:160000 R5:4716 R6:7774 R7:1106
[LOG_TRACE] 001106 010001: mov R0, R1
[LOG_TRACE] R0:64140 R1:64140 R2:1000 R3:4 R4:160000 R5:4716 R6:7774 R7:1110
[LOG_TRACE] 001110 162700: sub #50, R0
[LOG_TRACE] R0:64070 R1:64140 R2:1000 R3:4 R4:160000 R5:4716 R6:7774 R7:1114
[LOG_TRACE] 001114 103374: bcc 001106
[LOG_TRACE] R0:64070 R1:64140 R2:1000 R3:4 R4:160000 R5:4716 R6:7774 R7:1106
[LOG_TRACE] 001106 010001: mov R0, R1
[LOG_TRACE] R0:64070 R1:64070 R2:1000 R3:4 R4:160000 R5:4716 R6:7774 R7:1110
[LOG_TRACE] 001110 162700: sub #50, R0
[LOG_TRACE] R0:64020 R1:64070 R2:1000 R3:4 R4:160000 R5:4716 R6:7774 R7:1114
[LOG_TRACE] 001114 103374: bcc 001106
[LOG_TRACE] R0:64020 R1:64070 R2:1000 R3:4 R4:160000 R5:4716 R6:7774 R7:1106
[LOG_TRACE] 001106 010001: mov R0, R1
[LOG_TRACE] R0:64020 R1:64020 R2:1000 R3:4 R4:160000 R5:4716 R6:7774 R7:1110
[LOG_TRACE] 001110 162700: sub #50, R0
[LOG_TRACE] R0:63750 R1:64020 R2:1000 R3:4 R4:160000 R5:4716 R6:7774 R7:1114
[LOG_TRACE] 001114 103374: bcc 001106
[LOG_TRACE] R0:63750 R1:64020 R2:1000 R3:4 R4:160000 R5:4716 R6:7774 R7:1106
[LOG_TRACE] 001106 010001: mov R0, R1
[LOG_TRACE] R0:63750 R1:63750 R2:1000 R3:4 R4:160000 R5:4716 R6:7774 R7:1110
[LOG_TRACE] 001110 162700: sub #50, R0
[LOG_TRACE] R0:63700 R1:63750 R2:1000 R3:4 R4:160000 R5:4716 R6:7774 R7:1114
[LOG_TRACE] 001114 103374: bcc 001106
[LOG_TRACE] R0:63700 R1:63750 R2:1000 R3:4 R4:160000 R5:4716 R6:7774 R7:1106
[LOG_TRACE] 001106 010001: mov R0, R1
[LOG_TRACE] R0:63700 R1:63700 R2:1000 R3:4 R4:160000 R5:4716 R6:7774 R7:1110
[LOG_TRACE] 001110 162700: sub #50, R0
[LOG_TRACE] R0:63630 R1:63700 R2:1000 R3:4 R4:160000 R5:4716 R6:7774 R7:1114
[LOG_TRACE] 001114 103374: bcc 001106
[LOG_TRACE] R0:63630 R1:63700 R2:1000 R3:4 R4:160000 R5:4716 R6:7774 R7:1106
[LOG_TRACE] 001106 010001: mov R0, R1
[LOG_TRACE] R0:63630 R1:63630 R2:1000 R3:4 R4:160000 R5:4716 R6:7774 R7:1110
[LOG_TRACE] 001110 162700: sub #50, R0
[LOG_TRACE] R0:63560 R1:63630 R2:1000 R3:4 R4:160000 R5:4716 R6:7774 R7:1114
[LOG_TRACE] 001114 103374: bcc 001106
[LOG_TRACE] R0:63560 R1:63630 R2:1000 R3:4 R4:160000 R5:4716 R6:7774 R7:1106
[LOG_TRACE] 001106 010001: mov R0, R1
[LOG_TRACE] R0:63560 R1:63560 R2:1000 R3:4 R4:160000 R5:4716 R6:7774 R7:1110
[LOG_TRACE] 001110 162700: sub #50, R0
[LOG_TRACE] R0:63510 R1:63560 R2:1000 R3:4 R4:160000 R5:4716 R6:7774 R7:1114
[LOG_TRACE] 001114 103374: bcc 001106
[LOG_TRACE] R0:63510 R1:63560 R2:1000 R3:4 R4:160000 R5:4716 R6:7774 R7:1106
[LOG_TRACE] 001106 010001: mov R0, R1
[LOG_TRACE] R0:63510 R1:63510 R2:1000 R3:4 R4:160000 R5:4716 R6:7774 R7:1110
[LOG_TRACE] 001110 162700: sub #50, R0
[LOG_TRACE] R0:63440 R1:63510 R2:1000 R3:4 R4:160000 R5:4716 R6:7774 R7:1114
[LOG_TRACE] 001114 103374: bcc 001106
[LOG_TRACE] R0:63440 R1:63510 R2:1000 R3:4 R4:160000 R5:4716 R6:7774 R7:1106
[LOG_TRACE] 001106 010001: mov R0, R1
[LOG_TRACE] R0:63440 R1:63440 R2:1000 R3:4 R4:160000 R5:4716 R6:7774 R7:1110
[LOG_TRACE] 001110 162700: sub #50, R0
[LOG_TRACE] R0:63370 R1:63440 R2:1000 R3:4 R4:160000 R5:4716 R6:7774 R7:1114
[LOG_TRACE] 001114 103374: bcc 001106
[LOG_TRACE] R0:63370 R1:63440 R2:1000 R3:4 R4:160000 R5:4716 R6:7774 R7:1106
[LOG_TRACE] 001106 010001: mov R0, R1
[LOG_TRACE] R0:63370 R1:63370 R2:1000 R3:4 R4:160000 R5:4716 R6:7774 R7:1110
[LOG_TRACE] 001110 162700: sub #50, R0
[LOG_TRACE] R0:63320 R1:63370 R2:1000 R3:4 R4:160000 R5:4716 R6:7774 R7:1114
[LOG_TRACE] 001114 103374: bcc 001106
[LOG_TRACE] R0:63320 R1:63370 R2:1000 R3:4 R4:160000 R5:4716 R6:7774 R7:1106
[LOG_TRACE] 001106 010001: mov R0, R1
[LOG_TRACE] R0:63320 R1:63320 R2:1000 R3:4 R4:160000 R5:4716 R6:7774 R7:1110
[LOG_TRACE] 001110 162700: sub #50, R0
[LOG_TRACE] R0:63250 R1:63320 R2:1000 R3:4 R4:160000 R5:4716 R6:7774 R7:1114
[LOG_TRACE] 001114 103374: bcc 001106
[LOG_TRACE] R0:63250 R1:63320 R2:1000 R3:4 R4:160000 R5:4716 R6:7774 R7:1106
[LOG_TRACE] 001106 010001: mov R0, R1
[LOG_TRACE] R0:63250 R1:63250 R2:1000 R3:4 R4:160000 R5:4716 R6:7774 R7:1110
[LOG_TRACE] 001110 162700: sub #50, R0
[LOG_TRACE] R0:63200 R1:63250 R2:1000 R3:4 R4:160000 R5:4716 R6:7774 R7:1114
[LOG_TRACE] 001114 103374: bcc 001106
[LOG_TRACE] R0:63200 R1:63250 R2:1000 R3:4 R4:160000 R5:4716 R6:7774 R7:1106
[LOG_TRACE] 001106 010001: mov R0, R1
[LOG_TRACE] R0:63200 R1:63200 R2:1000 R3:4 R4:160000 R5:4716 R6:7774 R7:1110
[LOG_TRACE] 001110 162700: sub #50, R0
[LOG_TRACE] R0:63130 R1:63200 R2:1000 R3:4 R4:160000 R5:4716 R6:7774 R7:1114
[LOG_TRACE] 001114 103374: bcc 001106
[LOG_TRACE] R0:63130 R1:63200 R2:1000 R3:4 R4:160000 R5:4716 R6:7774 R7:1106
[LOG_TRACE] 001106 010001: mov R0, R1
[LOG_TRACE] R0:63130 R1:63130 R2:1000 R3:4 R4:160000 R5:4716 R6:7774 R7:1110
[LOG_TRACE] 001110 162700: sub #50, R0
[LOG_TRACE] R0:63060 R1:63130 R2:1000 R3:4 R4:160000 R5:4716 R6:7774 R7:1114
[LOG_TRACE] 001114 103374: bcc 001106
[LOG_TRACE] R0:63060 R1:63130 R2:1000 R3:4 R4:160000 R5:4716 R6:7774 R7:1106
[LOG_TRACE] 001106 010001: mov R0, R1
[LOG_TRACE] R0:63060 R1:63060 R2:1000 R3:4 R4:160000 R5:4716 R6:7774 R7:1110
[LOG_TRACE] 001110 162700: sub #50, R0
[LOG_TRACE] R0:63010 R1:63060 R2:1000 R3:4 R4:160000 R5:4716 R6:7774 R7:1114
[LOG_TRACE] 001114 103374: bcc 001106
[LOG_TRACE] R0:63010 R1:63060 R2:1000 R3:4 R4:160000 R5:4716 R6:7774 R7:1106
[LOG_TRACE] 001106 010001: mov R0, R1
[LOG_TRACE] R0:63010 R1:63010 R2:1000 R3:4 R4:160000 R5:4716 R6:7774 R7:1110
[LOG_TRACE] 001110 162700: sub #50, R0
[LOG_TRACE] R0:62740 R1:63010 R2:1000 R3:4 R4:160000 R5:4716 R6:7774 R7:1114
[LOG_TRACE] 001114 103374: bcc 001106
[LOG_TRACE] R0:62740 R1:63010 R2:1000 R3:4 R4:160000 R5:4716 R6:7774 R7:1106
[LOG_TRACE] 001106 010001: mov R0, R1
[LOG_TRACE] R0:62740 R1:62740 R2:1000 R3:4 R4:160000 R5:4716 R6:7774 R7:1110
[LOG_TRACE] 001110 162700: sub #50, R0
[LOG_TRACE] R0:62670 R1:62740 R2:1000 R3:4 R4:160000 R5:4716 R6:7774 R7:1114
[LOG_TRACE] 001114 103374: bcc 001106
[LOG_TRACE] R0:62670 R1:62740 R2:1000 R3:4 R4:160000 R5:4716 R6:7774 R7:1106
[LOG_TRACE] 001106 010001: mov R0, R1
[LOG_TRACE] R0:62670 R1:62670 R2:1000 R3:4 R4:160000 R5:4716 R6:7774 R7:1110
[LOG_TRACE] 001110 162700: sub #50, R0
[LOG_TRACE] R0:62620 R1:62670 R2:1000 R3:4 R4:160000 R5:4716 R6:7774 R7:1114
[LOG_TRACE] 001114 103374: bcc 001106
[LOG_TRACE] R0:62620 R1:62670 R2:1000 R3:4 R4:160000 R5:4716 R6:7774 R7:1106
[LOG_TRACE] 001106 010001: mov R0, R1
[LOG_TRACE] R0:62620 R1:62620 R2:1000 R3:4 R4:160000 R5:4716 R6:7774 R7:1110
[LOG_TRACE] 001110 162700: sub #50, R0
[LOG_TRACE] R0:62550 R1:62620 R2:1000 R3:4 R4:160000 R5:4716 R6:7774 R7:1114
[LOG_TRACE] 001114 103374: bcc 001106
[LOG_TRACE] R0:62550 R1:62620 R2:1000 R3:4 R4:160000 R5:4716 R6:7774 R7:1106
[LOG_TRACE] 001106 010001: mov R0, R1
[LOG_TRACE] R0:62550 R1:62550 R2:1000 R3:4 R4:160000 R5:4716 R6:7774 R7:1110
[LOG_TRACE] 001110 162700: sub #50, R0
[LOG_TRACE] R0:62500 R1:62550 R2:1000 R3:4 R4:160000 R5:4716 R6:7774 R7:1114
[LOG_TRACE] 001114 103374: bcc 001106
[LOG_TRACE] R0:62500 R1:62550 R2:1000 R3:4 R4:160000 R5:4716 R6:7774 R7:1106
[LOG_TRACE] 001106 010001: mov R0, R1
[LOG_TRACE] R0:62500 R1:62500 R2:1000 R3:4 R4:160000 R5:4716 R6:7774 R7:1110
[LOG_TRACE] 001110 162700: sub #50, R0
[LOG_TRACE] R0:62430 R1:62500 R2:1000 R3:4 R4:160000 R5:4716 R6:7774 R7:1114
[LOG_TRACE] 001114 103374: bcc 001106
[LOG_TRACE] R0:62430 R1:62500 R2:1000 R3:4 R4:160000 R5:4716 R6:7774 R7:1106
[LOG_TRACE] 001106 010001: mov R0, R1
[LOG_TRACE] R0:62430 R1:62430 R2:1000 R3:4 R4:160000 R5:4716 R6:7774 R7:1110
[LOG_TRACE] 001110 162700: sub #50, R0
[LOG_TRACE] R0:62360 R1:62430 R2:1000 R3:4 R4:160000 R5:4716 R6:7774 R7:1114
[LOG_TRACE] 001114 103374: bcc 001106
[LOG_TRACE] R0:62360 R1:62430 R2:1000 R3:4 R4:160000 R5:4716 R6:7774 R7:1106
[LOG_TRACE] 001106 010001: mov R0, R1
[LOG_TRACE] R0:62360 R1:62360 R2:1000 R3:4 R4:160000 R5:4716 R6:7774 R7:1110
[LOG_TRACE] 001110 162700: sub #50, R0
[LOG_TRACE] R0:62310 R1:62360 R2:1000 R3:4 R4:160000 R5:4716 R6:7774 R7:1114
[LOG_TRACE] 001114 103374: bcc 001106
[LOG_TRACE] R0:62310 R1:62360 R2:1000 R3:4 R4:160000 R5:4716 R6:7774 R7:1106
[LOG_TRACE] 001106 010001: mov R0, R1
[LOG_TRACE] R0:62310 R1:62310 R2:1000 R3:4 R4:160000 R5:4716 R6:7774 R7:1110
[LOG_TRACE] 001110 162700: sub #50, R0
[LOG_TRACE] R0:62240 R1:62310 R2:1000 R3:4 R4:160000 R5:4716 R6:7774 R7:1114
[LOG_TRACE] 001114 103374: bcc 001106
[LOG_TRACE] R0:62240 R1:62310 R2:1000 R3:4 R4:160000 R5:4716 R6:7774 R7:1106
[LOG_TRACE] 001106 010001: mov R0, R1
[LOG_TRACE] R0:62240 R1:62240 R2:1000 R3:4 R4:160000 R5:4716 R6:7774 R7:1110
[LOG_TRACE] 001110 162700: sub #50, R0
[LOG_TRACE] R0:62170 R1:62240 R2:1000 R3:4 R4:160000 R5:4716 R6:7774 R7:1114
[LOG_TRACE] 001114 103374: bcc 001106
[LOG_TRACE] R0:62170 R1:62240 R2:1000 R3:4 R4:160000 R5:4716 R6:7774 R7:1106
[LOG_TRACE] 001106 010001: mov R0, R1
[LOG_TRACE] R0:62170 R1:62170 R2:1000 R3:4 R4:160000 R5:4716 R6:7774 R7:1110
[LOG_TRACE] 001110 162700: sub #50, R0
[LOG_TRACE] R0:62120 R1:62170 R2:1000 R3:4 R4:160000 R5:4716 R6:7774 R7:1114
[LOG_TRACE] 001114 103374: bcc 001106
[LOG_TRACE] R0:62120 R1:62170 R2:1000 R3:4 R4:160000 R5:4716 R6:7774 R7:1106
[LOG_TRACE] 001106 010001: mov R0, R1
[LOG_TRACE] R0:62120 R1:62120 R2:1000 R3:4 R4:160000 R5:4716 R6:7774 R7:1110
[LOG_TRACE] 001110 162700: sub #50, R0
[LOG_TRACE] R0:62050 R1:62120 R2:1000 R3:4 R4:160000 R5:4716 R6:7774 R7:1114
[LOG_TRACE] 001114 103374: bcc 001106
[LOG_TRACE] R0:62050 R1:62120 R2:1000 R3:4 R4:160000 R5:4716 R6:7774 R7:1106
[LOG_TRACE] 001106 010001: mov R0, R1
[LOG_TRACE] R0:62050 R1:62050 R2:1000 R3:4 R4:160000 R5:4716 R6:7774 R7:1110
[LOG_TRACE] 001110 162700: sub #50, R0
[LOG_TRACE] R0:62000 R1:62050 R2:1000 R3:4 R4:160000 R5:4716 R6:7774 R7:1114
[LOG_TRACE] 001114 103374: bcc 001106
[LOG_TRACE] R0:62000 R1:62050 R2:1000 R3:4 R4:160000 R5:4716 R6:7774 R7:1106
[LOG_TRACE] 001106 010001: mov R0, R1
[LOG_TRACE] R0:62000 R1:62000 R2:1000 R3:4 R4:160000 R5:4716 R6:7774 R7:1110
[LOG_TRACE] 001110 162700: sub #50, R0
[LOG_TRACE] R0:61730 R1:62000 R2:1000 R3:4 R4:160000 R5:4716 R6:7774 R7:1114
[LOG_TRACE] 001114 103374: bcc 001106
[LOG_TRACE] R0:61730 R1:62000 R2:1000 R3:4 R4:160000 R5:4716 R6:7774 R7:1106
[LOG_TRACE] 001106 010001: mov R0, R1
[LOG_TRACE] R0:61730 R1:61730 R2:1000 R3:4 R4:160000 R5:4716 R6:7774 R7:1110
[LOG_TRACE] 001110 162700: sub #50, R0
[LOG_TRACE] R0:61660 R1:61730 R2:1000 R3:4 R4:160000 R5:4716 R6:7774 R7:1114
[LOG_TRACE] 001114 103374: bcc 001106
[LOG_TRACE] R0:61660 R1:61730 R2:1000 R3:4 R4:160000 R5:4716 R6:7774 R7:1106
[LOG_TRACE] 001106 010001: mov R0, R1
[LOG_TRACE] R0:61660 R1:61660 R2:1000 R3:4 R4:160000 R5:4716 R6:7774 R7:1110
[LOG_TRACE] 001110 162700: sub #50, R0
[LOG_TRACE] R0:61610 R1:61660 R2:1000 R3:4 R4:160000 R5:4716 R6:7774 R7:1114
[LOG_TRACE] 001114 103374: bcc 001106
[LOG_TRACE] R0:61610 R1:61660 R2:1000 R3:4 R4:160000 R5:4716 R6:7774 R7:1106
[LOG_TRACE] 001106 010001: mov R0, R1
[LOG_TRACE] R0:61610 R1:61610 R2:1000 R3:4 R4:160000 R5:4716 R6:7774 R7:1110
[LOG_TRACE] 001110 162700: sub #50, R0
[LOG_TRACE] R0:61540 R1:61610 R2:1000 R3:4 R4:160000 R5:4716 R6:7774 R7:1114
[LOG_TRACE] 001114 103374: bcc 001106
[LOG_TRACE] R0:61540 R1:61610 R2:1000 R3:4 R4:160000 R5:4716 R6:7774 R7:1106
[LOG_TRACE] 001106 010001: mov R0, R1
[LOG_TRACE] R0:61540 R1:61540 R2:1000 R3:4 R4:160000 R5:4716 R6:7774 R7:1110
[LOG_TRACE] 001110 162700: sub #50, R0
[LOG_TRACE] R0:61470 R1:61540 R2:1000 R3:4 R4:160000 R5:4716 R6:7774 R7:1114
[LOG_TRACE] 001114 103374: bcc 001106
[LOG_TRACE] R0:61470 R1:61540 R2:1000 R3:4 R4:160000 R5:4716 R6:7774 R7:1106
[LOG_TRACE] 001106 010001: mov R0, R1
[LOG_TRACE] R0:61470 R1:61470 R2:1000 R3:4 R4:160000 R5:4716 R6:7774 R7:1110
[LOG_TRACE] 001110 162700: sub #50, R0
[LOG_TRACE] R0:61420 R1:61470 R2:1000 R3:4 R4:160000 R5:4716 R6:7774 R7:1114
[LOG_TRACE] 001114 103374: bcc 001106
[LOG_TRACE] R0:61420 R1:61470 R2:1000 R3:4 R4:160000 R5:4716 R6:7774 R7:1106
[LOG_TRACE] 001106 010001: mov R0, R1
[LOG_TRACE] R0:61420 R1:61420 R2:1000 R3:4 R4:160000 R5:4716 R6:7774 R7:1110
[LOG_TRACE] 001110 162700: sub #50, R0
[LOG_TRACE] R0:61350 R1:61420 R2:1000 R3:4 R4:160000 R5:4716 R6:7774 R7:1114
[LOG_TRACE] 001114 103374: bcc 001106
[LOG_TRACE] R0:61350 R1:61420 R2:1000 R3:4 R4:160000 R5:4716 R6:7774 R7:1106
[LOG_TRACE] 001106 010001: mov R0, R1
[LOG_TRACE] R0:61350 R1:61350 R2:1000 R3:4 R4:160000 R5:4716 R6:7774 R7:1110
[LOG_TRACE] 001110 162700: sub #50, R0
[LOG_TRACE] R0:61300 R1:61350 R2:1000 R3:4 R4:160000 R5:4716 R6:7774 R7:1114
[LOG_TRACE] 001114 103374: bcc 001106
[LOG_TRACE] R0:61300 R1:61350 R2:1000 R3:4 R4:160000 R5:4716 R6:7774 R7:1106
[LOG_TRACE] 001106 010001: mov R0, R1
[LOG_TRACE] R0:61300 R1:61300 R2:1000 R3:4 R4:160000 R5:4716 R6:7774 R7:1110
[LOG_TRACE] 001110 162700: sub #50, R0
[LOG_TRACE] R0:61230 R1:61300 R2:1000 R3:4 R4:160000 R5:4716 R6:7774 R7:1114
[LOG_TRACE] 001114 103374: bcc 001106
[LOG_TRACE] R0:61230 R1:61300 R2:1000 R3:4 R4:160000 R5:4716 R6:7774 R7:1106
[LOG_TRACE] 001106 010001: mov R0, R1
[LOG_TRACE] R0:61230 R1:61230 R2:1000 R3:4 R4:160000 R5:4716 R6:7774 R7:1110
[LOG_TRACE] 001110 162700: sub #50, R0
[LOG_TRACE] R0:61160 R1:61230 R2:1000 R3:4 R4:160000 R5:4716 R6:7774 R7:1114
[LOG_TRACE] 001114 103374: bcc 001106
[LOG_TRACE] R0:61160 R1:61230 R2:1000 R3:4 R4:160000 R5:4716 R6:7774 R7:1106
[LOG_TRACE] 001106 010001: mov R0, R1
[LOG_TRACE] R0:61160 R1:61160 R2:1000 R3:4 R4:160000 R5:4716 R6:7774 R7:1110
[LOG_TRACE] 001110 162700: sub #50, R0
[LOG_TRACE] R0:61110 R1:61160 R2:1000 R3:4 R4:160000 R5:4716 R6:7774 R7:1114
[LOG_TRACE] 001114 103374: bcc 001106
[LOG_TRACE] R0:61110 R1:61160 R2:1000 R3:4 R4:160000 R5:4716 R6:7774 R7:1106
[LOG_TRACE] 001106 010001: mov R0, R1
[LOG_TRACE] R0:61110 R1:61110 R2:1000 R3:4 R4:160000 R5:4716 R6:7774 R7:1110
[LOG_TRACE] 001110 162700: sub #50, R0
[LOG_TRACE] R0:61040 R1:61110 R2:1000 R3:4 R4:160000 R5:4716 R6:7774 R7:1114
[LOG_TRACE] 001114 103374: bcc 001106
[LOG_TRACE] R0:61040 R1:61110 R2:1000 R3:4 R4:160000 R5:4716 R6:7774 R7:1106
[LOG_TRACE] 001106 010001: mov R0, R1
[LOG_TRACE] R0:61040 R1:61040 R2:1000 R3:4 R4:160000 R5:4716 R6:7774 R7:1110
[LOG_TRACE] 001110 162700: sub #50, R0
[LOG_TRACE] R0:60770 R1:61040 R2:1000 R3:4 R4:160000 R5:4716 R6:7774 R7:1114
[LOG_TRACE] 001114 103374: bcc 001106
[LOG_TRACE] R0:60770 R1:61040 R2:1000 R3:4 R4:160000 R5:4716 R6:7774 R7:1106
[LOG_TRACE] 001106 010001: mov R0, R1
[LOG_TRACE] R0:60770 R1:60770 R2:1000 R3:4 R4:160000 R5:4716 R6:7774 R7:1110
[LOG_TRACE] 001110 162700: sub #50, R0
[LOG_TRACE] R0:60720 R1:60770 R2:1000 R3:4 R4:160000 R5:4716 R6:7774 R7:1114
[LOG_TRACE] 001114 103374: bcc 001106
[LOG_TRACE] R0:60720 R1:60770 R2:1000 R3:4 R4:160000 R5:4716 R6:7774 R7:1106
[LOG_TRACE] 001106 010001: mov R0, R1
[LOG_TRACE] R0:60720 R1:60720 R2:1000 R3:4 R4:160000 R5:4716 R6:7774 R7:1110
[LOG_TRACE] 001110 162700: sub #50, R0
[LOG_TRACE] R0:60650 R1:60720 R2:1000 R3:4 R4:160000 R5:4716 R6:7774 R7:1114
[LOG_TRACE] 001114 103374: bcc 001106
[LOG_TRACE] R0:60650 R1:60720 R2:1000 R3:4 R4:160000 R5:4716 R6:7774 R7:1106
[LOG_TRACE] 001106 010001: mov R0, R1
[LOG_TRACE] R0:60650 R1:60650 R2:1000 R3:4 R4:160000 R5:4716 R6:7774 R7:1110
[LOG_TRACE] 001110 162700: sub #50, R0
[LOG_TRACE] R0:60600 R1:60650 R2:1000 R3:4 R4:160000 R5:4716 R6:7774 R7:1114
[LOG_TRACE] 001114 103374: bcc 001106
[LOG_TRACE] R0:60600 R1:60650 R2:1000 R3:4 R4:160000 R5:4716 R6:7774 R7:1106
[LOG_TRACE] 001106 010001: mov R0, R1
[LOG_TRACE] R0:60600 R1:60600 R2:1000 R3:4 R4:160000 R5:4716 R6:7774 R7:1110
[LOG_TRACE] 001110 162700: sub #50, R0
[LOG_TRACE] R0:60530 R1:60600 R2:1000 R3:4 R4:160000 R5:4716 R6:7774 R7:1114
[LOG_TRACE] 001114 103374: bcc 001106
[LOG_TRACE] R0:60530 R1:60600 R2:1000 R3:4 R4:160000 R5:4716 R6:7774 R7:1106
[LOG_TRACE] 001106 010001: mov R0, R1
[LOG_TRACE] R0:60530 R1:60530 R2:1000 R3:4 R4:160000 R5:4716 R6:7774 R7:1110
[LOG_TRACE] 001110 162700: sub #50, R0
[LOG_TRACE] R0:60460 R1:60530 R2:1000 R3:4 R4:160000 R5:4716 R6:7774 R7:1114
[LOG_TRACE] 001114 103374: bcc 001106
[LOG_TRACE] R0:60460 R1:60530 R2:1000 R3:4 R4:160000 R5:4716 R6:7774 R7:1106
[LOG_TRACE] 001106 010001: mov R0, R1
[LOG_TRACE] R0:60460 R1:60460 R2:1000 R3:4 R4:160000 R5:4716 R6:7774 R7:1110
[LOG_TRACE] 001110 162700: sub #50, R0
[LOG_TRACE] R0:60410 R1:60460 R2:1000 R3:4 R4:160000 R5:4716 R6:7774 R7:1114
[LOG_TRACE] 001114 103374: bcc 001106
[LOG_TRACE] R0:60410 R1:60460 R2:1000 R3:4 R4:160000 R5:4716 R6:7774 R7:1106
[LOG_TRACE] 001106 010001: mov R0, R1
[LOG_TRACE] R0:60410 R1:60410 R2:1000 R3:4 R4:160000 R5:4716 R6:7774 R7:1110
[LOG_TRACE] 001110 162700: sub #50, R0
[LOG_TRACE] R0:60340 R1:60410 R2:1000 R3:4 R4:160000 R5:4716 R6:7774 R7:1114
[LOG_TRACE] 001114 103374: bcc 001106
[LOG_TRACE] R0:60340 R1:60410 R2:1000 R3:4 R4:160000 R5:4716 R6:7774 R7:1106
[LOG_TRACE] 001106 010001: mov R0, R1
[LOG_TRACE] R0:60340 R1:60340 R2:1000 R3:4 R4:160000 R5:4716 R6:7774 R7:1110
[LOG_TRACE] 001110 162700: sub #50, R0
[LOG_TRACE] R0:60270 R1:60340 R2:1000 R3:4 R4:160000 R5:4716 R6:7774 R7:1114
[LOG_TRACE] 001114 103374: bcc 001106
[LOG_TRACE] R0:60270 R1:60340 R2:1000 R3:4 R4:160000 R5:4716 R6:7774 R7:1106
[LOG_TRACE] 001106 010001: mov R0, R1
[LOG_TRACE] R0:60270 R1:60270 R2:1000 R3:4 R4:160000 R5:4716 R6:7774 R7:1110
[LOG_TRACE] 001110 162700: sub #50, R0
[LOG_TRACE] R0:60220 R1:60270 R2:1000 R3:4 R4:160000 R5:4716 R6:7774 R7:1114
[LOG_TRACE] 001114 103374: bcc 001106
[LOG_TRACE] R0:60220 R1:60270 R2:1000 R3:4 R4:160000 R5:4716 R6:7774 R7:1106
[LOG_TRACE] 001106 010001: mov R0, R1
[LOG_TRACE] R0:60220 R1:60220 R2:1000 R3:4 R4:160000 R5:4716 R6:7774 R7:1110
[LOG_TRACE] 001110 162700: sub #50, R0
[LOG_TRACE] R0:60150 R1:60220 R2:1000 R3:4 R4:160000 R5:4716 R6:7774 R7:1114
[LOG_TRACE] 001114 103374: bcc 001106
[LOG_TRACE] R0:60150 R1:60220 R2:1000 R3:4 R4:160000 R5:4716 R6:7774 R7:1106
[LOG_TRACE] 001106 010001: mov R0, R1
[LOG_TRACE] R0:60150 R1:60150 R2:1000 R3:4 R4:160000 R5:4716 R6:7774 R7:1110
[LOG_TRACE] 001110 162700: sub #50, R0
[LOG_TRACE] R0:60100 R1:60150 R2:1000 R3:4 R4:160000 R5:4716 R6:7774 R7:1114
[LOG_TRACE] 001114 103374: bcc 001106
[LOG_TRACE] R0:60100 R1:60150 R2:1000 R3:4 R4:160000 R5:4716 R6:7774 R7:1106
[LOG_TRACE] 001106 010001: mov R0, R1
[LOG_TRACE] R0:60100 R1:60100 R2:1000 R3:4 R4:160000 R5:4716 R6:7774 R7:1110
[LOG_TRACE] 001110 162700: sub #50, R0
[LOG_TRACE] R0:60030 R1:60100 R2:1000 R3:4 R4:160000 R5:4716 R6:7774 R7:1114
[LOG_TRACE] 001114 103374: bcc 001106
[LOG_TRACE] R0:60030 R1:60100 R2:1000 R3:4 R4:160000 R5:4716 R6:7774 R7:1106
[LOG_TRACE] 001106 010001: mov R0, R1
[LOG_TRACE] R0:60030 R1:60030 R2:1000 R3:4 R4:160000 R5:4716 R6:7774 R7:1110
[LOG_TRACE] 001110 162700: sub #50, R0
[LOG_TRACE] R0:57760 R1:60030 R2:1000 R3:4 R4:160000 R5:4716 R6:7774 R7:1114
[LOG_TRACE] 001114 103374: bcc 001106
[LOG_TRACE] R0:57760 R1:60030 R2:1000 R3:4 R4:160000 R5:4716 R6:7774 R7:1106
[LOG_TRACE] 001106 010001: mov R0, R1
[LOG_TRACE] R0:57760 R1:57760 R2:1000 R3:4 R4:160000 R5:4716 R6:7774 R7:1110
[LOG_TRACE] 001110 162700: sub #50, R0
[LOG_TRACE] R0:57710 R1:57760 R2:1000 R3:4 R4:160000 R5:4716 R6:7774 R7:1114
[LOG_TRACE] 001114 103374: bcc 001106
[LOG_TRACE] R0:57710 R1:57760 R2:1000 R3:4 R4:160000 R5:4716 R6:7774 R7:1106
[LOG_TRACE] 001106 010001: mov R0, R1
[LOG_TRACE] R0:57710 R1:57710 R2:1000 R3:4 R4:160000 R5:4716 R6:7774 R7:1110
[LOG_TRACE] 001110 162700: sub #50, R0
[LOG_TRACE] R0:57640 R1:57710 R2:1000 R3:4 R4:160000 R5:4716 R6:7774 R7:1114
[LOG_TRACE] 001114 103374: bcc 001106
[LOG_TRACE] R0:57640 R1:57710 R2:1000 R3:4 R4:160000 R5:4716 R6:7774 R7:1106
[LOG_TRACE] 001106 010001: mov R0, R1
[LOG_TRACE] R0:57640 R1:57640 R2:1000 R3:4 R4:160000 R5:4716 R6:7774 R7:1110
[LOG_TRACE] 001110 162700: sub #50, R0
[LOG_TRACE] R0:57570 R1:57640 R2:1000 R3:4 R4:160000 R5:4716 R6:7774 R7:1114
[LOG_TRACE] 001114 103374: bcc 001106
[LOG_TRACE] R0:57570 R1:57640 R2:1000 R3:4 R4:160000 R5:4716 R6:7774 R7:1106
[LOG_TRACE] 001106 010001: mov R0, R1
[LOG_TRACE] R0:57570 R1:57570 R2:1000 R3:4 R4:160000 R5:4716 R6:7774 R7:1110
[LOG_TRACE] 001110 162700: sub #50, R0
[LOG_TRACE] R0:57520 R1:57570 R2:1000 R3:4 R4:160000 R5:4716 R6:7774 R7:1114
[LOG_TRACE] 001114 103374: bcc 001106
[LOG_TRACE] R0:57520 R1:57570 R2:1000 R3:4 R4:160000 R5:4716 R6:7774 R7:1106
[LOG_TRACE] 001106 010001: mov R0, R1
[LOG_TRACE] R0:57520 R1:57520 R2:1000 R3:4 R4:160000 R5:4716 R6:7774 R7:1110
[LOG_TRACE] 001110 162700: sub #50, R0
[LOG_TRACE] R0:57450 R1:57520 R2:1000 R3:4 R4:160000 R5:4716 R6:7774 R7:1114
[LOG_TRACE] 001114 103374: bcc 001106
[LOG_TRACE] R0:57450 R1:57520 R2:1000 R3:4 R4:160000 R5:4716 R6:7774 R7:1106
[LOG_TRACE] 001106 010001: mov R0, R1
[LOG_TRACE] R0:57450 R1:57450 R2:1000 R3:4 R4:160000 R5:4716 R6:7774 R7:1110
[LOG_TRACE] 001110 162700: sub #50, R0
[LOG_TRACE] R0:57400 R1:57450 R2:1000 R3:4 R4:160000 R5:4716 R6:7774 R7:1114
[LOG_TRACE] 001114 103374: bcc 001106
[LOG_TRACE] R0:57400 R1:57450 R2:1000 R3:4 R4:160000 R5:4716 R6:7774 R7:1106
[LOG_TRACE] 001106 010001: mov R0, R1
[LOG_TRACE] R0:57400 R1:57400 R2:1000 R3:4 R4:160000 R5:4716 R6:7774 R7:1110
[LOG_TRACE] 001110 162700: sub #50, R0
[LOG_TRACE] R0:57330 R1:57400 R2:1000 R3:4 R4:160000 R5:4716 R6:7774 R7:1114
[LOG_TRACE] 001114 103374: bcc 001106
[LOG_TRACE] R0:57330 R1:57400 R2:1000 R3:4 R4:160000 R5:4716 R6:7774 R7:1106
[LOG_TRACE] 001106 010001: mov R0, R1
[LOG_TRACE] R0:57330 R1:57330 R2:1000 R3:4 R4:160000 R5:4716 R6:7774 R7:1110
[LOG_TRACE] 001110 162700: sub #50, R0
[LOG_TRACE] R0:57260 R1:57330 R2:1000 R3:4 R4:160000 R5:4716 R6:7774 R7:1114
[LOG_TRACE] 001114 103374: bcc 001106
[LOG_TRACE] R0:57260 R1:57330 R2:1000 R3:4 R4:160000 R5:4716 R6:7774 R7:1106
[LOG_TRACE] 001106 010001: mov R0, R1
[LOG_TRACE] R0:57260 R1:57260 R2:1000 R3:4 R4:160000 R5:4716 R6:7774 R7:1110
[LOG_TRACE] 001110 162700: sub #50, R0
[LOG_TRACE] R0:57210 R1:57260 R2:1000 R3:4 R4:160000 R5:4716 R6:7774 R7:1114
[LOG_TRACE] 001114 103374: bcc 001106
[LOG_TRACE] R0:57210 R1:57260 R2:1000 R3:4 R4:160000 R5:4716 R6:7774 R7:1106
[LOG_TRACE] 001106 010001: mov R0, R1
[LOG_TRACE] R0:57210 R1:57210 R2:1000 R3:4 R4:160000 R5:4716 R6:7774 R7:1110
[LOG_TRACE] 001110 162700: sub #50, R0
[LOG_TRACE] R0:57140 R1:57210 R2:1000 R3:4 R4:160000 R5:4716 R6:7774 R7:1114
[LOG_TRACE] 001114 103374: bcc 001106
[LOG_TRACE] R0:57140 R1:57210 R2:1000 R3:4 R4:160000 R5:4716 R6:7774 R7:1106
[LOG_TRACE] 001106 010001: mov R0, R1
[LOG_TRACE] R0:57140 R1:57140 R2:1000 R3:4 R4:160000 R5:4716 R6:7774 R7:1110
[LOG_TRACE] 001110 162700: sub #50, R0
[LOG_TRACE] R0:57070 R1:57140 R2:1000 R3:4 R4:160000 R5:4716 R6:7774 R7:1114
[LOG_TRACE] 001114 103374: bcc 001106
[LOG_TRACE] R0:57070 R1:57140 R2:1000 R3:4 R4:160000 R5:4716 R6:7774 R7:1106
[LOG_TRACE] 001106 010001: mov R0, R1
[LOG_TRACE] R0:57070 R1:57070 R2:1000 R3:4 R4:160000 R5:4716 R6:7774 R7:1110
[LOG_TRACE] 001110 162700: sub #50, R0
[LOG_TRACE] R0:57020 R1:57070 R2:1000 R3:4 R4:160000 R5:4716 R6:7774 R7:1114
[LOG_TRACE] 001114 103374: bcc 001106
[LOG_TRACE] R0:57020 R1:57070 R2:1000 R3:4 R4:160000 R5:4716 R6:7774 R7:1106
[LOG_TRACE] 001106 010001: mov R0, R1
[LOG_TRACE] R0:57020 R1:57020 R2:1000 R3:4 R4:160000 R5:4716 R6:7774 R7:1110
[LOG_TRACE] 001110 162700: sub #50, R0
[LOG_TRACE] R0:56750 R1:57020 R2:1000 R3:4 R4:160000 R5:4716 R6:7774 R7:1114
[LOG_TRACE] 001114 103374: bcc 001106
[LOG_TRACE] R0:56750 R1:57020 R2:1000 R3:4 R4:160000 R5:4716 R6:7774 R7:1106
[LOG_TRACE] 001106 010001: mov R0, R1
[LOG_TRACE] R0:56750 R1:56750 R2:1000 R3:4 R4:160000 R5:4716 R6:7774 R7:1110
[LOG_TRACE] 001110 162700: sub #50, R0
[LOG_TRACE] R0:56700 R1:56750 R2:1000 R3:4 R4:160000 R5:4716 R6:7774 R7:1114
[LOG_TRACE] 001114 103374: bcc 001106
[LOG_TRACE] R0:56700 R1:56750 R2:1000 R3:4 R4:160000 R5:4716 R6:7774 R7:1106
[LOG_TRACE] 001106 010001: mov R0, R1
[LOG_TRACE] R0:56700 R1:56700 R2:1000 R3:4 R4:160000 R5:4716 R6:7774 R7:1110
[LOG_TRACE] 001110 162700: sub #50, R0
[LOG_TRACE] R0:56630 R1:56700 R2:1000 R3:4 R4:160000 R5:4716 R6:7774 R7:1114
[LOG_TRACE] 001114 103374: bcc 001106
[LOG_TRACE] R0:56630 R1:56700 R2:1000 R3:4 R4:160000 R5:4716 R6:7774 R7:1106
[LOG_TRACE] 001106 010001: mov R0, R1
[LOG_TRACE] R0:56630 R1:56630 R2:1000 R3:4 R4:160000 R5:4716 R6:7774 R7:1110
[LOG_TRACE] 001110 162700: sub #50, R0
[LOG_TRACE] R0:56560 R1:56630 R2:1000 R3:4 R4:160000 R5:4716 R6:7774 R7:1114
[LOG_TRACE] 001114 103374: bcc 001106
[LOG_TRACE] R0:56560 R1:56630 R2:1000 R3:4 R4:160000 R5:4716 R6:7774 R7:1106
[LOG_TRACE] 001106 010001: mov R0, R1
[LOG_TRACE] R0:56560 R1:56560 R2:1000 R3:4 R4:160000 R5:4716 R6:7774 R7:1110
[LOG_TRACE] 001110 162700: sub #50, R0
[LOG_TRACE] R0:56510 R1:56560 R2:1000 R3:4 R4:160000 R5:4716 R6:7774 R7:1114
[LOG_TRACE] 001114 103374: bcc 001106
[LOG_TRACE] R0:56510 R1:56560 R2:1000 R3:4 R4:160000 R5:4716 R6:7774 R7:1106
[LOG_TRACE] 001106 010001: mov R0, R1
[LOG_TRACE] R0:56510 R1:56510 R2:1000 R3:4 R4:160000 R5:4716 R6:7774 R7:1110
[LOG_TRACE] 001110 162700: sub #50, R0
[LOG_TRACE] R0:56440 R1:56510 R2:1000 R3:4 R4:160000 R5:4716 R6:7774 R7:1114
[LOG_TRACE] 001114 103374: bcc 001106
[LOG_TRACE] R0:56440 R1:56510 R2:1000 R3:4 R4:160000 R5:4716 R6:7774 R7:1106
[LOG_TRACE] 001106 010001: mov R0, R1
[LOG_TRACE] R0:56440 R1:56440 R2:1000 R3:4 R4:160000 R5:4716 R6:7774 R7:1110
[LOG_TRACE] 001110 162700: sub #50, R0
[LOG_TRACE] R0:56370 R1:56440 R2:1000 R3:4 R4:160000 R5:4716 R6:7774 R7:1114
[LOG_TRACE] 001114 103374: bcc 001106
[LOG_TRACE] R0:56370 R1:56440 R2:1000 R3:4 R4:160000 R5:4716 R6:7774 R7:1106
[LOG_TRACE] 001106 010001: mov R0, R1
[LOG_TRACE] R0:56370 R1:56370 R2:1000 R3:4 R4:160000 R5:4716 R6:7774 R7:1110
[LOG_TRACE] 001110 162700: sub #50, R0
[LOG_TRACE] R0:56320 R1:56370 R2:1000 R3:4 R4:160000 R5:4716 R6:7774 R7:1114
[LOG_TRACE] 001114 103374: bcc 001106
[LOG_TRACE] R0:56320 R1:56370 R2:1000 R3:4 R4:160000 R5:4716 R6:7774 R7:1106
[LOG_TRACE] 001106 010001: mov R0, R1
[LOG_TRACE] R0:56320 R1:56320 R2:1000 R3:4 R4:160000 R5:4716 R6:7774 R7:1110
[LOG_TRACE] 001110 162700: sub #50, R0
[LOG_TRACE] R0:56250 R1:56320 R2:1000 R3:4 R4:160000 R5:4716 R6:7774 R7:1114
[LOG_TRACE] 001114 103374: bcc 001106
[LOG_TRACE] R0:56250 R1:56320 R2:1000 R3:4 R4:160000 R5:4716 R6:7774 R7:1106
[LOG_TRACE] 001106 010001: mov R0, R1
[LOG_TRACE] R0:56250 R1:56250 R2:1000 R3:4 R4:160000 R5:4716 R6:7774 R7:1110
[LOG_TRACE] 001110 162700: sub #50, R0
[LOG_TRACE] R0:56200 R1:56250 R2:1000 R3:4 R4:160000 R5:4716 R6:7774 R7:1114
[LOG_TRACE] 001114 103374: bcc 001106
[LOG_TRACE] R0:56200 R1:56250 R2:1000 R3:4 R4:160000 R5:4716 R6:7774 R7:1106
[LOG_TRACE] 001106 010001: mov R0, R1
[LOG_TRACE] R0:56200 R1:56200 R2:1000 R3:4 R4:160000 R5:4716 R6:7774 R7:1110
[LOG_TRACE] 001110 162700: sub #50, R0
[LOG_TRACE] R0:56130 R1:56200 R2:1000 R3:4 R4:160000 R5:4716 R6:7774 R7:1114
[LOG_TRACE] 001114 103374: bcc 001106
[LOG_TRACE] R0:56130 R1:56200 R2:1000 R3:4 R4:160000 R5:4716 R6:7774 R7:1106
[LOG_TRACE] 001106 010001: mov R0, R1
[LOG_TRACE] R0:56130 R1:56130 R2:1000 R3:4 R4:160000 R5:4716 R6:7774 R7:1110
[LOG_TRACE] 001110 162700: sub #50, R0
[LOG_TRACE] R0:56060 R1:56130 R2:1000 R3:4 R4:160000 R5:4716 R6:7774 R7:1114
[LOG_TRACE] 001114 103374: bcc 001106
[LOG_TRACE] R0:56060 R1:56130 R2:1000 R3:4 R4:160000 R5:4716 R6:7774 R7:1106
[LOG_TRACE] 001106 010001: mov R0, R1
[LOG_TRACE] R0:56060 R1:56060 R2:1000 R3:4 R4:160000 R5:4716 R6:7774 R7:1110
[LOG_TRACE] 001110 162700: sub #50, R0
[LOG_TRACE] R0:56010 R1:56060 R2:1000 R3:4 R4:160000 R5:4716 R6:7774 R7:1114
[LOG_TRACE] 001114 103374: bcc 001106
[LOG_TRACE] R0:56010 R1:56060 R2:1000 R3:4 R4:160000 R5:4716 R6:7774 R7:1106
[LOG_TRACE] 001106 010001: mov R0, R1
[LOG_TRACE] R0:56010 R1:56010 R2:1000 R3:4 R4:160000 R5:4716 R6:7774 R7:1110
[LOG_TRACE] 001110 162700: sub #50, R0
[LOG_TRACE] R0:55740 R1:56010 R2:1000 R3:4 R4:160000 R5:4716 R6:7774 R7:1114
[LOG_TRACE] 001114 103374: bcc 001106
[LOG_TRACE] R0:55740 R1:56010 R2:1000 R3:4 R4:160000 R5:4716 R6:7774 R7:1106
[LOG_TRACE] 001106 010001: mov R0, R1
[LOG_TRACE] R0:55740 R1:55740 R2:1000 R3:4 R4:160000 R5:4716 R6:7774 R7:1110
[LOG_TRACE] 001110 162700: sub #50, R0
[LOG_TRACE] R0:55670 R1:55740 R2:1000 R3:4 R4:160000 R5:4716 R6:7774 R7:1114
[LOG_TRACE] 001114 103374: bcc 001106
[LOG_TRACE] R0:55670 R1:55740 R2:1000 R3:4 R4:160000 R5:4716 R6:7774 R7:1106
[LOG_TRACE] 001106 010001: mov R0, R1
[LOG_TRACE] R0:55670 R1:55670 R2:1000 R3:4 R4:160000 R5:4716 R6:7774 R7:1110
[LOG_TRACE] 001110 162700: sub #50, R0
[LOG_TRACE] R0:55620 R1:55670 R2:1000 R3:4 R4:160000 R5:4716 R6:7774 R7:1114
[LOG_TRACE] 001114 103374: bcc 001106
[LOG_TRACE] R0:55620 R1:55670 R2:1000 R3:4 R4:160000 R5:4716 R6:7774 R7:1106
[LOG_TRACE] 001106 010001: mov R0, R1
[LOG_TRACE] R0:55620 R1:55620 R2:1000 R3:4 R4:160000 R5:4716 R6:7774 R7:1110
[LOG_TRACE] 001110 162700: sub #50, R0
[LOG_TRACE] R0:55550 R1:55620 R2:1000 R3:4 R4:160000 R5:4716 R6:7774 R7:1114
[LOG_TRACE] 001114 103374: bcc 001106
[LOG_TRACE] R0:55550 R1:55620 R2:1000 R3:4 R4:160000 R5:4716 R6:7774 R7:1106
[LOG_TRACE] 001106 010001: mov R0, R1
[LOG_TRACE] R0:55550 R1:55550 R2:1000 R3:4 R4:160000 R5:4716 R6:7774 R7:1110
[LOG_TRACE] 001110 162700: sub #50, R0
[LOG_TRACE] R0:55500 R1:55550 R2:1000 R3:4 R4:160000 R5:4716 R6:7774 R7:1114
[LOG_TRACE] 001114 103374: bcc 001106
[LOG_TRACE] R0:55500 R1:55550 R2:1000 R3:4 R4:160000 R5:4716 R6:7774 R7:1106
[LOG_TRACE] 001106 010001: mov R0, R1
[LOG_TRACE] R0:55500 R1:55500 R2:1000 R3:4 R4:160000 R5:4716 R6:7774 R7:1110
[LOG_TRACE] 001110 162700: sub #50, R0
[LOG_TRACE] R0:55430 R1:55500 R2:1000 R3:4 R4:160000 R5:4716 R6:7774 R7:1114
[LOG_TRACE] 001114 103374: bcc 001106
[LOG_TRACE] R0:55430 R1:55500 R2:1000 R3:4 R4:160000 R5:4716 R6:7774 R7:1106
[LOG_TRACE] 001106 010001: mov R0, R1
[LOG_TRACE] R0:55430 R1:55430 R2:1000 R3:4 R4:160000 R5:4716 R6:7774 R7:1110
[LOG_TRACE] 001110 162700: sub #50, R0
[LOG_TRACE] R0:55360 R1:55430 R2:1000 R3:4 R4:160000 R5:4716 R6:7774 R7:1114
[LOG_TRACE] 001114 103374: bcc 001106
[LOG_TRACE] R0:55360 R1:55430 R2:1000 R3:4 R4:160000 R5:4716 R6:7774 R7:1106
[LOG_TRACE] 001106 010001: mov R0, R1
[LOG_TRACE] R0:55360 R1:55360 R2:1000 R3:4 R4:160000 R5:4716 R6:7774 R7:1110
[LOG_TRACE] 001110 162700: sub #50, R0
[LOG_TRACE] R0:55310 R1:55360 R2:1000 R3:4 R4:160000 R5:4716 R6:7774 R7:1114
[LOG_TRACE] 001114 103374: bcc 001106
[LOG_TRACE] R0:55310 R1:55360 R2:1000 R3:4 R4:160000 R5:4716 R6:7774 R7:1106
[LOG_TRACE] 001106 010001: mov R0, R1
[LOG_TRACE] R0:55310 R1:55310 R2:1000 R3:4 R4:160000 R5:4716 R6:7774 R7:1110
[LOG_TRACE] 001110 162700: sub #50, R0
[LOG_TRACE] R0:55240 R1:55310 R2:1000 R3:4 R4:160000 R5:4716 R6:7774 R7:1114
[LOG_TRACE] 001114 103374: bcc 001106
[LOG_TRACE] R0:55240 R1:55310 R2:1000 R3:4 R4:160000 R5:4716 R6:7774 R7:1106
[LOG_TRACE] 001106 010001: mov R0, R1
[LOG_TRACE] R0:55240 R1:55240 R2:1000 R3:4 R4:160000 R5:4716 R6:7774 R7:1110
[LOG_TRACE] 001110 162700: sub #50, R0
[LOG_TRACE] R0:55170 R1:55240 R2:1000 R3:4 R4:160000 R5:4716 R6:7774 R7:1114
[LOG_TRACE] 001114 103374: bcc 001106
[LOG_TRACE] R0:55170 R1:55240 R2:1000 R3:4 R4:160000 R5:4716 R6:7774 R7:1106
[LOG_TRACE] 001106 010001: mov R0, R1
[LOG_TRACE] R0:55170 R1:55170 R2:1000 R3:4 R4:160000 R5:4716 R6:7774 R7:1110
[LOG_TRACE] 001110 162700: sub #50, R0
[LOG_TRACE] R0:55120 R1:55170 R2:1000 R3:4 R4:160000 R5:4716 R6:7774 R7:1114
[LOG_TRACE] 001114 103374: bcc 001106
[LOG_TRACE] R0:55120 R1:55170 R2:1000 R3:4 R4:160000 R5:4716 R6:7774 R7:1106
[LOG_TRACE] 001106 010001: mov R0, R1
[LOG_TRACE] R0:55120 R1:55120 R2:1000 R3:4 R4:160000 R5:4716 R6:7774 R7:1110
[LOG_TRACE] 001110 162700: sub #50, R0
[LOG_TRACE] R0:55050 R1:55120 R2:1000 R3:4 R4:160000 R5:4716 R6:7774 R7:1114
[LOG_TRACE] 001114 103374: bcc 001106
[LOG_TRACE] R0:55050 R1:55120 R2:1000 R3:4 R4:160000 R5:4716 R6:7774 R7:1106
[LOG_TRACE] 001106 010001: mov R0, R1
[LOG_TRACE] R0:55050 R1:55050 R2:1000 R3:4 R4:160000 R5:4716 R6:7774 R7:1110
[LOG_TRACE] 001110 162700: sub #50, R0
[LOG_TRACE] R0:55000 R1:55050 R2:1000 R3:4 R4:160000 R5:4716 R6:7774 R7:1114
[LOG_TRACE] 001114 103374: bcc 001106
[LOG_TRACE] R0:55000 R1:55050 R2:1000 R3:4 R4:160000 R5:4716 R6:7774 R7:1106
[LOG_TRACE] 001106 010001: mov R0, R1
[LOG_TRACE] R0:55000 R1:55000 R2:1000 R3:4 R4:160000 R5:4716 R6:7774 R7:1110
[LOG_TRACE] 001110 162700: sub #50, R0
[LOG_TRACE] R0:54730 R1:55000 R2:1000 R3:4 R4:160000 R5:4716 R6:7774 R7:1114
[LOG_TRACE] 001114 103374: bcc 001106
[LOG_TRACE] R0:54730 R1:55000 R2:1000 R3:4 R4:160000 R5:4716 R6:7774 R7:1106
[LOG_TRACE] 001106 010001: mov R0, R1
[LOG_TRACE] R0:54730 R1:54730 R2:1000 R3:4 R4:160000 R5:4716 R6:7774 R7:1110
[LOG_TRACE] 001110 162700: sub #50, R0
[LOG_TRACE] R0:54660 R1:54730 R2:1000 R3:4 R4:160000 R5:4716 R6:7774 R7:1114
[LOG_TRACE] 001114 103374: bcc 001106
[LOG_TRACE] R0:54660 R1:54730 R2:1000 R3:4 R4:160000 R5:4716 R6:7774 R7:1106
[LOG_TRACE] 001106 010001: mov R0, R1
[LOG_TRACE] R0:54660 R1:54660 R2:1000 R3:4 R4:160000 R5:4716 R6:7774 R7:1110
[LOG_TRACE] 001110 162700: sub #50, R0
[LOG_TRACE] R0:54610 R1:54660 R2:1000 R3:4 R4:160000 R5:4716 R6:7774 R7:1114
[LOG_TRACE] 001114 103374: bcc 001106
[LOG_TRACE] R0:54610 R1:54660 R2:1000 R3:4 R4:160000 R5:4716 R6:7774 R7:1106
[LOG_TRACE] 001106 010001: mov R0, R1
[LOG_TRACE] R0:54610 R1:54610 R2:1000 R3:4 R4:160000 R5:4716 R6:7774 R7:1110
[LOG_TRACE] 001110 162700: sub #50, R0
[LOG_TRACE] R0:54540 R1:54610 R2:1000 R3:4 R4:160000 R5:4716 R6:7774 R7:1114
[LOG_TRACE] 001114 103374: bcc 001106
[LOG_TRACE] R0:54540 R1:54610 R2:1000 R3:4 R4:160000 R5:4716 R6:7774 R7:1106
[LOG_TRACE] 001106 010001: mov R0, R1
[LOG_TRACE] R0:54540 R1:54540 R2:1000 R3:4 R4:160000 R5:4716 R6:7774 R7:1110
[LOG_TRACE] 001110 162700: sub #50, R0
[LOG_TRACE] R0:54470 R1:54540 R2:1000 R3:4 R4:160000 R5:4716 R6:7774 R7:1114
[LOG_TRACE] 001114 103374: bcc 001106
[LOG_TRACE] R0:54470 R1:54540 R2:1000 R3:4 R4:160000 R5:4716 R6:7774 R7:1106
[LOG_TRACE] 001106 010001: mov R0, R1
[LOG_TRACE] R0:54470 R1:54470 R2:1000 R3:4 R4:160000 R5:4716 R6:7774 R7:1110
[LOG_TRACE] 001110 162700: sub #50, R0
[LOG_TRACE] R0:54420 R1:54470 R2:1000 R3:4 R4:160000 R5:4716 R6:7774 R7:1114
[LOG_TRACE] 001114 103374: bcc 001106
[LOG_TRACE] R0:54420 R1:54470 R2:1000 R3:4 R4:160000 R5:4716 R6:7774 R7:1106
[LOG_TRACE] 001106 010001: mov R0, R1
[LOG_TRACE] R0:54420 R1:54420 R2:1000 R3:4 R4:160000 R5:4716 R6:7774 R7:1110
[LOG_TRACE] 001110 162700: sub #50, R0
[LOG_TRACE] R0:54350 R1:54420 R2:1000 R3:4 R4:160000 R5:4716 R6:7774 R7:1114
[LOG_TRACE] 001114 103374: bcc 001106
[LOG_TRACE] R0:54350 R1:54420 R2:1000 R3:4 R4:160000 R5:4716 R6:7774 R7:1106
[LOG_TRACE] 001106 010001: mov R0, R1
[LOG_TRACE] R0:54350 R1:54350 R2:1000 R3:4 R4:160000 R5:4716 R6:7774 R7:1110
[LOG_TRACE] 001110 162700: sub #50, R0
[LOG_TRACE] R0:54300 R1:54350 R2:1000 R3:4 R4:160000 R5:4716 R6:7774 R7:1114
[LOG_TRACE] 001114 103374: bcc 001106
[LOG_TRACE] R0:54300 R1:54350 R2:1000 R3:4 R4:160000 R5:4716 R6:7774 R7:1106
[LOG_TRACE] 001106 010001: mov R0, R1
[LOG_TRACE] R0:54300 R1:54300 R2:1000 R3:4 R4:160000 R5:4716 R6:7774 R7:1110
[LOG_TRACE] 001110 162700: sub #50, R0
[LOG_TRACE] R0:54230 R1:54300 R2:1000 R3:4 R4:160000 R5:4716 R6:7774 R7:1114
[LOG_TRACE] 001114 103374: bcc 001106
[LOG_TRACE] R0:54230 R1:54300 R2:1000 R3:4 R4:160000 R5:4716 R6:7774 R7:1106
[LOG_TRACE] 001106 010001: mov R0, R1
[LOG_TRACE] R0:54230 R1:54230 R2:1000 R3:4 R4:160000 R5:4716 R6:7774 R7:1110
[LOG_TRACE] 001110 162700: sub #50, R0
[LOG_TRACE] R0:54160 R1:54230 R2:1000 R3:4 R4:160000 R5:4716 R6:7774 R7:1114
[LOG_TRACE] 001114 103374: bcc 001106
[LOG_TRACE] R0:54160 R1:54230 R2:1000 R3:4 R4:160000 R5:4716 R6:7774 R7:1106
[LOG_TRACE] 001106 010001: mov R0, R1
[LOG_TRACE] R0:54160 R1:54160 R2:1000 R3:4 R4:160000 R5:4716 R6:7774 R7:1110
[LOG_TRACE] 001110 162700: sub #50, R0
[LOG_TRACE] R0:54110 R1:54160 R2:1000 R3:4 R4:160000 R5:4716 R6:7774 R7:1114
[LOG_TRACE] 001114 103374: bcc 001106
[LOG_TRACE] R0:54110 R1:54160 R2:1000 R3:4 R4:160000 R5:4716 R6:7774 R7:1106
[LOG_TRACE] 001106 010001: mov R0, R1
[LOG_TRACE] R0:54110 R1:54110 R2:1000 R3:4 R4:160000 R5:4716 R6:7774 R7:1110
[LOG_TRACE] 001110 162700: sub #50, R0
[LOG_TRACE] R0:54040 R1:54110 R2:1000 R3:4 R4:160000 R5:4716 R6:7774 R7:1114
[LOG_TRACE] 001114 103374: bcc 001106
[LOG_TRACE] R0:54040 R1:54110 R2:1000 R3:4 R4:160000 R5:4716 R6:7774 R7:1106
[LOG_TRACE] 001106 010001: mov R0, R1
[LOG_TRACE] R0:54040 R1:54040 R2:1000 R3:4 R4:160000 R5:4716 R6:7774 R7:1110
[LOG_TRACE] 001110 162700: sub #50, R0
[LOG_TRACE] R0:53770 R1:54040 R2:1000 R3:4 R4:160000 R5:4716 R6:7774 R7:1114
[LOG_TRACE] 001114 103374: bcc 001106
[LOG_TRACE] R0:53770 R1:54040 R2:1000 R3:4 R4:160000 R5:4716 R6:7774 R7:1106
[LOG_TRACE] 001106 010001: mov R0, R1
[LOG_TRACE] R0:53770 R1:53770 R2:1000 R3:4 R4:160000 R5:4716 R6:7774 R7:1110
[LOG_TRACE] 001110 162700: sub #50, R0
[LOG_TRACE] R0:53720 R1:53770 R2:1000 R3:4 R4:160000 R5:4716 R6:7774 R7:1114
[LOG_TRACE] 001114 103374: bcc 001106
[LOG_TRACE] R0:53720 R1:53770 R2:1000 R3:4 R4:160000 R5:4716 R6:7774 R7:1106
[LOG_TRACE] 001106 010001: mov R0, R1
[LOG_TRACE] R0:53720 R1:53720 R2:1000 R3:4 R4:160000 R5:4716 R6:7774 R7:1110
[LOG_TRACE] 001110 162700: sub #50, R0
[LOG_TRACE] R0:53650 R1:53720 R2:1000 R3:4 R4:160000 R5:4716 R6:7774 R7:1114
[LOG_TRACE] 001114 103374: bcc 001106
[LOG_TRACE] R0:53650 R1:53720 R2:1000 R3:4 R4:160000 R5:4716 R6:7774 R7:1106
[LOG_TRACE] 001106 010001: mov R0, R1
[LOG_TRACE] R0:53650 R1:53650 R2:1000 R3:4 R4:160000 R5:4716 R6:7774 R7:1110
[LOG_TRACE] 001110 162700: sub #50, R0
[LOG_TRACE] R0:53600 R1:53650 R2:1000 R3:4 R4:160000 R5:4716 R6:7774 R7:1114
[LOG_TRACE] 001114 103374: bcc 001106
[LOG_TRACE] R0:53600 R1:53650 R2:1000 R3:4 R4:160000 R5:4716 R6:7774 R7:1106
[LOG_TRACE] 001106 010001: mov R0, R1
[LOG_TRACE] R0:53600 R1:53600 R2:1000 R3:4 R4:160000 R5:4716 R6:7774 R7:1110
[LOG_TRACE] 001110 162700: sub #50, R0
[LOG_TRACE] R0:53530 R1:53600 R2:1000 R3:4 R4:160000 R5:4716 R6:7774 R7:1114
[LOG_TRACE] 001114 103374: bcc 001106
[LOG_TRACE] R0:53530 R1:53600 R2:1000 R3:4 R4:160000 R5:4716 R6:7774 R7:1106
[LOG_TRACE] 001106 010001: mov R0, R1
[LOG_TRACE] R0:53530 R1:53530 R2:1000 R3:4 R4:160000 R5:4716 R6:7774 R7:1110
[LOG_TRACE] 001110 162700: sub #50, R0
[LOG_TRACE] R0:53460 R1:53530 R2:1000 R3:4 R4:160000 R5:4716 R6:7774 R7:1114
[LOG_TRACE] 001114 103374: bcc 001106
[LOG_TRACE] R0:53460 R1:53530 R2:1000 R3:4 R4:160000 R5:4716 R6:7774 R7:1106
[LOG_TRACE] 001106 010001: mov R0, R1
[LOG_TRACE] R0:53460 R1:53460 R2:1000 R3:4 R4:160000 R5:4716 R6:7774 R7:1110
[LOG_TRACE] 001110 162700: sub #50, R0
[LOG_TRACE] R0:53410 R1:53460 R2:1000 R3:4 R4:160000 R5:4716 R6:7774 R7:1114
[LOG_TRACE] 001114 103374: bcc 001106
[LOG_TRACE] R0:53410 R1:53460 R2:1000 R3:4 R4:160000 R5:4716 R6:7774 R7:1106
[LOG_TRACE] 001106 010001: mov R0, R1
[LOG_TRACE] R0:53410 R1:53410 R2:1000 R3:4 R4:160000 R5:4716 R6:7774 R7:1110
[LOG_TRACE] 001110 162700: sub #50, R0
[LOG_TRACE] R0:53340 R1:53410 R2:1000 R3:4 R4:160000 R5:4716 R6:7774 R7:1114
[LOG_TRACE] 001114 103374: bcc 001106
[LOG_TRACE] R0:53340 R1:53410 R2:1000 R3:4 R4:160000 R5:4716 R6:7774 R7:1106
[LOG_TRACE] 001106 010001: mov R0, R1
[LOG_TRACE] R0:53340 R1:53340 R2:1000 R3:4 R4:160000 R5:4716 R6:7774 R7:1110
[LOG_TRACE] 001110 162700: sub #50, R0
[LOG_TRACE] R0:53270 R1:53340 R2:1000 R3:4 R4:160000 R5:4716 R6:7774 R7:1114
[LOG_TRACE] 001114 103374: bcc 001106
[LOG_TRACE] R0:53270 R1:53340 R2:1000 R3:4 R4:160000 R5:4716 R6:7774 R7:1106
[LOG_TRACE] 001106 010001: mov R0, R1
[LOG_TRACE] R0:53270 R1:53270 R2:1000 R3:4 R4:160000 R5:4716 R6:7774 R7:1110
[LOG_TRACE] 001110 162700: sub #50, R0
[LOG_TRACE] R0:53220 R1:53270 R2:1000 R3:4 R4:160000 R5:4716 R6:7774 R7:1114
[LOG_TRACE] 001114 103374: bcc 001106
[LOG_TRACE] R0:53220 R1:53270 R2:1000 R3:4 R4:160000 R5:4716 R6:7774 R7:1106
[LOG_TRACE] 001106 010001: mov R0, R1
[LOG_TRACE] R0:53220 R1:53220 R2:1000 R3:4 R4:160000 R5:4716 R6:7774 R7:1110
[LOG_TRACE] 001110 162700: sub #50, R0
[LOG_TRACE] R0:53150 R1:53220 R2:1000 R3:4 R4:160000 R5:4716 R6:7774 R7:1114
[LOG_TRACE] 001114 103374: bcc 001106
[LOG_TRACE] R0:53150 R1:53220 R2:1000 R3:4 R4:160000 R5:4716 R6:7774 R7:1106
[LOG_TRACE] 001106 010001: mov R0, R1
[LOG_TRACE] R0:53150 R1:53150 R2:1000 R3:4 R4:160000 R5:4716 R6:7774 R7:1110
[LOG_TRACE] 001110 162700: sub #50, R0
[LOG_TRACE] R0:53100 R1:53150 R2:1000 R3:4 R4:160000 R5:4716 R6:7774 R7:1114
[LOG_TRACE] 001114 103374: bcc 001106
[LOG_TRACE] R0:53100 R1:53150 R2:1000 R3:4 R4:160000 R5:4716 R6:7774 R7:1106
[LOG_TRACE] 001106 010001: mov R0, R1
[LOG_TRACE] R0:53100 R1:53100 R2:1000 R3:4 R4:160000 R5:4716 R6:7774 R7:1110
[LOG_TRACE] 001110 162700: sub #50, R0
[LOG_TRACE] R0:53030 R1:53100 R2:1000 R3:4 R4:160000 R5:4716 R6:7774 R7:1114
[LOG_TRACE] 001114 103374: bcc 001106
[LOG_TRACE] R0:53030 R1:53100 R2:1000 R3:4 R4:160000 R5:4716 R6:7774 R7:1106
[LOG_TRACE] 001106 010001: mov R0, R1
[LOG_TRACE] R0:53030 R1:53030 R2:1000 R3:4 R4:160000 R5:4716 R6:7774 R7:1110
[LOG_TRACE] 001110 162700: sub #50, R0
[LOG_TRACE] R0:52760 R1:53030 R2:1000 R3:4 R4:160000 R5:4716 R6:7774 R7:1114
[LOG_TRACE] 001114 103374: bcc 001106
[LOG_TRACE] R0:52760 R1:53030 R2:1000 R3:4 R4:160000 R5:4716 R6:7774 R7:1106
[LOG_TRACE] 001106 010001: mov R0, R1
[LOG_TRACE] R0:52760 R1:52760 R2:1000 R3:4 R4:160000 R5:4716 R6:7774 R7:1110
[LOG_TRACE] 001110 162700: sub #50, R0
[LOG_TRACE] R0:52710 R1:52760 R2:1000 R3:4 R4:160000 R5:4716 R6:7774 R7:1114
[LOG_TRACE] 001114 103374: bcc 001106
[LOG_TRACE] R0:52710 R1:52760 R2:1000 R3:4 R4:160000 R5:4716 R6:7774 R7:1106
[LOG_TRACE] 001106 010001: mov R0, R1
[LOG_TRACE] R0:52710 R1:52710 R2:1000 R3:4 R4:160000 R5:4716 R6:7774 R7:1110
[LOG_TRACE] 001110 162700: sub #50, R0
[LOG_TRACE] R0:52640 R1:52710 R2:1000 R3:4 R4:160000 R5:4716 R6:7774 R7:1114
[LOG_TRACE] 001114 103374: bcc 001106
[LOG_TRACE] R0:52640 R1:52710 R2:1000 R3:4 R4:160000 R5:4716 R6:7774 R7:1106
[LOG_TRACE] 001106 010001: mov R0, R1
[LOG_TRACE] R0:52640 R1:52640 R2:1000 R3:4 R4:160000 R5:4716 R6:7774 R7:1110
[LOG_TRACE] 001110 162700: sub #50, R0
[LOG_TRACE] R0:52570 R1:52640 R2:1000 R3:4 R4:160000 R5:4716 R6:7774 R7:1114
[LOG_TRACE] 001114 103374: bcc 001106
[LOG_TRACE] R0:52570 R1:52640 R2:1000 R3:4 R4:160000 R5:4716 R6:7774 R7:1106
[LOG_TRACE] 001106 010001: mov R0, R1
[LOG_TRACE] R0:52570 R1:52570 R2:1000 R3:4 R4:160000 R5:4716 R6:7774 R7:1110
[LOG_TRACE] 001110 162700: sub #50, R0
[LOG_TRACE] R0:52520 R1:52570 R2:1000 R3:4 R4:160000 R5:4716 R6:7774 R7:1114
[LOG_TRACE] 001114 103374: bcc 001106
[LOG_TRACE] R0:52520 R1:52570 R2:1000 R3:4 R4:160000 R5:4716 R6:7774 R7:1106
[LOG_TRACE] 001106 010001: mov R0, R1
[LOG_TRACE] R0:52520 R1:52520 R2:1000 R3:4 R4:160000 R5:4716 R6:7774 R7:1110
[LOG_TRACE] 001110 162700: sub #50, R0
[LOG_TRACE] R0:52450 R1:52520 R2:1000 R3:4 R4:160000 R5:4716 R6:7774 R7:1114
[LOG_TRACE] 001114 103374: bcc 001106
[LOG_TRACE] R0:52450 R1:52520 R2:1000 R3:4 R4:160000 R5:4716 R6:7774 R7:1106
[LOG_TRACE] 001106 010001: mov R0, R1
[LOG_TRACE] R0:52450 R1:52450 R2:1000 R3:4 R4:160000 R5:4716 R6:7774 R7:1110
[LOG_TRACE] 001110 162700: sub #50, R0
[LOG_TRACE] R0:52400 R1:52450 R2:1000 R3:4 R4:160000 R5:4716 R6:7774 R7:1114
[LOG_TRACE] 001114 103374: bcc 001106
[LOG_TRACE] R0:52400 R1:52450 R2:1000 R3:4 R4:160000 R5:4716 R6:7774 R7:1106
[LOG_TRACE] 001106 010001: mov R0, R1
[LOG_TRACE] R0:52400 R1:52400 R2:1000 R3:4 R4:160000 R5:4716 R6:7774 R7:1110
[LOG_TRACE] 001110 162700: sub #50, R0
[LOG_TRACE] R0:52330 R1:52400 R2:1000 R3:4 R4:160000 R5:4716 R6:7774 R7:1114
[LOG_TRACE] 001114 103374: bcc 001106
[LOG_TRACE] R0:52330 R1:52400 R2:1000 R3:4 R4:160000 R5:4716 R6:7774 R7:1106
[LOG_TRACE] 001106 010001: mov R0, R1
[LOG_TRACE] R0:52330 R1:52330 R2:1000 R3:4 R4:160000 R5:4716 R6:7774 R7:1110
[LOG_TRACE] 001110 162700: sub #50, R0
[LOG_TRACE] R0:52260 R1:52330 R2:1000 R3:4 R4:160000 R5:4716 R6:7774 R7:1114
[LOG_TRACE] 001114 103374: bcc 001106
[LOG_TRACE] R0:52260 R1:52330 R2:1000 R3:4 R4:160000 R5:4716 R6:7774 R7:1106
[LOG_TRACE] 001106 010001: mov R0, R1
[LOG_TRACE] R0:52260 R1:52260 R2:1000 R3:4 R4:160000 R5:4716 R6:7774 R7:1110
[LOG_TRACE] 001110 162700: sub #50, R0
[LOG_TRACE] R0:52210 R1:52260 R2:1000 R3:4 R4:160000 R5:4716 R6:7774 R7:1114
[LOG_TRACE] 001114 103374: bcc 001106
[LOG_TRACE] R0:52210 R1:52260 R2:1000 R3:4 R4:160000 R5:4716 R6:7774 R7:1106
[LOG_TRACE] 001106 010001: mov R0, R1
[LOG_TRACE] R0:52210 R1:52210 R2:1000 R3:4 R4:160000 R5:4716 R6:7774 R7:1110
[LOG_TRACE] 001110 162700: sub #50, R0
[LOG_TRACE] R0:52140 R1:52210 R2:1000 R3:4 R4:160000 R5:4716 R6:7774 R7:1114
[LOG_TRACE] 001114 103374: bcc 001106
[LOG_TRACE] R0:52140 R1:52210 R2:1000 R3:4 R4:160000 R5:4716 R6:7774 R7:1106
[LOG_TRACE] 001106 010001: mov R0, R1
[LOG_TRACE] R0:52140 R1:52140 R2:1000 R3:4 R4:160000 R5:4716 R6:7774 R7:1110
[LOG_TRACE] 001110 162700: sub #50, R0
[LOG_TRACE] R0:52070 R1:52140 R2:1000 R3:4 R4:160000 R5:4716 R6:7774 R7:1114
[LOG_TRACE] 001114 103374: bcc 001106
[LOG_TRACE] R0:52070 R1:52140 R2:1000 R3:4 R4:160000 R5:4716 R6:7774 R7:1106
[LOG_TRACE] 001106 010001: mov R0, R1
[LOG_TRACE] R0:52070 R1:52070 R2:1000 R3:4 R4:160000 R5:4716 R6:7774 R7:1110
[LOG_TRACE] 001110 162700: sub #50, R0
[LOG_TRACE] R0:52020 R1:52070 R2:1000 R3:4 R4:160000 R5:4716 R6:7774 R7:1114
[LOG_TRACE] 001114 103374: bcc 001106
[LOG_TRACE] R0:52020 R1:52070 R2:1000 R3:4 R4:160000 R5:4716 R6:7774 R7:1106
[LOG_TRACE] 001106 010001: mov R0, R1
[LOG_TRACE] R0:52020 R1:52020 R2:1000 R3:4 R4:160000 R5:4716 R6:7774 R7:1110
[LOG_TRACE] 001110 162700: sub #50, R0
[LOG_TRACE] R0:51750 R1:52020 R2:1000 R3:4 R4:160000 R5:4716 R6:7774 R7:1114
[LOG_TRACE] 001114 103374: bcc 001106
[LOG_TRACE] R0:51750 R1:52020 R2:1000 R3:4 R4:160000 R5:4716 R6:7774 R7:1106
[LOG_TRACE] 001106 010001: mov R0, R1
[LOG_TRACE] R0:51750 R1:51750 R2:1000 R3:4 R4:160000 R5:4716 R6:7774 R7:1110
[LOG_TRACE] 001110 162700: sub #50, R0
[LOG_TRACE] R0:51700 R1:51750 R2:1000 R3:4 R4:160000 R5:4716 R6:7774 R7:1114
[LOG_TRACE] 001114 103374: bcc 001106
[LOG_TRACE] R0:51700 R1:51750 R2:1000 R3:4 R4:160000 R5:4716 R6:7774 R7:1106
[LOG_TRACE] 001106 010001: mov R0, R1
[LOG_TRACE] R0:51700 R1:51700 R2:1000 R3:4 R4:160000 R5:4716 R6:7774 R7:1110
[LOG_TRACE] 001110 162700: sub #50, R0
[LOG_TRACE] R0:51630 R1:51700 R2:1000 R3:4 R4:160000 R5:4716 R6:7774 R7:1114
[LOG_TRACE] 001114 103374: bcc 001106
[LOG_TRACE] R0:51630 R1:51700 R2:1000 R3:4 R4:160000 R5:4716 R6:7774 R7:1106
[LOG_TRACE] 001106 010001: mov R0, R1
[LOG_TRACE] R0:51630 R1:51630 R2:1000 R3:4 R4:160000 R5:4716 R6:7774 R7:1110
[LOG_TRACE] 001110 162700: sub #50, R0
[LOG_TRACE] R0:51560 R1:51630 R2:1000 R3:4 R4:160000 R5:4716 R6:7774 R7:1114
[LOG_TRACE] 001114 103374: bcc 001106
[LOG_TRACE] R0:51560 R1:51630 R2:1000 R3:4 R4:160000 R5:4716 R6:7774 R7:1106
[LOG_TRACE] 001106 010001: mov R0, R1
[LOG_TRACE] R0:51560 R1:51560 R2:1000 R3:4 R4:160000 R5:4716 R6:7774 R7:1110
[LOG_TRACE] 001110 162700: sub #50, R0
[LOG_TRACE] R0:51510 R1:51560 R2:1000 R3:4 R4:160000 R5:4716 R6:7774 R7:1114
[LOG_TRACE] 001114 103374: bcc 001106
[LOG_TRACE] R0:51510 R1:51560 R2:1000 R3:4 R4:160000 R5:4716 R6:7774 R7:1106
[LOG_TRACE] 001106 010001: mov R0, R1
[LOG_TRACE] R0:51510 R1:51510 R2:1000 R3:4 R4:160000 R5:4716 R6:7774 R7:1110
[LOG_TRACE] 001110 162700: sub #50, R0
[LOG_TRACE] R0:51440 R1:51510 R2:1000 R3:4 R4:160000 R5:4716 R6:7774 R7:1114
[LOG_TRACE] 001114 103374: bcc 001106
[LOG_TRACE] R0:51440 R1:51510 R2:1000 R3:4 R4:160000 R5:4716 R6:7774 R7:1106
[LOG_TRACE] 001106 010001: mov R0, R1
[LOG_TRACE] R0:51440 R1:51440 R2:1000 R3:4 R4:160000 R5:4716 R6:7774 R7:1110
[LOG_TRACE] 001110 162700: sub #50, R0
[LOG_TRACE] R0:51370 R1:51440 R2:1000 R3:4 R4:160000 R5:4716 R6:7774 R7:1114
[LOG_TRACE] 001114 103374: bcc 001106
[LOG_TRACE] R0:51370 R1:51440 R2:1000 R3:4 R4:160000 R5:4716 R6:7774 R7:1106
[LOG_TRACE] 001106 010001: mov R0, R1
[LOG_TRACE] R0:51370 R1:51370 R2:1000 R3:4 R4:160000 R5:4716 R6:7774 R7:1110
[LOG_TRACE] 001110 162700: sub #50, R0
[LOG_TRACE] R0:51320 R1:51370 R2:1000 R3:4 R4:160000 R5:4716 R6:7774 R7:1114
[LOG_TRACE] 001114 103374: bcc 001106
[LOG_TRACE] R0:51320 R1:51370 R2:1000 R3:4 R4:160000 R5:4716 R6:7774 R7:1106
[LOG_TRACE] 001106 010001: mov R0, R1
[LOG_TRACE] R0:51320 R1:51320 R2:1000 R3:4 R4:160000 R5:4716 R6:7774 R7:1110
[LOG_TRACE] 001110 162700: sub #50, R0
[LOG_TRACE] R0:51250 R1:51320 R2:1000 R3:4 R4:160000 R5:4716 R6:7774 R7:1114
[LOG_TRACE] 001114 103374: bcc 001106
[LOG_TRACE] R0:51250 R1:51320 R2:1000 R3:4 R4:160000 R5:4716 R6:7774 R7:1106
[LOG_TRACE] 001106 010001: mov R0, R1
[LOG_TRACE] R0:51250 R1:51250 R2:1000 R3:4 R4:160000 R5:4716 R6:7774 R7:1110
[LOG_TRACE] 001110 162700: sub #50, R0
[LOG_TRACE] R0:51200 R1:51250 R2:1000 R3:4 R4:160000 R5:4716 R6:7774 R7:1114
[LOG_TRACE] 001114 103374: bcc 001106
[LOG_TRACE] R0:51200 R1:51250 R2:1000 R3:4 R4:160000 R5:4716 R6:7774 R7:1106
[LOG_TRACE] 001106 010001: mov R0, R1
[LOG_TRACE] R0:51200 R1:51200 R2:1000 R3:4 R4:160000 R5:4716 R6:7774 R7:1110
[LOG_TRACE] 001110 162700: sub #50, R0
[LOG_TRACE] R0:51130 R1:51200 R2:1000 R3:4 R4:160000 R5:4716 R6:7774 R7:1114
[LOG_TRACE] 001114 103374: bcc 001106
[LOG_TRACE] R0:51130 R1:51200 R2:1000 R3:4 R4:160000 R5:4716 R6:7774 R7:1106
[LOG_TRACE] 001106 010001: mov R0, R1
[LOG_TRACE] R0:51130 R1:51130 R2:1000 R3:4 R4:160000 R5:4716 R6:7774 R7:1110
[LOG_TRACE] 001110 162700: sub #50, R0
[LOG_TRACE] R0:51060 R1:51130 R2:1000 R3:4 R4:160000 R5:4716 R6:7774 R7:1114
[LOG_TRACE] 001114 103374: bcc 001106
[LOG_TRACE] R0:51060 R1:51130 R2:1000 R3:4 R4:160000 R5:4716 R6:7774 R7:1106
[LOG_TRACE] 001106 010001: mov R0, R1
[LOG_TRACE] R0:51060 R1:51060 R2:1000 R3:4 R4:160000 R5:4716 R6:7774 R7:1110
[LOG_TRACE] 001110 162700: sub #50, R0
[LOG_TRACE] R0:51010 R1:51060 R2:1000 R3:4 R4:160000 R5:4716 R6:7774 R7:1114
[LOG_TRACE] 001114 103374: bcc 001106
[LOG_TRACE] R0:51010 R1:51060 R2:1000 R3:4 R4:160000 R5:4716 R6:7774 R7:1106
[LOG_TRACE] 001106 010001: mov R0, R1
[LOG_TRACE] R0:51010 R1:51010 R2:1000 R3:4 R4:160000 R5:4716 R6:7774 R7:1110
[LOG_TRACE] 001110 162700: sub #50, R0
[LOG_TRACE] R0:50740 R1:51010 R2:1000 R3:4 R4:160000 R5:4716 R6:7774 R7:1114
[LOG_TRACE] 001114 103374: bcc 001106
[LOG_TRACE] R0:50740 R1:51010 R2:1000 R3:4 R4:160000 R5:4716 R6:7774 R7:1106
[LOG_TRACE] 001106 010001: mov R0, R1
[LOG_TRACE] R0:50740 R1:50740 R2:1000 R3:4 R4:160000 R5:4716 R6:7774 R7:1110
[LOG_TRACE] 001110 162700: sub #50, R0
[LOG_TRACE] R0:50670 R1:50740 R2:1000 R3:4 R4:160000 R5:4716 R6:7774 R7:1114
[LOG_TRACE] 001114 103374: bcc 001106
[LOG_TRACE] R0:50670 R1:50740 R2:1000 R3:4 R4:160000 R5:4716 R6:7774 R7:1106
[LOG_TRACE] 001106 010001: mov R0, R1
[LOG_TRACE] R0:50670 R1:50670 R2:1000 R3:4 R4:160000 R5:4716 R6:7774 R7:1110
[LOG_TRACE] 001110 162700: sub #50, R0
[LOG_TRACE] R0:50620 R1:50670 R2:1000 R3:4 R4:160000 R5:4716 R6:7774 R7:1114
[LOG_TRACE] 001114 103374: bcc 001106
[LOG_TRACE] R0:50620 R1:50670 R2:1000 R3:4 R4:160000 R5:4716 R6:7774 R7:1106
[LOG_TRACE] 001106 010001: mov R0, R1
[LOG_TRACE] R0:50620 R1:50620 R2:1000 R3:4 R4:160000 R5:4716 R6:7774 R7:1110
[LOG_TRACE] 001110 162700: sub #50, R0
[LOG_TRACE] R0:50550 R1:50620 R2:1000 R3:4 R4:160000 R5:4716 R6:7774 R7:1114
[LOG_TRACE] 001114 103374: bcc 001106
[LOG_TRACE] R0:50550 R1:50620 R2:1000 R3:4 R4:160000 R5:4716 R6:7774 R7:1106
[LOG_TRACE] 001106 010001: mov R0, R1
[LOG_TRACE] R0:50550 R1:50550 R2:1000 R3:4 R4:160000 R5:4716 R6:7774 R7:1110
[LOG_TRACE] 001110 162700: sub #50, R0
[LOG_TRACE] R0:50500 R1:50550 R2:1000 R3:4 R4:160000 R5:4716 R6:7774 R7:1114
[LOG_TRACE] 001114 103374: bcc 001106
[LOG_TRACE] R0:50500 R1:50550 R2:1000 R3:4 R4:160000 R5:4716 R6:7774 R7:1106
[LOG_TRACE] 001106 010001: mov R0, R1
[LOG_TRACE] R0:50500 R1:50500 R2:1000 R3:4 R4:160000 R5:4716 R6:7774 R7:1110
[LOG_TRACE] 001110 162700: sub #50, R0
[LOG_TRACE] R0:50430 R1:50500 R2:1000 R3:4 R4:160000 R5:4716 R6:7774 R7:1114
[LOG_TRACE] 001114 103374: bcc 001106
[LOG_TRACE] R0:50430 R1:50500 R2:1000 R3:4 R4:160000 R5:4716 R6:7774 R7:1106
[LOG_TRACE] 001106 010001: mov R0, R1
[LOG_TRACE] R0:50430 R1:50430 R2:1000 R3:4 R4:160000 R5:4716 R6:7774 R7:1110
[LOG_TRACE] 001110 162700: sub #50, R0
[LOG_TRACE] R0:50360 R1:50430 R2:1000 R3:4 R4:160000 R5:4716 R6:7774 R7:1114
[LOG_TRACE] 001114 103374: bcc 001106
[LOG_TRACE] R0:50360 R1:50430 R2:1000 R3:4 R4:160000 R5:4716 R6:7774 R7:1106
[LOG_TRACE] 001106 010001: mov R0, R1
[LOG_TRACE] R0:50360 R1:50360 R2:1000 R3:4 R4:160000 R5:4716 R6:7774 R7:1110
[LOG_TRACE] 001110 162700: sub #50, R0
[LOG_TRACE] R0:50310 R1:50360 R2:1000 R3:4 R4:160000 R5:4716 R6:7774 R7:1114
[LOG_TRACE] 001114 103374: bcc 001106
[LOG_TRACE] R0:50310 R1:50360 R2:1000 R3:4 R4:160000 R5:4716 R6:7774 R7:1106
[LOG_TRACE] 001106 010001: mov R0, R1
[LOG_TRACE] R0:50310 R1:50310 R2:1000 R3:4 R4:160000 R5:4716 R6:7774 R7:1110
[LOG_TRACE] 001110 162700: sub #50, R0
[LOG_TRACE] R0:50240 R1:50310 R2:1000 R3:4 R4:160000 R5:4716 R6:7774 R7:1114
[LOG_TRACE] 001114 103374: bcc 001106
[LOG_TRACE] R0:50240 R1:50310 R2:1000 R3:4 R4:160000 R5:4716 R6:7774 R7:1106
[LOG_TRACE] 001106 010001: mov R0, R1
[LOG_TRACE] R0:50240 R1:50240 R2:1000 R3:4 R4:160000 R5:4716 R6:7774 R7:1110
[LOG_TRACE] 001110 162700: sub #50, R0
[LOG_TRACE] R0:50170 R1:50240 R2:1000 R3:4 R4:160000 R5:4716 R6:7774 R7:1114
[LOG_TRACE] 001114 103374: bcc 001106
[LOG_TRACE] R0:50170 R1:50240 R2:1000 R3:4 R4:160000 R5:4716 R6:7774 R7:1106
[LOG_TRACE] 001106 010001: mov R0, R1
[LOG_TRACE] R0:50170 R1:50170 R2:1000 R3:4 R4:160000 R5:4716 R6:7774 R7:1110
[LOG_TRACE] 001110 162700: sub #50, R0
[LOG_TRACE] R0:50120 R1:50170 R2:1000 R3:4 R4:160000 R5:4716 R6:7774 R7:1114
[LOG_TRACE] 001114 103374: bcc 001106
[LOG_TRACE] R0:50120 R1:50170 R2:1000 R3:4 R4:160000 R5:4716 R6:7774 R7:1106
[LOG_TRACE] 001106 010001: mov R0, R1
[LOG_TRACE] R0:50120 R1:50120 R2:1000 R3:4 R4:160000 R5:4716 R6:7774 R7:1110
[LOG_TRACE] 001110 162700: sub #50, R0
[LOG_TRACE] R0:50050 R1:50120 R2:1000 R3:4 R4:160000 R5:4716 R6:7774 R7:1114
[LOG_TRACE] 001114 103374: bcc 001106
[LOG_TRACE] R0:50050 R1:50120 R2:1000 R3:4 R4:160000 R5:4716 R6:7774 R7:1106
[LOG_TRACE] 001106 010001: mov R0, R1
[LOG_TRACE] R0:50050 R1:50050 R2:1000 R3:4 R4:160000 R5:4716 R6:7774 R7:1110
[LOG_TRACE] 001110 162700: sub #50, R0
[LOG_TRACE] R0:50000 R1:50050 R2:1000 R3:4 R4:160000 R5:4716 R6:7774 R7:1114
[LOG_TRACE] 001114 103374: bcc 001106
[LOG_TRACE] R0:50000 R1:50050 R2:1000 R3:4 R4:160000 R5:4716 R6:7774 R7:1106
[LOG_TRACE] 001106 010001: mov R0, R1
[LOG_TRACE] R0:50000 R1:50000 R2:1000 R3:4 R4:160000 R5:4716 R6:7774 R7:1110
[LOG_TRACE] 001110 162700: sub #50, R0
[LOG_TRACE] R0:47730 R1:50000 R2:1000 R3:4 R4:160000 R5:4716 R6:7774 R7:1114
[LOG_TRACE] 001114 103374: bcc 001106
[LOG_TRACE] R0:47730 R1:50000 R2:1000 R3:4 R4:160000 R5:4716 R6:7774 R7:1106
[LOG_TRACE] 001106 010001: mov R0, R1
[LOG_TRACE] R0:47730 R1:47730 R2:1000 R3:4 R4:160000 R5:4716 R6:7774 R7:1110
[LOG_TRACE] 001110 162700: sub #50, R0
[LOG_TRACE] R0:47660 R1:47730 R2:1000 R3:4 R4:160000 R5:4716 R6:7774 R7:1114
[LOG_TRACE] 001114 103374: bcc 001106
[LOG_TRACE] R0:47660 R1:47730 R2:1000 R3:4 R4:160000 R5:4716 R6:7774 R7:1106
[LOG_TRACE] 001106 010001: mov R0, R1
[LOG_TRACE] R0:47660 R1:47660 R2:1000 R3:4 R4:160000 R5:4716 R6:7774 R7:1110
[LOG_TRACE] 001110 162700: sub #50, R0
[LOG_TRACE] R0:47610 R1:47660 R2:1000 R3:4 R4:160000 R5:4716 R6:7774 R7:1114
[LOG_TRACE] 001114 103374: bcc 001106
[LOG_TRACE] R0:47610 R1:47660 R2:1000 R3:4 R4:160000 R5:4716 R6:7774 R7:1106
[LOG_TRACE] 001106 010001: mov R0, R1
[LOG_TRACE] R0:47610 R1:47610 R2:1000 R3:4 R4:160000 R5:4716 R6:7774 R7:1110
[LOG_TRACE] 001110 162700: sub #50, R0
[LOG_TRACE] R0:47540 R1:47610 R2:1000 R3:4 R4:160000 R5:4716 R6:7774 R7:1114
[LOG_TRACE] 001114 103374: bcc 001106
[LOG_TRACE] R0:47540 R1:47610 R2:1000 R3:4 R4:160000 R5:4716 R6:7774 R7:1106
[LOG_TRACE] 001106 010001: mov R0, R1
[LOG_TRACE] R0:47540 R1:47540 R2:1000 R3:4 R4:160000 R5:4716 R6:7774 R7:1110
[LOG_TRACE] 001110 162700: sub #50, R0
[LOG_TRACE] R0:47470 R1:47540 R2:1000 R3:4 R4:160000 R5:4716 R6:7774 R7:1114
[LOG_TRACE] 001114 103374: bcc 001106
[LOG_TRACE] R0:47470 R1:47540 R2:1000 R3:4 R4:160000 R5:4716 R6:7774 R7:1106
[LOG_TRACE] 001106 010001: mov R0, R1
[LOG_TRACE] R0:47470 R1:47470 R2:1000 R3:4 R4:160000 R5:4716 R6:7774 R7:1110
[LOG_TRACE] 001110 162700: sub #50, R0
[LOG_TRACE] R0:47420 R1:47470 R2:1000 R3:4 R4:160000 R5:4716 R6:7774 R7:1114
[LOG_TRACE] 001114 103374: bcc 001106
[LOG_TRACE] R0:47420 R1:47470 R2:1000 R3:4 R4:160000 R5:4716 R6:7774 R7:1106
[LOG_TRACE] 001106 010001: mov R0, R1
[LOG_TRACE] R0:47420 R1:47420 R2:1000 R3:4 R4:160000 R5:4716 R6:7774 R7:1110
[LOG_TRACE] 001110 162700: sub #50, R0
[LOG_TRACE] R0:47350 R1:47420 R2:1000 R3:4 R4:160000 R5:4716 R6:7774 R7:1114
[LOG_TRACE] 001114 103374: bcc 001106
[LOG_TRACE] R0:47350 R1:47420 R2:1000 R3:4 R4:160000 R5:4716 R6:7774 R7:1106
[LOG_TRACE] 001106 010001: mov R0, R1
[LOG_TRACE] R0:47350 R1:47350 R2:1000 R3:4 R4:160000 R5:4716 R6:7774 R7:1110
[LOG_TRACE] 001110 162700: sub #50, R0
[LOG_TRACE] R0:47300 R1:47350 R2:1000 R3:4 R4:160000 R5:4716 R6:7774 R7:1114
[LOG_TRACE] 001114 103374: bcc 001106
[LOG_TRACE] R0:47300 R1:47350 R2:1000 R3:4 R4:160000 R5:4716 R6:7774 R7:1106
[LOG_TRACE] 001106 010001: mov R0, R1
[LOG_TRACE] R0:47300 R1:47300 R2:1000 R3:4 R4:160000 R5:4716 R6:7774 R7:1110
[LOG_TRACE] 001110 162700: sub #50, R0
[LOG_TRACE] R0:47230 R1:47300 R2:1000 R3:4 R4:160000 R5:4716 R6:7774 R7:1114
[LOG_TRACE] 001114 103374: bcc 001106
[LOG_TRACE] R0:47230 R1:47300 R2:1000 R3:4 R4:160000 R5:4716 R6:7774 R7:1106
[LOG_TRACE] 001106 010001: mov R0, R1
[LOG_TRACE] R0:47230 R1:47230 R2:1000 R3:4 R4:160000 R5:4716 R6:7774 R7:1110
[LOG_TRACE] 001110 162700: sub #50, R0
[LOG_TRACE] R0:47160 R1:47230 R2:1000 R3:4 R4:160000 R5:4716 R6:7774 R7:1114
[LOG_TRACE] 001114 103374: bcc 001106
[LOG_TRACE] R0:47160 R1:47230 R2:1000 R3:4 R4:160000 R5:4716 R6:7774 R7:1106
[LOG_TRACE] 001106 010001: mov R0, R1
[LOG_TRACE] R0:47160 R1:47160 R2:1000 R3:4 R4:160000 R5:4716 R6:7774 R7:1110
[LOG_TRACE] 001110 162700: sub #50, R0
[LOG_TRACE] R0:47110 R1:47160 R2:1000 R3:4 R4:160000 R5:4716 R6:7774 R7:1114
[LOG_TRACE] 001114 103374: bcc 001106
[LOG_TRACE] R0:47110 R1:47160 R2:1000 R3:4 R4:160000 R5:4716 R6:7774 R7:1106
[LOG_TRACE] 001106 010001: mov R0, R1
[LOG_TRACE] R0:47110 R1:47110 R2:1000 R3:4 R4:160000 R5:4716 R6:7774 R7:1110
[LOG_TRACE] 001110 162700: sub #50, R0
[LOG_TRACE] R0:47040 R1:47110 R2:1000 R3:4 R4:160000 R5:4716 R6:7774 R7:1114
[LOG_TRACE] 001114 103374: bcc 001106
[LOG_TRACE] R0:47040 R1:47110 R2:1000 R3:4 R4:160000 R5:4716 R6:7774 R7:1106
[LOG_TRACE] 001106 010001: mov R0, R1
[LOG_TRACE] R0:47040 R1:47040 R2:1000 R3:4 R4:160000 R5:4716 R6:7774 R7:1110
[LOG_TRACE] 001110 162700: sub #50, R0
[LOG_TRACE] R0:46770 R1:47040 R2:1000 R3:4 R4:160000 R5:4716 R6:7774 R7:1114
[LOG_TRACE] 001114 103374: bcc 001106
[LOG_TRACE] R0:46770 R1:47040 R2:1000 R3:4 R4:160000 R5:4716 R6:7774 R7:1106
[LOG_TRACE] 001106 010001: mov R0, R1
[LOG_TRACE] R0:46770 R1:46770 R2:1000 R3:4 R4:160000 R5:4716 R6:7774 R7:1110
[LOG_TRACE] 001110 162700: sub #50, R0
[LOG_TRACE] R0:46720 R1:46770 R2:1000 R3:4 R4:160000 R5:4716 R6:7774 R7:1114
[LOG_TRACE] 001114 103374: bcc 001106
[LOG_TRACE] R0:46720 R1:46770 R2:1000 R3:4 R4:160000 R5:4716 R6:7774 R7:1106
[LOG_TRACE] 001106 010001: mov R0, R1
[LOG_TRACE] R0:46720 R1:46720 R2:1000 R3:4 R4:160000 R5:4716 R6:7774 R7:1110
[LOG_TRACE] 001110 162700: sub #50, R0
[LOG_TRACE] R0:46650 R1:46720 R2:1000 R3:4 R4:160000 R5:4716 R6:7774 R7:1114
[LOG_TRACE] 001114 103374: bcc 001106
[LOG_TRACE] R0:46650 R1:46720 R2:1000 R3:4 R4:160000 R5:4716 R6:7774 R7:1106
[LOG_TRACE] 001106 010001: mov R0, R1
[LOG_TRACE] R0:46650 R1:46650 R2:1000 R3:4 R4:160000 R5:4716 R6:7774 R7:1110
[LOG_TRACE] 001110 162700: sub #50, R0
[LOG_TRACE] R0:46600 R1:46650 R2:1000 R3:4 R4:160000 R5:4716 R6:7774 R7:1114
[LOG_TRACE] 001114 103374: bcc 001106
[LOG_TRACE] R0:46600 R1:46650 R2:1000 R3:4 R4:160000 R5:4716 R6:7774 R7:1106
[LOG_TRACE] 001106 010001: mov R0, R1
[LOG_TRACE] R0:46600 R1:46600 R2:1000 R3:4 R4:160000 R5:4716 R6:7774 R7:1110
[LOG_TRACE] 001110 162700: sub #50, R0
[LOG_TRACE] R0:46530 R1:46600 R2:1000 R3:4 R4:160000 R5:4716 R6:7774 R7:1114
[LOG_TRACE] 001114 103374: bcc 001106
[LOG_TRACE] R0:46530 R1:46600 R2:1000 R3:4 R4:160000 R5:4716 R6:7774 R7:1106
[LOG_TRACE] 001106 010001: mov R0, R1
[LOG_TRACE] R0:46530 R1:46530 R2:1000 R3:4 R4:160000 R5:4716 R6:7774 R7:1110
[LOG_TRACE] 001110 162700: sub #50, R0
[LOG_TRACE] R0:46460 R1:46530 R2:1000 R3:4 R4:160000 R5:4716 R6:7774 R7:1114
[LOG_TRACE] 001114 103374: bcc 001106
[LOG_TRACE] R0:46460 R1:46530 R2:1000 R3:4 R4:160000 R5:4716 R6:7774 R7:1106
[LOG_TRACE] 001106 010001: mov R0, R1
[LOG_TRACE] R0:46460 R1:46460 R2:1000 R3:4 R4:160000 R5:4716 R6:7774 R7:1110
[LOG_TRACE] 001110 162700: sub #50, R0
[LOG_TRACE] R0:46410 R1:46460 R2:1000 R3:4 R4:160000 R5:4716 R6:7774 R7:1114
[LOG_TRACE] 001114 103374: bcc 001106
[LOG_TRACE] R0:46410 R1:46460 R2:1000 R3:4 R4:160000 R5:4716 R6:7774 R7:1106
[LOG_TRACE] 001106 010001: mov R0, R1
[LOG_TRACE] R0:46410 R1:46410 R2:1000 R3:4 R4:160000 R5:4716 R6:7774 R7:1110
[LOG_TRACE] 001110 162700: sub #50, R0
[LOG_TRACE] R0:46340 R1:46410 R2:1000 R3:4 R4:160000 R5:4716 R6:7774 R7:1114
[LOG_TRACE] 001114 103374: bcc 001106
[LOG_TRACE] R0:46340 R1:46410 R2:1000 R3:4 R4:160000 R5:4716 R6:7774 R7:1106
[LOG_TRACE] 001106 010001: mov R0, R1
[LOG_TRACE] R0:46340 R1:46340 R2:1000 R3:4 R4:160000 R5:4716 R6:7774 R7:1110
[LOG_TRACE] 001110 162700: sub #50, R0
[LOG_TRACE] R0:46270 R1:46340 R2:1000 R3:4 R4:160000 R5:4716 R6:7774 R7:1114
[LOG_TRACE] 001114 103374: bcc 001106
[LOG_TRACE] R0:46270 R1:46340 R2:1000 R3:4 R4:160000 R5:4716 R6:7774 R7:1106
[LOG_TRACE] 001106 010001: mov R0, R1
[LOG_TRACE] R0:46270 R1:46270 R2:1000 R3:4 R4:160000 R5:4716 R6:7774 R7:1110
[LOG_TRACE] 001110 162700: sub #50, R0
[LOG_TRACE] R0:46220 R1:46270 R2:1000 R3:4 R4:160000 R5:4716 R6:7774 R7:1114
[LOG_TRACE] 001114 103374: bcc 001106
[LOG_TRACE] R0:46220 R1:46270 R2:1000 R3:4 R4:160000 R5:4716 R6:7774 R7:1106
[LOG_TRACE] 001106 010001: mov R0, R1
[LOG_TRACE] R0:46220 R1:46220 R2:1000 R3:4 R4:160000 R5:4716 R6:7774 R7:1110
[LOG_TRACE] 001110 162700: sub #50, R0
[LOG_TRACE] R0:46150 R1:46220 R2:1000 R3:4 R4:160000 R5:4716 R6:7774 R7:1114
[LOG_TRACE] 001114 103374: bcc 001106
[LOG_TRACE] R0:46150 R1:46220 R2:1000 R3:4 R4:160000 R5:4716 R6:7774 R7:1106
[LOG_TRACE] 001106 010001: mov R0, R1
[LOG_TRACE] R0:46150 R1:46150 R2:1000 R3:4 R4:160000 R5:4716 R6:7774 R7:1110
[LOG_TRACE] 001110 162700: sub #50, R0
[LOG_TRACE] R0:46100 R1:46150 R2:1000 R3:4 R4:160000 R5:4716 R6:7774 R7:1114
[LOG_TRACE] 001114 103374: bcc 001106
[LOG_TRACE] R0:46100 R1:46150 R2:1000 R3:4 R4:160000 R5:4716 R6:7774 R7:1106
[LOG_TRACE] 001106 010001: mov R0, R1
[LOG_TRACE] R0:46100 R1:46100 R2:1000 R3:4 R4:160000 R5:4716 R6:7774 R7:1110
[LOG_TRACE] 001110 162700: sub #50, R0
[LOG_TRACE] R0:46030 R1:46100 R2:1000 R3:4 R4:160000 R5:4716 R6:7774 R7:1114
[LOG_TRACE] 001114 103374: bcc 001106
[LOG_TRACE] R0:46030 R1:46100 R2:1000 R3:4 R4:160000 R5:4716 R6:7774 R7:1106
[LOG_TRACE] 001106 010001: mov R0, R1
[LOG_TRACE] R0:46030 R1:46030 R2:1000 R3:4 R4:160000 R5:4716 R6:7774 R7:1110
[LOG_TRACE] 001110 162700: sub #50, R0
[LOG_TRACE] R0:45760 R1:46030 R2:1000 R3:4 R4:160000 R5:4716 R6:7774 R7:1114
[LOG_TRACE] 001114 103374: bcc 001106
[LOG_TRACE] R0:45760 R1:46030 R2:1000 R3:4 R4:160000 R5:4716 R6:7774 R7:1106
[LOG_TRACE] 001106 010001: mov R0, R1
[LOG_TRACE] R0:45760 R1:45760 R2:1000 R3:4 R4:160000 R5:4716 R6:7774 R7:1110
[LOG_TRACE] 001110 162700: sub #50, R0
[LOG_TRACE] R0:45710 R1:45760 R2:1000 R3:4 R4:160000 R5:4716 R6:7774 R7:1114
[LOG_TRACE] 001114 103374: bcc 001106
[LOG_TRACE] R0:45710 R1:45760 R2:1000 R3:4 R4:160000 R5:4716 R6:7774 R7:1106
[LOG_TRACE] 001106 010001: mov R0, R1
[LOG_TRACE] R0:45710 R1:45710 R2:1000 R3:4 R4:160000 R5:4716 R6:7774 R7:1110
[LOG_TRACE] 001110 162700: sub #50, R0
[LOG_TRACE] R0:45640 R1:45710 R2:1000 R3:4 R4:160000 R5:4716 R6:7774 R7:1114
[LOG_TRACE] 001114 103374: bcc 001106
[LOG_TRACE] R0:45640 R1:45710 R2:1000 R3:4 R4:160000 R5:4716 R6:7774 R7:1106
[LOG_TRACE] 001106 010001: mov R0, R1
[LOG_TRACE] R0:45640 R1:45640 R2:1000 R3:4 R4:160000 R5:4716 R6:7774 R7:1110
[LOG_TRACE] 001110 162700: sub #50, R0
[LOG_TRACE] R0:45570 R1:45640 R2:1000 R3:4 R4:160000 R5:4716 R6:7774 R7:1114
[LOG_TRACE] 001114 103374: bcc 001106
[LOG_TRACE] R0:45570 R1:45640 R2:1000 R3:4 R4:160000 R5:4716 R6:7774 R7:1106
[LOG_TRACE] 001106 010001: mov R0, R1
[LOG_TRACE] R0:45570 R1:45570 R2:1000 R3:4 R4:160000 R5:4716 R6:7774 R7:1110
[LOG_TRACE] 001110 162700: sub #50, R0
[LOG_TRACE] R0:45520 R1:45570 R2:1000 R3:4 R4:160000 R5:4716 R6:7774 R7:1114
[LOG_TRACE] 001114 103374: bcc 001106
[LOG_TRACE] R0:45520 R1:45570 R2:1000 R3:4 R4:160000 R5:4716 R6:7774 R7:1106
[LOG_TRACE] 001106 010001: mov R0, R1
[LOG_TRACE] R0:45520 R1:45520 R2:1000 R3:4 R4:160000 R5:4716 R6:7774 R7:1110
[LOG_TRACE] 001110 162700: sub #50, R0
[LOG_TRACE] R0:45450 R1:45520 R2:1000 R3:4 R4:160000 R5:4716 R6:7774 R7:1114
[LOG_TRACE] 001114 103374: bcc 001106
[LOG_TRACE] R0:45450 R1:45520 R2:1000 R3:4 R4:160000 R5:4716 R6:7774 R7:1106
[LOG_TRACE] 001106 010001: mov R0, R1
[LOG_TRACE] R0:45450 R1:45450 R2:1000 R3:4 R4:160000 R5:4716 R6:7774 R7:1110
[LOG_TRACE] 001110 162700: sub #50, R0
[LOG_TRACE] R0:45400 R1:45450 R2:1000 R3:4 R4:160000 R5:4716 R6:7774 R7:1114
[LOG_TRACE] 001114 103374: bcc 001106
[LOG_TRACE] R0:45400 R1:45450 R2:1000 R3:4 R4:160000 R5:4716 R6:7774 R7:1106
[LOG_TRACE] 001106 010001: mov R0, R1
[LOG_TRACE] R0:45400 R1:45400 R2:1000 R3:4 R4:160000 R5:4716 R6:7774 R7:1110
[LOG_TRACE] 001110 162700: sub #50, R0
[LOG_TRACE] R0:45330 R1:45400 R2:1000 R3:4 R4:160000 R5:4716 R6:7774 R7:1114
[LOG_TRACE] 001114 103374: bcc 001106
[LOG_TRACE] R0:45330 R1:45400 R2:1000 R3:4 R4:160000 R5:4716 R6:7774 R7:1106
[LOG_TRACE] 001106 010001: mov R0, R1
[LOG_TRACE] R0:45330 R1:45330 R2:1000 R3:4 R4:160000 R5:4716 R6:7774 R7:1110
[LOG_TRACE] 001110 162700: sub #50, R0
[LOG_TRACE] R0:45260 R1:45330 R2:1000 R3:4 R4:160000 R5:4716 R6:7774 R7:1114
[LOG_TRACE] 001114 103374: bcc 001106
[LOG_TRACE] R0:45260 R1:45330 R2:1000 R3:4 R4:160000 R5:4716 R6:7774 R7:1106
[LOG_TRACE] 001106 010001: mov R0, R1
[LOG_TRACE] R0:45260 R1:45260 R2:1000 R3:4 R4:160000 R5:4716 R6:7774 R7:1110
[LOG_TRACE] 001110 162700: sub #50, R0
[LOG_TRACE] R0:45210 R1:45260 R2:1000 R3:4 R4:160000 R5:4716 R6:7774 R7:1114
[LOG_TRACE] 001114 103374: bcc 001106
[LOG_TRACE] R0:45210 R1:45260 R2:1000 R3:4 R4:160000 R5:4716 R6:7774 R7:1106
[LOG_TRACE] 001106 010001: mov R0, R1
[LOG_TRACE] R0:45210 R1:45210 R2:1000 R3:4 R4:160000 R5:4716 R6:7774 R7:1110
[LOG_TRACE] 001110 162700: sub #50, R0
[LOG_TRACE] R0:45140 R1:45210 R2:1000 R3:4 R4:160000 R5:4716 R6:7774 R7:1114
[LOG_TRACE] 001114 103374: bcc 001106
[LOG_TRACE] R0:45140 R1:45210 R2:1000 R3:4 R4:160000 R5:4716 R6:7774 R7:1106
[LOG_TRACE] 001106 010001: mov R0, R1
[LOG_TRACE] R0:45140 R1:45140 R2:1000 R3:4 R4:160000 R5:4716 R6:7774 R7:1110
[LOG_TRACE] 001110 162700: sub #50, R0
[LOG_TRACE] R0:45070 R1:45140 R2:1000 R3:4 R4:160000 R5:4716 R6:7774 R7:1114
[LOG_TRACE] 001114 103374: bcc 001106
[LOG_TRACE] R0:45070 R1:45140 R2:1000 R3:4 R4:160000 R5:4716 R6:7774 R7:1106
[LOG_TRACE] 001106 010001: mov R0, R1
[LOG_TRACE] R0:45070 R1:45070 R2:1000 R3:4 R4:160000 R5:4716 R6:7774 R7:1110
[LOG_TRACE] 001110 162700: sub #50, R0
[LOG_TRACE] R0:45020 R1:45070 R2:1000 R3:4 R4:160000 R5:4716 R6:7774 R7:1114
[LOG_TRACE] 001114 103374: bcc 001106
[LOG_TRACE] R0:45020 R1:45070 R2:1000 R3:4 R4:160000 R5:4716 R6:7774 R7:1106
[LOG_TRACE] 001106 010001: mov R0, R1
[LOG_TRACE] R0:45020 R1:45020 R2:1000 R3:4 R4:160000 R5:4716 R6:7774 R7:1110
[LOG_TRACE] 001110 162700: sub #50, R0
[LOG_TRACE] R0:44750 R1:45020 R2:1000 R3:4 R4:160000 R5:4716 R6:7774 R7:1114
[LOG_TRACE] 001114 103374: bcc 001106
[LOG_TRACE] R0:44750 R1:45020 R2:1000 R3:4 R4:160000 R5:4716 R6:7774 R7:1106
[LOG_TRACE] 001106 010001: mov R0, R1
[LOG_TRACE] R0:44750 R1:44750 R2:1000 R3:4 R4:160000 R5:4716 R6:7774 R7:1110
[LOG_TRACE] 001110 162700: sub #50, R0
[LOG_TRACE] R0:44700 R1:44750 R2:1000 R3:4 R4:160000 R5:4716 R6:7774 R7:1114
[LOG_TRACE] 001114 103374: bcc 001106
[LOG_TRACE] R0:44700 R1:44750 R2:1000 R3:4 R4:160000 R5:4716 R6:7774 R7:1106
[LOG_TRACE] 001106 010001: mov R0, R1
[LOG_TRACE] R0:44700 R1:44700 R2:1000 R3:4 R4:160000 R5:4716 R6:7774 R7:1110
[LOG_TRACE] 001110 162700: sub #50, R0
[LOG_TRACE] R0:44630 R1:44700 R2:1000 R3:4 R4:160000 R5:4716 R6:7774 R7:1114
[LOG_TRACE] 001114 103374: bcc 001106
[LOG_TRACE] R0:44630 R1:44700 R2:1000 R3:4 R4:160000 R5:4716 R6:7774 R7:1106
[LOG_TRACE] 001106 010001: mov R0, R1
[LOG_TRACE] R0:44630 R1:44630 R2:1000 R3:4 R4:160000 R5:4716 R6:7774 R7:1110
[LOG_TRACE] 001110 162700: sub #50, R0
[LOG_TRACE] R0:44560 R1:44630 R2:1000 R3:4 R4:160000 R5:4716 R6:7774 R7:1114
[LOG_TRACE] 001114 103374: bcc 001106
[LOG_TRACE] R0:44560 R1:44630 R2:1000 R3:4 R4:160000 R5:4716 R6:7774 R7:1106
[LOG_TRACE] 001106 010001: mov R0, R1
[LOG_TRACE] R0:44560 R1:44560 R2:1000 R3:4 R4:160000 R5:4716 R6:7774 R7:1110
[LOG_TRACE] 001110 162700: sub #50, R0
[LOG_TRACE] R0:44510 R1:44560 R2:1000 R3:4 R4:160000 R5:4716 R6:7774 R7:1114
[LOG_TRACE] 001114 103374: bcc 001106
[LOG_TRACE] R0:44510 R1:44560 R2:1000 R3:4 R4:160000 R5:4716 R6:7774 R7:1106
[LOG_TRACE] 001106 010001: mov R0, R1
[LOG_TRACE] R0:44510 R1:44510 R2:1000 R3:4 R4:160000 R5:4716 R6:7774 R7:1110
[LOG_TRACE] 001110 162700: sub #50, R0
[LOG_TRACE] R0:44440 R1:44510 R2:1000 R3:4 R4:160000 R5:4716 R6:7774 R7:1114
[LOG_TRACE] 001114 103374: bcc 001106
[LOG_TRACE] R0:44440 R1:44510 R2:1000 R3:4 R4:160000 R5:4716 R6:7774 R7:1106
[LOG_TRACE] 001106 010001: mov R0, R1
[LOG_TRACE] R0:44440 R1:44440 R2:1000 R3:4 R4:160000 R5:4716 R6:7774 R7:1110
[LOG_TRACE] 001110 162700: sub #50, R0
[LOG_TRACE] R0:44370 R1:44440 R2:1000 R3:4 R4:160000 R5:4716 R6:7774 R7:1114
[LOG_TRACE] 001114 103374: bcc 001106
[LOG_TRACE] R0:44370 R1:44440 R2:1000 R3:4 R4:160000 R5:4716 R6:7774 R7:1106
[LOG_TRACE] 001106 010001: mov R0, R1
[LOG_TRACE] R0:44370 R1:44370 R2:1000 R3:4 R4:160000 R5:4716 R6:7774 R7:1110
[LOG_TRACE] 001110 162700: sub #50, R0
[LOG_TRACE] R0:44320 R1:44370 R2:1000 R3:4 R4:160000 R5:4716 R6:7774 R7:1114
[LOG_TRACE] 001114 103374: bcc 001106
[LOG_TRACE] R0:44320 R1:44370 R2:1000 R3:4 R4:160000 R5:4716 R6:7774 R7:1106
[LOG_TRACE] 001106 010001: mov R0, R1
[LOG_TRACE] R0:44320 R1:44320 R2:1000 R3:4 R4:160000 R5:4716 R6:7774 R7:1110
[LOG_TRACE] 001110 162700: sub #50, R0
[LOG_TRACE] R0:44250 R1:44320 R2:1000 R3:4 R4:160000 R5:4716 R6:7774 R7:1114
[LOG_TRACE] 001114 103374: bcc 001106
[LOG_TRACE] R0:44250 R1:44320 R2:1000 R3:4 R4:160000 R5:4716 R6:7774 R7:1106
[LOG_TRACE] 001106 010001: mov R0, R1
[LOG_TRACE] R0:44250 R1:44250 R2:1000 R3:4 R4:160000 R5:4716 R6:7774 R7:1110
[LOG_TRACE] 001110 162700: sub #50, R0
[LOG_TRACE] R0:44200 R1:44250 R2:1000 R3:4 R4:160000 R5:4716 R6:7774 R7:1114
[LOG_TRACE] 001114 103374: bcc 001106
[LOG_TRACE] R0:44200 R1:44250 R2:1000 R3:4 R4:160000 R5:4716 R6:7774 R7:1106
[LOG_TRACE] 001106 010001: mov R0, R1
[LOG_TRACE] R0:44200 R1:44200 R2:1000 R3:4 R4:160000 R5:4716 R6:7774 R7:1110
[LOG_TRACE] 001110 162700: sub #50, R0
[LOG_TRACE] R0:44130 R1:44200 R2:1000 R3:4 R4:160000 R5:4716 R6:7774 R7:1114
[LOG_TRACE] 001114 103374: bcc 001106
[LOG_TRACE] R0:44130 R1:44200 R2:1000 R3:4 R4:160000 R5:4716 R6:7774 R7:1106
[LOG_TRACE] 001106 010001: mov R0, R1
[LOG_TRACE] R0:44130 R1:44130 R2:1000 R3:4 R4:160000 R5:4716 R6:7774 R7:1110
[LOG_TRACE] 001110 162700: sub #50, R0
[LOG_TRACE] R0:44060 R1:44130 R2:1000 R3:4 R4:160000 R5:4716 R6:7774 R7:1114
[LOG_TRACE] 001114 103374: bcc 001106
[LOG_TRACE] R0:44060 R1:44130 R2:1000 R3:4 R4:160000 R5:4716 R6:7774 R7:1106
[LOG_TRACE] 001106 010001: mov R0, R1
[LOG_TRACE] R0:44060 R1:44060 R2:1000 R3:4 R4:160000 R5:4716 R6:7774 R7:1110
[LOG_TRACE] 001110 162700: sub #50, R0
[LOG_TRACE] R0:44010 R1:44060 R2:1000 R3:4 R4:160000 R5:4716 R6:7774 R7:1114
[LOG_TRACE] 001114 103374: bcc 001106
[LOG_TRACE] R0:44010 R1:44060 R2:1000 R3:4 R4:160000 R5:4716 R6:7774 R7:1106
[LOG_TRACE] 001106 010001: mov R0, R1
[LOG_TRACE] R0:44010 R1:44010 R2:1000 R3:4 R4:160000 R5:4716 R6:7774 R7:1110
[LOG_TRACE] 001110 162700: sub #50, R0
[LOG_TRACE] R0:43740 R1:44010 R2:1000 R3:4 R4:160000 R5:4716 R6:7774 R7:1114
[LOG_TRACE] 001114 103374: bcc 001106
[LOG_TRACE] R0:43740 R1:44010 R2:1000 R3:4 R4:160000 R5:4716 R6:7774 R7:1106
[LOG_TRACE] 001106 010001: mov R0, R1
[LOG_TRACE] R0:43740 R1:43740 R2:1000 R3:4 R4:160000 R5:4716 R6:7774 R7:1110
[LOG_TRACE] 001110 162700: sub #50, R0
[LOG_TRACE] R0:43670 R1:43740 R2:1000 R3:4 R4:160000 R5:4716 R6:7774 R7:1114
[LOG_TRACE] 001114 103374: bcc 001106
[LOG_TRACE] R0:43670 R1:43740 R2:1000 R3:4 R4:160000 R5:4716 R6:7774 R7:1106
[LOG_TRACE] 001106 010001: mov R0, R1
[LOG_TRACE] R0:43670 R1:43670 R2:1000 R3:4 R4:160000 R5:4716 R6:7774 R7:1110
[LOG_TRACE] 001110 162700: sub #50, R0
[LOG_TRACE] R0:43620 R1:43670 R2:1000 R3:4 R4:160000 R5:4716 R6:7774 R7:1114
[LOG_TRACE] 001114 103374: bcc 001106
[LOG_TRACE] R0:43620 R1:43670 R2:1000 R3:4 R4:160000 R5:4716 R6:7774 R7:1106
[LOG_TRACE] 001106 010001: mov R0, R1
[LOG_TRACE] R0:43620 R1:43620 R2:1000 R3:4 R4:160000 R5:4716 R6:7774 R7:1110
[LOG_TRACE] 001110 162700: sub #50, R0
[LOG_TRACE] R0:43550 R1:43620 R2:1000 R3:4 R4:160000 R5:4716 R6:7774 R7:1114
[LOG_TRACE] 001114 103374: bcc 001106
[LOG_TRACE] R0:43550 R1:43620 R2:1000 R3:4 R4:160000 R5:4716 R6:7774 R7:1106
[LOG_TRACE] 001106 010001: mov R0, R1
[LOG_TRACE] R0:43550 R1:43550 R2:1000 R3:4 R4:160000 R5:4716 R6:7774 R7:1110
[LOG_TRACE] 001110 162700: sub #50, R0
[LOG_TRACE] R0:43500 R1:43550 R2:1000 R3:4 R4:160000 R5:4716 R6:7774 R7:1114
[LOG_TRACE] 001114 103374: bcc 001106
[LOG_TRACE] R0:43500 R1:43550 R2:1000 R3:4 R4:160000 R5:4716 R6:7774 R7:1106
[LOG_TRACE] 001106 010001: mov R0, R1
[LOG_TRACE] R0:43500 R1:43500 R2:1000 R3:4 R4:160000 R5:4716 R6:7774 R7:1110
[LOG_TRACE] 001110 162700: sub #50, R0
[LOG_TRACE] R0:43430 R1:43500 R2:1000 R3:4 R4:160000 R5:4716 R6:7774 R7:1114
[LOG_TRACE] 001114 103374: bcc 001106
[LOG_TRACE] R0:43430 R1:43500 R2:1000 R3:4 R4:160000 R5:4716 R6:7774 R7:1106
[LOG_TRACE] 001106 010001: mov R0, R1
[LOG_TRACE] R0:43430 R1:43430 R2:1000 R3:4 R4:160000 R5:4716 R6:7774 R7:1110
[LOG_TRACE] 001110 162700: sub #50, R0
[LOG_TRACE] R0:43360 R1:43430 R2:1000 R3:4 R4:160000 R5:4716 R6:7774 R7:1114
[LOG_TRACE] 001114 103374: bcc 001106
[LOG_TRACE] R0:43360 R1:43430 R2:1000 R3:4 R4:160000 R5:4716 R6:7774 R7:1106
[LOG_TRACE] 001106 010001: mov R0, R1
[LOG_TRACE] R0:43360 R1:43360 R2:1000 R3:4 R4:160000 R5:4716 R6:7774 R7:1110
[LOG_TRACE] 001110 162700: sub #50, R0
[LOG_TRACE] R0:43310 R1:43360 R2:1000 R3:4 R4:160000 R5:4716 R6:7774 R7:1114
[LOG_TRACE] 001114 103374: bcc 001106
[LOG_TRACE] R0:43310 R1:43360 R2:1000 R3:4 R4:160000 R5:4716 R6:7774 R7:1106
[LOG_TRACE] 001106 010001: mov R0, R1
[LOG_TRACE] R0:43310 R1:43310 R2:1000 R3:4 R4:160000 R5:4716 R6:7774 R7:1110
[LOG_TRACE] 001110 162700: sub #50, R0
[LOG_TRACE] R0:43240 R1:43310 R2:1000 R3:4 R4:160000 R5:4716 R6:7774 R7:1114
[LOG_TRACE] 001114 103374: bcc 001106
[LOG_TRACE] R0:43240 R1:43310 R2:1000 R3:4 R4:160000 R5:4716 R6:7774 R7:1106
[LOG_TRACE] 001106 010001: mov R0, R1
[LOG_TRACE] R0:43240 R1:43240 R2:1000 R3:4 R4:160000 R5:4716 R6:7774 R7:1110
[LOG_TRACE] 001110 162700: sub #50, R0
[LOG_TRACE] R0:43170 R1:43240 R2:1000 R3:4 R4:160000 R5:4716 R6:7774 R7:1114
[LOG_TRACE] 001114 103374: bcc 001106
[LOG_TRACE] R0:43170 R1:43240 R2:1000 R3:4 R4:160000 R5:4716 R6:7774 R7:1106
[LOG_TRACE] 001106 010001: mov R0, R1
[LOG_TRACE] R0:43170 R1:43170 R2:1000 R3:4 R4:160000 R5:4716 R6:7774 R7:1110
[LOG_TRACE] 001110 162700: sub #50, R0
[LOG_TRACE] R0:43120 R1:43170 R2:1000 R3:4 R4:160000 R5:4716 R6:7774 R7:1114
[LOG_TRACE] 001114 103374: bcc 001106
[LOG_TRACE] R0:43120 R1:43170 R2:1000 R3:4 R4:160000 R5:4716 R6:7774 R7:1106
[LOG_TRACE] 001106 010001: mov R0, R1
[LOG_TRACE] R0:43120 R1:43120 R2:1000 R3:4 R4:160000 R5:4716 R6:7774 R7:1110
[LOG_TRACE] 001110 162700: sub #50, R0
[LOG_TRACE] R0:43050 R1:43120 R2:1000 R3:4 R4:160000 R5:4716 R6:7774 R7:1114
[LOG_TRACE] 001114 103374: bcc 001106
[LOG_TRACE] R0:43050 R1:43120 R2:1000 R3:4 R4:160000 R5:4716 R6:7774 R7:1106
[LOG_TRACE] 001106 010001: mov R0, R1
[LOG_TRACE] R0:43050 R1:43050 R2:1000 R3:4 R4:160000 R5:4716 R6:7774 R7:1110
[LOG_TRACE] 001110 162700: sub #50, R0
[LOG_TRACE] R0:43000 R1:43050 R2:1000 R3:4 R4:160000 R5:4716 R6:7774 R7:1114
[LOG_TRACE] 001114 103374: bcc 001106
[LOG_TRACE] R0:43000 R1:43050 R2:1000 R3:4 R4:160000 R5:4716 R6:7774 R7:1106
[LOG_TRACE] 001106 010001: mov R0, R1
[LOG_TRACE] R0:43000 R1:43000 R2:1000 R3:4 R4:160000 R5:4716 R6:7774 R7:1110
[LOG_TRACE] 001110 162700: sub #50, R0
[LOG_TRACE] R0:42730 R1:43000 R2:1000 R3:4 R4:160000 R5:4716 R6:7774 R7:1114
[LOG_TRACE] 001114 103374: bcc 001106
[LOG_TRACE] R0:42730 R1:43000 R2:1000 R3:4 R4:160000 R5:4716 R6:7774 R7:1106
[LOG_TRACE] 001106 010001: mov R0, R1
[LOG_TRACE] R0:42730 R1:42730 R2:1000 R3:4 R4:160000 R5:4716 R6:7774 R7:1110
[LOG_TRACE] 001110 162700: sub #50, R0
[LOG_TRACE] R0:42660 R1:42730 R2:1000 R3:4 R4:160000 R5:4716 R6:7774 R7:1114
[LOG_TRACE] 001114 103374: bcc 001106
[LOG_TRACE] R0:42660 R1:42730 R2:1000 R3:4 R4:160000 R5:4716 R6:7774 R7:1106
[LOG_TRACE] 001106 010001: mov R0, R1
[LOG_TRACE] R0:42660 R1:42660 R2:1000 R3:4 R4:160000 R5:4716 R6:7774 R7:1110
[LOG_TRACE] 001110 162700: sub #50, R0
[LOG_TRACE] R0:42610 R1:42660 R2:1000 R3:4 R4:160000 R5:4716 R6:7774 R7:1114
[LOG_TRACE] 001114 103374: bcc 001106
[LOG_TRACE] R0:42610 R1:42660 R2:1000 R3:4 R4:160000 R5:4716 R6:7774 R7:1106
[LOG_TRACE] 001106 010001: mov R0, R1
[LOG_TRACE] R0:42610 R1:42610 R2:1000 R3:4 R4:160000 R5:4716 R6:7774 R7:1110
[LOG_TRACE] 001110 162700: sub #50, R0
[LOG_TRACE] R0:42540 R1:42610 R2:1000 R3:4 R4:160000 R5:4716 R6:7774 R7:1114
[LOG_TRACE] 001114 103374: bcc 001106
[LOG_TRACE] R0:42540 R1:42610 R2:1000 R3:4 R4:160000 R5:4716 R6:7774 R7:1106
[LOG_TRACE] 001106 010001: mov R0, R1
[LOG_TRACE] R0:42540 R1:42540 R2:1000 R3:4 R4:160000 R5:4716 R6:7774 R7:1110
[LOG_TRACE] 001110 162700: sub #50, R0
[LOG_TRACE] R0:42470 R1:42540 R2:1000 R3:4 R4:160000 R5:4716 R6:7774 R7:1114
[LOG_TRACE] 001114 103374: bcc 001106
[LOG_TRACE] R0:42470 R1:42540 R2:1000 R3:4 R4:160000 R5:4716 R6:7774 R7:1106
[LOG_TRACE] 001106 010001: mov R0, R1
[LOG_TRACE] R0:42470 R1:42470 R2:1000 R3:4 R4:160000 R5:4716 R6:7774 R7:1110
[LOG_TRACE] 001110 162700: sub #50, R0
[LOG_TRACE] R0:42420 R1:42470 R2:1000 R3:4 R4:160000 R5:4716 R6:7774 R7:1114
[LOG_TRACE] 001114 103374: bcc 001106
[LOG_TRACE] R0:42420 R1:42470 R2:1000 R3:4 R4:160000 R5:4716 R6:7774 R7:1106
[LOG_TRACE] 001106 010001: mov R0, R1
[LOG_TRACE] R0:42420 R1:42420 R2:1000 R3:4 R4:160000 R5:4716 R6:7774 R7:1110
[LOG_TRACE] 001110 162700: sub #50, R0
[LOG_TRACE] R0:42350 R1:42420 R2:1000 R3:4 R4:160000 R5:4716 R6:7774 R7:1114
[LOG_TRACE] 001114 103374: bcc 001106
[LOG_TRACE] R0:42350 R1:42420 R2:1000 R3:4 R4:160000 R5:4716 R6:7774 R7:1106
[LOG_TRACE] 001106 010001: mov R0, R1
[LOG_TRACE] R0:42350 R1:42350 R2:1000 R3:4 R4:160000 R5:4716 R6:7774 R7:1110
[LOG_TRACE] 001110 162700: sub #50, R0
[LOG_TRACE] R0:42300 R1:42350 R2:1000 R3:4 R4:160000 R5:4716 R6:7774 R7:1114
[LOG_TRACE] 001114 103374: bcc 001106
[LOG_TRACE] R0:42300 R1:42350 R2:1000 R3:4 R4:160000 R5:4716 R6:7774 R7:1106
[LOG_TRACE] 001106 010001: mov R0, R1
[LOG_TRACE] R0:42300 R1:42300 R2:1000 R3:4 R4:160000 R5:4716 R6:7774 R7:1110
[LOG_TRACE] 001110 162700: sub #50, R0
[LOG_TRACE] R0:42230 R1:42300 R2:1000 R3:4 R4:160000 R5:4716 R6:7774 R7:1114
[LOG_TRACE] 001114 103374: bcc 001106
[LOG_TRACE] R0:42230 R1:42300 R2:1000 R3:4 R4:160000 R5:4716 R6:7774 R7:1106
[LOG_TRACE] 001106 010001: mov R0, R1
[LOG_TRACE] R0:42230 R1:42230 R2:1000 R3:4 R4:160000 R5:4716 R6:7774 R7:1110
[LOG_TRACE] 001110 162700: sub #50, R0
[LOG_TRACE] R0:42160 R1:42230 R2:1000 R3:4 R4:160000 R5:4716 R6:7774 R7:1114
[LOG_TRACE] 001114 103374: bcc 001106
[LOG_TRACE] R0:42160 R1:42230 R2:1000 R3:4 R4:160000 R5:4716 R6:7774 R7:1106
[LOG_TRACE] 001106 010001: mov R0, R1
[LOG_TRACE] R0:42160 R1:42160 R2:1000 R3:4 R4:160000 R5:4716 R6:7774 R7:1110
[LOG_TRACE] 001110 162700: sub #50, R0
[LOG_TRACE] R0:42110 R1:42160 R2:1000 R3:4 R4:160000 R5:4716 R6:7774 R7:1114
[LOG_TRACE] 001114 103374: bcc 001106
[LOG_TRACE] R0:42110 R1:42160 R2:1000 R3:4 R4:160000 R5:4716 R6:7774 R7:1106
[LOG_TRACE] 001106 010001: mov R0, R1
[LOG_TRACE] R0:42110 R1:42110 R2:1000 R3:4 R4:160000 R5:4716 R6:7774 R7:1110
[LOG_TRACE] 001110 162700: sub #50, R0
[LOG_TRACE] R0:42040 R1:42110 R2:1000 R3:4 R4:160000 R5:4716 R6:7774 R7:1114
[LOG_TRACE] 001114 103374: bcc 001106
[LOG_TRACE] R0:42040 R1:42110 R2:1000 R3:4 R4:160000 R5:4716 R6:7774 R7:1106
[LOG_TRACE] 001106 010001: mov R0, R1
[LOG_TRACE] R0:42040 R1:42040 R2:1000 R3:4 R4:160000 R5:4716 R6:7774 R7:1110
[LOG_TRACE] 001110 162700: sub #50, R0
[LOG_TRACE] R0:41770 R1:42040 R2:1000 R3:4 R4:160000 R5:4716 R6:7774 R7:1114
[LOG_TRACE] 001114 103374: bcc 001106
[LOG_TRACE] R0:41770 R1:42040 R2:1000 R3:4 R4:160000 R5:4716 R6:7774 R7:1106
[LOG_TRACE] 001106 010001: mov R0, R1
[LOG_TRACE] R0:41770 R1:41770 R2:1000 R3:4 R4:160000 R5:4716 R6:7774 R7:1110
[LOG_TRACE] 001110 162700: sub #50, R0
[LOG_TRACE] R0:41720 R1:41770 R2:1000 R3:4 R4:160000 R5:4716 R6:7774 R7:1114
[LOG_TRACE] 001114 103374: bcc 001106
[LOG_TRACE] R0:41720 R1:41770 R2:1000 R3:4 R4:160000 R5:4716 R6:7774 R7:1106
[LOG_TRACE] 001106 010001: mov R0, R1
[LOG_TRACE] R0:41720 R1:41720 R2:1000 R3:4 R4:160000 R5:4716 R6:7774 R7:1110
[LOG_TRACE] 001110 162700: sub #50, R0
[LOG_TRACE] R0:41650 R1:41720 R2:1000 R3:4 R4:160000 R5:4716 R6:7774 R7:1114
[LOG_TRACE] 001114 103374: bcc 001106
[LOG_TRACE] R0:41650 R1:41720 R2:1000 R3:4 R4:160000 R5:4716 R6:7774 R7:1106
[LOG_TRACE] 001106 010001: mov R0, R1
[LOG_TRACE] R0:41650 R1:41650 R2:1000 R3:4 R4:160000 R5:4716 R6:7774 R7:1110
[LOG_TRACE] 001110 162700: sub #50, R0
[LOG_TRACE] R0:41600 R1:41650 R2:1000 R3:4 R4:160000 R5:4716 R6:7774 R7:1114
[LOG_TRACE] 001114 103374: bcc 001106
[LOG_TRACE] R0:41600 R1:41650 R2:1000 R3:4 R4:160000 R5:4716 R6:7774 R7:1106
[LOG_TRACE] 001106 010001: mov R0, R1
[LOG_TRACE] R0:41600 R1:41600 R2:1000 R3:4 R4:160000 R5:4716 R6:7774 R7:1110
[LOG_TRACE] 001110 162700: sub #50, R0
[LOG_TRACE] R0:41530 R1:41600 R2:1000 R3:4 R4:160000 R5:4716 R6:7774 R7:1114
[LOG_TRACE] 001114 103374: bcc 001106
[LOG_TRACE] R0:41530 R1:41600 R2:1000 R3:4 R4:160000 R5:4716 R6:7774 R7:1106
[LOG_TRACE] 001106 010001: mov R0, R1
[LOG_TRACE] R0:41530 R1:41530 R2:1000 R3:4 R4:160000 R5:4716 R6:7774 R7:1110
[LOG_TRACE] 001110 162700: sub #50, R0
[LOG_TRACE] R0:41460 R1:41530 R2:1000 R3:4 R4:160000 R5:4716 R6:7774 R7:1114
[LOG_TRACE] 001114 103374: bcc 001106
[LOG_TRACE] R0:41460 R1:41530 R2:1000 R3:4 R4:160000 R5:4716 R6:7774 R7:1106
[LOG_TRACE] 001106 010001: mov R0, R1
[LOG_TRACE] R0:41460 R1:41460 R2:1000 R3:4 R4:160000 R5:4716 R6:7774 R7:1110
[LOG_TRACE] 001110 162700: sub #50, R0
[LOG_TRACE] R0:41410 R1:41460 R2:1000 R3:4 R4:160000 R5:4716 R6:7774 R7:1114
[LOG_TRACE] 001114 103374: bcc 001106
[LOG_TRACE] R0:41410 R1:41460 R2:1000 R3:4 R4:160000 R5:4716 R6:7774 R7:1106
[LOG_TRACE] 001106 010001: mov R0, R1
[LOG_TRACE] R0:41410 R1:41410 R2:1000 R3:4 R4:160000 R5:4716 R6:7774 R7:1110
[LOG_TRACE] 001110 162700: sub #50, R0
[LOG_TRACE] R0:41340 R1:41410 R2:1000 R3:4 R4:160000 R5:4716 R6:7774 R7:1114
[LOG_TRACE] 001114 103374: bcc 001106
[LOG_TRACE] R0:41340 R1:41410 R2:1000 R3:4 R4:160000 R5:4716 R6:7774 R7:1106
[LOG_TRACE] 001106 010001: mov R0, R1
[LOG_TRACE] R0:41340 R1:41340 R2:1000 R3:4 R4:160000 R5:4716 R6:7774 R7:1110
[LOG_TRACE] 001110 162700: sub #50, R0
[LOG_TRACE] R0:41270 R1:41340 R2:1000 R3:4 R4:160000 R5:4716 R6:7774 R7:1114
[LOG_TRACE] 001114 103374: bcc 001106
[LOG_TRACE] R0:41270 R1:41340 R2:1000 R3:4 R4:160000 R5:4716 R6:7774 R7:1106
[LOG_TRACE] 001106 010001: mov R0, R1
[LOG_TRACE] R0:41270 R1:41270 R2:1000 R3:4 R4:160000 R5:4716 R6:7774 R7:1110
[LOG_TRACE] 001110 162700: sub #50, R0
[LOG_TRACE] R0:41220 R1:41270 R2:1000 R3:4 R4:160000 R5:4716 R6:7774 R7:1114
[LOG_TRACE] 001114 103374: bcc 001106
[LOG_TRACE] R0:41220 R1:41270 R2:1000 R3:4 R4:160000 R5:4716 R6:7774 R7:1106
[LOG_TRACE] 001106 010001: mov R0, R1
[LOG_TRACE] R0:41220 R1:41220 R2:1000 R3:4 R4:160000 R5:4716 R6:7774 R7:1110
[LOG_TRACE] 001110 162700: sub #50, R0
[LOG_TRACE] R0:41150 R1:41220 R2:1000 R3:4 R4:160000 R5:4716 R6:7774 R7:1114
[LOG_TRACE] 001114 103374: bcc 001106
[LOG_TRACE] R0:41150 R1:41220 R2:1000 R3:4 R4:160000 R5:4716 R6:7774 R7:1106
[LOG_TRACE] 001106 010001: mov R0, R1
[LOG_TRACE] R0:41150 R1:41150 R2:1000 R3:4 R4:160000 R5:4716 R6:7774 R7:1110
[LOG_TRACE] 001110 162700: sub #50, R0
[LOG_TRACE] R0:41100 R1:41150 R2:1000 R3:4 R4:160000 R5:4716 R6:7774 R7:1114
[LOG_TRACE] 001114 103374: bcc 001106
[LOG_TRACE] R0:41100 R1:41150 R2:1000 R3:4 R4:160000 R5:4716 R6:7774 R7:1106
[LOG_TRACE] 001106 010001: mov R0, R1
[LOG_TRACE] R0:41100 R1:41100 R2:1000 R3:4 R4:160000 R5:4716 R6:7774 R7:1110
[LOG_TRACE] 001110 162700: sub #50, R0
[LOG_TRACE] R0:41030 R1:41100 R2:1000 R3:4 R4:160000 R5:4716 R6:7774 R7:1114
[LOG_TRACE] 001114 103374: bcc 001106
[LOG_TRACE] R0:41030 R1:41100 R2:1000 R3:4 R4:160000 R5:4716 R6:7774 R7:1106
[LOG_TRACE] 001106 010001: mov R0, R1
[LOG_TRACE] R0:41030 R1:41030 R2:1000 R3:4 R4:160000 R5:4716 R6:7774 R7:1110
[LOG_TRACE] 001110 162700: sub #50, R0
[LOG_TRACE] R0:40760 R1:41030 R2:1000 R3:4 R4:160000 R5:4716 R6:7774 R7:1114
[LOG_TRACE] 001114 103374: bcc 001106
[LOG_TRACE] R0:40760 R1:41030 R2:1000 R3:4 R4:160000 R5:4716 R6:7774 R7:1106
[LOG_TRACE] 001106 010001: mov R0, R1
[LOG_TRACE] R0:40760 R1:40760 R2:1000 R3:4 R4:160000 R5:4716 R6:7774 R7:1110
[LOG_TRACE] 001110 162700: sub #50, R0
[LOG_TRACE] R0:40710 R1:40760 R2:1000 R3:4 R4:160000 R5:4716 R6:7774 R7:1114
[LOG_TRACE] 001114 103374: bcc 001106
[LOG_TRACE] R0:40710 R1:40760 R2:1000 R3:4 R4:160000 R5:4716 R6:7774 R7:1106
[LOG_TRACE] 001106 010001: mov R0, R1
[LOG_TRACE] R0:40710 R1:40710 R2:1000 R3:4 R4:160000 R5:4716 R6:7774 R7:1110
[LOG_TRACE] 001110 162700: sub #50, R0
[LOG_TRACE] R0:40640 R1:40710 R2:1000 R3:4 R4:160000 R5:4716 R6:7774 R7:1114
[LOG_TRACE] 001114 103374: bcc 001106
[LOG_TRACE] R0:40640 R1:40710 R2:1000 R3:4 R4:160000 R5:4716 R6:7774 R7:1106
[LOG_TRACE] 001106 010001: mov R0, R1
[LOG_TRACE] R0:40640 R1:40640 R2:1000 R3:4 R4:160000 R5:4716 R6:7774 R7:1110
[LOG_TRACE] 001110 162700: sub #50, R0
[LOG_TRACE] R0:40570 R1:40640 R2:1000 R3:4 R4:160000 R5:4716 R6:7774 R7:1114
[LOG_TRACE] 001114 103374: bcc 001106
[LOG_TRACE] R0:40570 R1:40640 R2:1000 R3:4 R4:160000 R5:4716 R6:7774 R7:1106
[LOG_TRACE] 001106 010001: mov R0, R1
[LOG_TRACE] R0:40570 R1:40570 R2:1000 R3:4 R4:160000 R5:4716 R6:7774 R7:1110
[LOG_TRACE] 001110 162700: sub #50, R0
[LOG_TRACE] R0:40520 R1:40570 R2:1000 R3:4 R4:160000 R5:4716 R6:7774 R7:1114
[LOG_TRACE] 001114 103374: bcc 001106
[LOG_TRACE] R0:40520 R1:40570 R2:1000 R3:4 R4:160000 R5:4716 R6:7774 R7:1106
[LOG_TRACE] 001106 010001: mov R0, R1
[LOG_TRACE] R0:40520 R1:40520 R2:1000 R3:4 R4:160000 R5:4716 R6:7774 R7:1110
[LOG_TRACE] 001110 162700: sub #50, R0
[LOG_TRACE] R0:40450 R1:40520 R2:1000 R3:4 R4:160000 R5:4716 R6:7774 R7:1114
[LOG_TRACE] 001114 103374: bcc 001106
[LOG_TRACE] R0:40450 R1:40520 R2:1000 R3:4 R4:160000 R5:4716 R6:7774 R7:1106
[LOG_TRACE] 001106 010001: mov R0, R1
[LOG_TRACE] R0:40450 R1:40450 R2:1000 R3:4 R4:160000 R5:4716 R6:7774 R7:1110
[LOG_TRACE] 001110 162700: sub #50, R0
[LOG_TRACE] R0:40400 R1:40450 R2:1000 R3:4 R4:160000 R5:4716 R6:7774 R7:1114
[LOG_TRACE] 001114 103374: bcc 001106
[LOG_TRACE] R0:40400 R1:40450 R2:1000 R3:4 R4:160000 R5:4716 R6:7774 R7:1106
[LOG_TRACE] 001106 010001: mov R0, R1
[LOG_TRACE] R0:40400 R1:40400 R2:1000 R3:4 R4:160000 R5:4716 R6:7774 R7:1110
[LOG_TRACE] 001110 162700: sub #50, R0
[LOG_TRACE] R0:40330 R1:40400 R2:1000 R3:4 R4:160000 R5:4716 R6:7774 R7:1114
[LOG_TRACE] 001114 103374: bcc 001106
[LOG_TRACE] R0:40330 R1:40400 R2:1000 R3:4 R4:160000 R5:4716 R6:7774 R7:1106
[LOG_TRACE] 001106 010001: mov R0, R1
[LOG_TRACE] R0:40330 R1:40330 R2:1000 R3:4 R4:160000 R5:4716 R6:7774 R7:1110
[LOG_TRACE] 001110 162700: sub #50, R0
[LOG_TRACE] R0:40260 R1:40330 R2:1000 R3:4 R4:160000 R5:4716 R6:7774 R7:1114
[LOG_TRACE] 001114 103374: bcc 001106
[LOG_TRACE] R0:40260 R1:40330 R2:1000 R3:4 R4:160000 R5:4716 R6:7774 R7:1106
[LOG_TRACE] 001106 010001: mov R0, R1
[LOG_TRACE] R0:40260 R1:40260 R2:1000 R3:4 R4:160000 R5:4716 R6:7774 R7:1110
[LOG_TRACE] 001110 162700: sub #50, R0
[LOG_TRACE] R0:40210 R1:40260 R2:1000 R3:4 R4:160000 R5:4716 R6:7774 R7:1114
[LOG_TRACE] 001114 103374: bcc 001106
[LOG_TRACE] R0:40210 R1:40260 R2:1000 R3:4 R4:160000 R5:4716 R6:7774 R7:1106
[LOG_TRACE] 001106 010001: mov R0, R1
[LOG_TRACE] R0:40210 R1:40210 R2:1000 R3:4 R4:160000 R5:4716 R6:7774 R7:1110
[LOG_TRACE] 001110 162700: sub #50, R0
[LOG_TRACE] R0:40140 R1:40210 R2:1000 R3:4 R4:160000 R5:4716 R6:7774 R7:1114
[LOG_TRACE] 001114 103374: bcc 001106
[LOG_TRACE] R0:40140 R1:40210 R2:1000 R3:4 R4:160000 R5:4716 R6:7774 R7:1106
[LOG_TRACE] 001106 010001: mov R0, R1
[LOG_TRACE] R0:40140 R1:40140 R2:1000 R3:4 R4:160000 R5:4716 R6:7774 R7:1110
[LOG_TRACE] 001110 162700: sub #50, R0
[LOG_TRACE] R0:40070 R1:40140 R2:1000 R3:4 R4:160000 R5:4716 R6:7774 R7:1114
[LOG_TRACE] 001114 103374: bcc 001106
[LOG_TRACE] R0:40070 R1:40140 R2:1000 R3:4 R4:160000 R5:4716 R6:7774 R7:1106
[LOG_TRACE] 001106 010001: mov R0, R1
[LOG_TRACE] R0:40070 R1:40070 R2:1000 R3:4 R4:160000 R5:4716 R6:7774 R7:1110
[LOG_TRACE] 001110 162700: sub #50, R0
[LOG_TRACE] R0:40020 R1:40070 R2:1000 R3:4 R4:160000 R5:4716 R6:7774 R7:1114
[LOG_TRACE] 001114 103374: bcc 001106
[LOG_TRACE] R0:40020 R1:40070 R2:1000 R3:4 R4:160000 R5:4716 R6:7774 R7:1106
[LOG_TRACE] 001106 010001: mov R0, R1
[LOG_TRACE] R0:40020 R1:40020 R2:1000 R3:4 R4:160000 R5:4716 R6:7774 R7:1110
[LOG_TRACE] 001110 162700: sub #50, R0
[LOG_TRACE] R0:37750 R1:40020 R2:1000 R3:4 R4:160000 R5:4716 R6:7774 R7:1114
[LOG_TRACE] 001114 103374: bcc 001106
[LOG_TRACE] R0:37750 R1:40020 R2:1000 R3:4 R4:160000 R5:4716 R6:7774 R7:1106
[LOG_TRACE] 001106 010001: mov R0, R1
[LOG_TRACE] R0:37750 R1:37750 R2:1000 R3:4 R4:160000 R5:4716 R6:7774 R7:1110
[LOG_TRACE] 001110 162700: sub #50, R0
[LOG_TRACE] R0:37700 R1:37750 R2:1000 R3:4 R4:160000 R5:4716 R6:7774 R7:1114
[LOG_TRACE] 001114 103374: bcc 001106
[LOG_TRACE] R0:37700 R1:37750 R2:1000 R3:4 R4:160000 R5:4716 R6:7774 R7:1106
[LOG_TRACE] 001106 010001: mov R0, R1
[LOG_TRACE] R0:37700 R1:37700 R2:1000 R3:4 R4:160000 R5:4716 R6:7774 R7:1110
[LOG_TRACE] 001110 162700: sub #50, R0
[LOG_TRACE] R0:37630 R1:37700 R2:1000 R3:4 R4:160000 R5:4716 R6:7774 R7:1114
[LOG_TRACE] 001114 103374: bcc 001106
[LOG_TRACE] R0:37630 R1:37700 R2:1000 R3:4 R4:160000 R5:4716 R6:7774 R7:1106
[LOG_TRACE] 001106 010001: mov R0, R1
[LOG_TRACE] R0:37630 R1:37630 R2:1000 R3:4 R4:160000 R5:4716 R6:7774 R7:1110
[LOG_TRACE] 001110 162700: sub #50, R0
[LOG_TRACE] R0:37560 R1:37630 R2:1000 R3:4 R4:160000 R5:4716 R6:7774 R7:1114
[LOG_TRACE] 001114 103374: bcc 001106
[LOG_TRACE] R0:37560 R1:37630 R2:1000 R3:4 R4:160000 R5:4716 R6:7774 R7:1106
[LOG_TRACE] 001106 010001: mov R0, R1
[LOG_TRACE] R0:37560 R1:37560 R2:1000 R3:4 R4:160000 R5:4716 R6:7774 R7:1110
[LOG_TRACE] 001110 162700: sub #50, R0
[LOG_TRACE] R0:37510 R1:37560 R2:1000 R3:4 R4:160000 R5:4716 R6:7774 R7:1114
[LOG_TRACE] 001114 103374: bcc 001106
[LOG_TRACE] R0:37510 R1:37560 R2:1000 R3:4 R4:160000 R5:4716 R6:7774 R7:1106
[LOG_TRACE] 001106 010001: mov R0, R1
[LOG_TRACE] R0:37510 R1:37510 R2:1000 R3:4 R4:160000 R5:4716 R6:7774 R7:1110
[LOG_TRACE] 001110 162700: sub #50, R0
[LOG_TRACE] R0:37440 R1:37510 R2:1000 R3:4 R4:160000 R5:4716 R6:7774 R7:1114
[LOG_TRACE] 001114 103374: bcc 001106
[LOG_TRACE] R0:37440 R1:37510 R2:1000 R3:4 R4:160000 R5:4716 R6:7774 R7:1106
[LOG_TRACE] 001106 010001: mov R0, R1
[LOG_TRACE] R0:37440 R1:37440 R2:1000 R3:4 R4:160000 R5:4716 R6:7774 R7:1110
[LOG_TRACE] 001110 162700: sub #50, R0
[LOG_TRACE] R0:37370 R1:37440 R2:1000 R3:4 R4:160000 R5:4716 R6:7774 R7:1114
[LOG_TRACE] 001114 103374: bcc 001106
[LOG_TRACE] R0:37370 R1:37440 R2:1000 R3:4 R4:160000 R5:4716 R6:7774 R7:1106
[LOG_TRACE] 001106 010001: mov R0, R1
[LOG_TRACE] R0:37370 R1:37370 R2:1000 R3:4 R4:160000 R5:4716 R6:7774 R7:1110
[LOG_TRACE] 001110 162700: sub #50, R0
[LOG_TRACE] R0:37320 R1:37370 R2:1000 R3:4 R4:160000 R5:4716 R6:7774 R7:1114
[LOG_TRACE] 001114 103374: bcc 001106
[LOG_TRACE] R0:37320 R1:37370 R2:1000 R3:4 R4:160000 R5:4716 R6:7774 R7:1106
[LOG_TRACE] 001106 010001: mov R0, R1
[LOG_TRACE] R0:37320 R1:37320 R2:1000 R3:4 R4:160000 R5:4716 R6:7774 R7:1110
[LOG_TRACE] 001110 162700: sub #50, R0
[LOG_TRACE] R0:37250 R1:37320 R2:1000 R3:4 R4:160000 R5:4716 R6:7774 R7:1114
[LOG_TRACE] 001114 103374: bcc 001106
[LOG_TRACE] R0:37250 R1:37320 R2:1000 R3:4 R4:160000 R5:4716 R6:7774 R7:1106
[LOG_TRACE] 001106 010001: mov R0, R1
[LOG_TRACE] R0:37250 R1:37250 R2:1000 R3:4 R4:160000 R5:4716 R6:7774 R7:1110
[LOG_TRACE] 001110 162700: sub #50, R0
[LOG_TRACE] R0:37200 R1:37250 R2:1000 R3:4 R4:160000 R5:4716 R6:7774 R7:1114
[LOG_TRACE] 001114 103374: bcc 001106
[LOG_TRACE] R0:37200 R1:37250 R2:1000 R3:4 R4:160000 R5:4716 R6:7774 R7:1106
[LOG_TRACE] 001106 010001: mov R0, R1
[LOG_TRACE] R0:37200 R1:37200 R2:1000 R3:4 R4:160000 R5:4716 R6:7774 R7:1110
[LOG_TRACE] 001110 162700: sub #50, R0
[LOG_TRACE] R0:37130 R1:37200 R2:1000 R3:4 R4:160000 R5:4716 R6:7774 R7:1114
[LOG_TRACE] 001114 103374: bcc 001106
[LOG_TRACE] R0:37130 R1:37200 R2:1000 R3:4 R4:160000 R5:4716 R6:7774 R7:1106
[LOG_TRACE] 001106 010001: mov R0, R1
[LOG_TRACE] R0:37130 R1:37130 R2:1000 R3:4 R4:160000 R5:4716 R6:7774 R7:1110
[LOG_TRACE] 001110 162700: sub #50, R0
[LOG_TRACE] R0:37060 R1:37130 R2:1000 R3:4 R4:160000 R5:4716 R6:7774 R7:1114
[LOG_TRACE] 001114 103374: bcc 001106
[LOG_TRACE] R0:37060 R1:37130 R2:1000 R3:4 R4:160000 R5:4716 R6:7774 R7:1106
[LOG_TRACE] 001106 010001: mov R0, R1
[LOG_TRACE] R0:37060 R1:37060 R2:1000 R3:4 R4:160000 R5:4716 R6:7774 R7:1110
[LOG_TRACE] 001110 162700: sub #50, R0
[LOG_TRACE] R0:37010 R1:37060 R2:1000 R3:4 R4:160000 R5:4716 R6:7774 R7:1114
[LOG_TRACE] 001114 103374: bcc 001106
[LOG_TRACE] R0:37010 R1:37060 R2:1000 R3:4 R4:160000 R5:4716 R6:7774 R7:1106
[LOG_TRACE] 001106 010001: mov R0, R1
[LOG_TRACE] R0:37010 R1:37010 R2:1000 R3:4 R4:160000 R5:4716 R6:7774 R7:1110
[LOG_TRACE] 001110 162700: sub #50, R0
[LOG_TRACE] R0:36740 R1:37010 R2:1000 R3:4 R4:160000 R5:4716 R6:7774 R7:1114
[LOG_TRACE] 001114 103374: bcc 001106
[LOG_TRACE] R0:36740 R1:37010 R2:1000 R3:4 R4:160000 R5:4716 R6:7774 R7:1106
[LOG_TRACE] 001106 010001: mov R0, R1
[LOG_TRACE] R0:36740 R1:36740 R2:1000 R3:4 R4:160000 R5:4716 R6:7774 R7:1110
[LOG_TRACE] 001110 162700: sub #50, R0
[LOG_TRACE] R0:36670 R1:36740 R2:1000 R3:4 R4:160000 R5:4716 R6:7774 R7:1114
[LOG_TRACE] 001114 103374: bcc 001106
[LOG_TRACE] R0:36670 R1:36740 R2:1000 R3:4 R4:160000 R5:4716 R6:7774 R7:1106
[LOG_TRACE] 001106 010001: mov R0, R1
[LOG_TRACE] R0:36670 R1:36670 R2:1000 R3:4 R4:160000 R5:4716 R6:7774 R7:1110
[LOG_TRACE] 001110 162700: sub #50, R0
[LOG_TRACE] R0:36620 R1:36670 R2:1000 R3:4 R4:160000 R5:4716 R6:7774 R7:1114
[LOG_TRACE] 001114 103374: bcc 001106
[LOG_TRACE] R0:36620 R1:36670 R2:1000 R3:4 R4:160000 R5:4716 R6:7774 R7:1106
[LOG_TRACE] 001106 010001: mov R0, R1
[LOG_TRACE] R0:36620 R1:36620 R2:1000 R3:4 R4:160000 R5:4716 R6:7774 R7:1110
[LOG_TRACE] 001110 162700: sub #50, R0
[LOG_TRACE] R0:36550 R1:36620 R2:1000 R3:4 R4:160000 R5:4716 R6:7774 R7:1114
[LOG_TRACE] 001114 103374: bcc 001106
[LOG_TRACE] R0:36550 R1:36620 R2:1000 R3:4 R4:160000 R5:4716 R6:7774 R7:1106
[LOG_TRACE] 001106 010001: mov R0, R1
[LOG_TRACE] R0:36550 R1:36550 R2:1000 R3:4 R4:160000 R5:4716 R6:7774 R7:1110
[LOG_TRACE] 001110 162700: sub #50, R0
[LOG_TRACE] R0:36500 R1:36550 R2:1000 R3:4 R4:160000 R5:4716 R6:7774 R7:1114
[LOG_TRACE] 001114 103374: bcc 001106
[LOG_TRACE] R0:36500 R1:36550 R2:1000 R3:4 R4:160000 R5:4716 R6:7774 R7:1106
[LOG_TRACE] 001106 010001: mov R0, R1
[LOG_TRACE] R0:36500 R1:36500 R2:1000 R3:4 R4:160000 R5:4716 R6:7774 R7:1110
[LOG_TRACE] 001110 162700: sub #50, R0
[LOG_TRACE] R0:36430 R1:36500 R2:1000 R3:4 R4:160000 R5:4716 R6:7774 R7:1114
[LOG_TRACE] 001114 103374: bcc 001106
[LOG_TRACE] R0:36430 R1:36500 R2:1000 R3:4 R4:160000 R5:4716 R6:7774 R7:1106
[LOG_TRACE] 001106 010001: mov R0, R1
[LOG_TRACE] R0:36430 R1:36430 R2:1000 R3:4 R4:160000 R5:4716 R6:7774 R7:1110
[LOG_TRACE] 001110 162700: sub #50, R0
[LOG_TRACE] R0:36360 R1:36430 R2:1000 R3:4 R4:160000 R5:4716 R6:7774 R7:1114
[LOG_TRACE] 001114 103374: bcc 001106
[LOG_TRACE] R0:36360 R1:36430 R2:1000 R3:4 R4:160000 R5:4716 R6:7774 R7:1106
[LOG_TRACE] 001106 010001: mov R0, R1
[LOG_TRACE] R0:36360 R1:36360 R2:1000 R3:4 R4:160000 R5:4716 R6:7774 R7:1110
[LOG_TRACE] 001110 162700: sub #50, R0
[LOG_TRACE] R0:36310 R1:36360 R2:1000 R3:4 R4:160000 R5:4716 R6:7774 R7:1114
[LOG_TRACE] 001114 103374: bcc 001106
[LOG_TRACE] R0:36310 R1:36360 R2:1000 R3:4 R4:160000 R5:4716 R6:7774 R7:1106
[LOG_TRACE] 001106 010001: mov R0, R1
[LOG_TRACE] R0:36310 R1:36310 R2:1000 R3:4 R4:160000 R5:4716 R6:7774 R7:1110
[LOG_TRACE] 001110 162700: sub #50, R0
[LOG_TRACE] R0:36240 R1:36310 R2:1000 R3:4 R4:160000 R5:4716 R6:7774 R7:1114
[LOG_TRACE] 001114 103374: bcc 001106
[LOG_TRACE] R0:36240 R1:36310 R2:1000 R3:4 R4:160000 R5:4716 R6:7774 R7:1106
[LOG_TRACE] 001106 010001: mov R0, R1
[LOG_TRACE] R0:36240 R1:36240 R2:1000 R3:4 R4:160000 R5:4716 R6:7774 R7:1110
[LOG_TRACE] 001110 162700: sub #50, R0
[LOG_TRACE] R0:36170 R1:36240 R2:1000 R3:4 R4:160000 R5:4716 R6:7774 R7:1114
[LOG_TRACE] 001114 103374: bcc 001106
[LOG_TRACE] R0:36170 R1:36240 R2:1000 R3:4 R4:160000 R5:4716 R6:7774 R7:1106
[LOG_TRACE] 001106 010001: mov R0, R1
[LOG_TRACE] R0:36170 R1:36170 R2:1000 R3:4 R4:160000 R5:4716 R6:7774 R7:1110
[LOG_TRACE] 001110 162700: sub #50, R0
[LOG_TRACE] R0:36120 R1:36170 R2:1000 R3:4 R4:160000 R5:4716 R6:7774 R7:1114
[LOG_TRACE] 001114 103374: bcc 001106
[LOG_TRACE] R0:36120 R1:36170 R2:1000 R3:4 R4:160000 R5:4716 R6:7774 R7:1106
[LOG_TRACE] 001106 010001: mov R0, R1
[LOG_TRACE] R0:36120 R1:36120 R2:1000 R3:4 R4:160000 R5:4716 R6:7774 R7:1110
[LOG_TRACE] 001110 162700: sub #50, R0
[LOG_TRACE] R0:36050 R1:36120 R2:1000 R3:4 R4:160000 R5:4716 R6:7774 R7:1114
[LOG_TRACE] 001114 103374: bcc 001106
[LOG_TRACE] R0:36050 R1:36120 R2:1000 R3:4 R4:160000 R5:4716 R6:7774 R7:1106
[LOG_TRACE] 001106 010001: mov R0, R1
[LOG_TRACE] R0:36050 R1:36050 R2:1000 R3:4 R4:160000 R5:4716 R6:7774 R7:1110
[LOG_TRACE] 001110 162700: sub #50, R0
[LOG_TRACE] R0:36000 R1:36050 R2:1000 R3:4 R4:160000 R5:4716 R6:7774 R7:1114
[LOG_TRACE] 001114 103374: bcc 001106
[LOG_TRACE] R0:36000 R1:36050 R2:1000 R3:4 R4:160000 R5:4716 R6:7774 R7:1106
[LOG_TRACE] 001106 010001: mov R0, R1
[LOG_TRACE] R0:36000 R1:36000 R2:1000 R3:4 R4:160000 R5:4716 R6:7774 R7:1110
[LOG_TRACE] 001110 162700: sub #50, R0
[LOG_TRACE] R0:35730 R1:36000 R2:1000 R3:4 R4:160000 R5:4716 R6:7774 R7:1114
[LOG_TRACE] 001114 103374: bcc 001106
[LOG_TRACE] R0:35730 R1:36000 R2:1000 R3:4 R4:160000 R5:4716 R6:7774 R7:1106
[LOG_TRACE] 001106 010001: mov R0, R1
[LOG_TRACE] R0:35730 R1:35730 R2:1000 R3:4 R4:160000 R5:4716 R6:7774 R7:1110
[LOG_TRACE] 001110 162700: sub #50, R0
[LOG_TRACE] R0:35660 R1:35730 R2:1000 R3:4 R4:160000 R5:4716 R6:7774 R7:1114
[LOG_TRACE] 001114 103374: bcc 001106
[LOG_TRACE] R0:35660 R1:35730 R2:1000 R3:4 R4:160000 R5:4716 R6:7774 R7:1106
[LOG_TRACE] 001106 010001: mov R0, R1
[LOG_TRACE] R0:35660 R1:35660 R2:1000 R3:4 R4:160000 R5:4716 R6:7774 R7:1110
[LOG_TRACE] 001110 162700: sub #50, R0
[LOG_TRACE] R0:35610 R1:35660 R2:1000 R3:4 R4:160000 R5:4716 R6:7774 R7:1114
[LOG_TRACE] 001114 103374: bcc 001106
[LOG_TRACE] R0:35610 R1:35660 R2:1000 R3:4 R4:160000 R5:4716 R6:7774 R7:1106
[LOG_TRACE] 001106 010001: mov R0, R1
[LOG_TRACE] R0:35610 R1:35610 R2:1000 R3:4 R4:160000 R5:4716 R6:7774 R7:1110
[LOG_TRACE] 001110 162700: sub #50, R0
[LOG_TRACE] R0:35540 R1:35610 R2:1000 R3:4 R4:160000 R5:4716 R6:7774 R7:1114
[LOG_TRACE] 001114 103374: bcc 001106
[LOG_TRACE] R0:35540 R1:35610 R2:1000 R3:4 R4:160000 R5:4716 R6:7774 R7:1106
[LOG_TRACE] 001106 010001: mov R0, R1
[LOG_TRACE] R0:35540 R1:35540 R2:1000 R3:4 R4:160000 R5:4716 R6:7774 R7:1110
[LOG_TRACE] 001110 162700: sub #50, R0
[LOG_TRACE] R0:35470 R1:35540 R2:1000 R3:4 R4:160000 R5:4716 R6:7774 R7:1114
[LOG_TRACE] 001114 103374: bcc 001106
[LOG_TRACE] R0:35470 R1:35540 R2:1000 R3:4 R4:160000 R5:4716 R6:7774 R7:1106
[LOG_TRACE] 001106 010001: mov R0, R1
[LOG_TRACE] R0:35470 R1:35470 R2:1000 R3:4 R4:160000 R5:4716 R6:7774 R7:1110
[LOG_TRACE] 001110 162700: sub #50, R0
[LOG_TRACE] R0:35420 R1:35470 R2:1000 R3:4 R4:160000 R5:4716 R6:7774 R7:1114
[LOG_TRACE] 001114 103374: bcc 001106
[LOG_TRACE] R0:35420 R1:35470 R2:1000 R3:4 R4:160000 R5:4716 R6:7774 R7:1106
[LOG_TRACE] 001106 010001: mov R0, R1
[LOG_TRACE] R0:35420 R1:35420 R2:1000 R3:4 R4:160000 R5:4716 R6:7774 R7:1110
[LOG_TRACE] 001110 162700: sub #50, R0
[LOG_TRACE] R0:35350 R1:35420 R2:1000 R3:4 R4:160000 R5:4716 R6:7774 R7:1114
[LOG_TRACE] 001114 103374: bcc 001106
[LOG_TRACE] R0:35350 R1:35420 R2:1000 R3:4 R4:160000 R5:4716 R6:7774 R7:1106
[LOG_TRACE] 001106 010001: mov R0, R1
[LOG_TRACE] R0:35350 R1:35350 R2:1000 R3:4 R4:160000 R5:4716 R6:7774 R7:1110
[LOG_TRACE] 001110 162700: sub #50, R0
[LOG_TRACE] R0:35300 R1:35350 R2:1000 R3:4 R4:160000 R5:4716 R6:7774 R7:1114
[LOG_TRACE] 001114 103374: bcc 001106
[LOG_TRACE] R0:35300 R1:35350 R2:1000 R3:4 R4:160000 R5:4716 R6:7774 R7:1106
[LOG_TRACE] 001106 010001: mov R0, R1
[LOG_TRACE] R0:35300 R1:35300 R2:1000 R3:4 R4:160000 R5:4716 R6:7774 R7:1110
[LOG_TRACE] 001110 162700: sub #50, R0
[LOG_TRACE] R0:35230 R1:35300 R2:1000 R3:4 R4:160000 R5:4716 R6:7774 R7:1114
[LOG_TRACE] 001114 103374: bcc 001106
[LOG_TRACE] R0:35230 R1:35300 R2:1000 R3:4 R4:160000 R5:4716 R6:7774 R7:1106
[LOG_TRACE] 001106 010001: mov R0, R1
[LOG_TRACE] R0:35230 R1:35230 R2:1000 R3:4 R4:160000 R5:4716 R6:7774 R7:1110
[LOG_TRACE] 001110 162700: sub #50, R0
[LOG_TRACE] R0:35160 R1:35230 R2:1000 R3:4 R4:160000 R5:4716 R6:7774 R7:1114
[LOG_TRACE] 001114 103374: bcc 001106
[LOG_TRACE] R0:35160 R1:35230 R2:1000 R3:4 R4:160000 R5:4716 R6:7774 R7:1106
[LOG_TRACE] 001106 010001: mov R0, R1
[LOG_TRACE] R0:35160 R1:35160 R2:1000 R3:4 R4:160000 R5:4716 R6:7774 R7:1110
[LOG_TRACE] 001110 162700: sub #50, R0
[LOG_TRACE] R0:35110 R1:35160 R2:1000 R3:4 R4:160000 R5:4716 R6:7774 R7:1114
[LOG_TRACE] 001114 103374: bcc 001106
[LOG_TRACE] R0:35110 R1:35160 R2:1000 R3:4 R4:160000 R5:4716 R6:7774 R7:1106
[LOG_TRACE] 001106 010001: mov R0, R1
[LOG_TRACE] R0:35110 R1:35110 R2:1000 R3:4 R4:160000 R5:4716 R6:7774 R7:1110
[LOG_TRACE] 001110 162700: sub #50, R0
[LOG_TRACE] R0:35040 R1:35110 R2:1000 R3:4 R4:160000 R5:4716 R6:7774 R7:1114
[LOG_TRACE] 001114 103374: bcc 001106
[LOG_TRACE] R0:35040 R1:35110 R2:1000 R3:4 R4:160000 R5:4716 R6:7774 R7:1106
[LOG_TRACE] 001106 010001: mov R0, R1
[LOG_TRACE] R0:35040 R1:35040 R2:1000 R3:4 R4:160000 R5:4716 R6:7774 R7:1110
[LOG_TRACE] 001110 162700: sub #50, R0
[LOG_TRACE] R0:34770 R1:35040 R2:1000 R3:4 R4:160000 R5:4716 R6:7774 R7:1114
[LOG_TRACE] 001114 103374: bcc 001106
[LOG_TRACE] R0:34770 R1:35040 R2:1000 R3:4 R4:160000 R5:4716 R6:7774 R7:1106
[LOG_TRACE] 001106 010001: mov R0, R1
[LOG_TRACE] R0:34770 R1:34770 R2:1000 R3:4 R4:160000 R5:4716 R6:7774 R7:1110
[LOG_TRACE] 001110 162700: sub #50, R0
[LOG_TRACE] R0:34720 R1:34770 R2:1000 R3:4 R4:160000 R5:4716 R6:7774 R7:1114
[LOG_TRACE] 001114 103374: bcc 001106
[LOG_TRACE] R0:34720 R1:34770 R2:1000 R3:4 R4:160000 R5:4716 R6:7774 R7:1106
[LOG_TRACE] 001106 010001: mov R0, R1
[LOG_TRACE] R0:34720 R1:34720 R2:1000 R3:4 R4:160000 R5:4716 R6:7774 R7:1110
[LOG_TRACE] 001110 162700: sub #50, R0
[LOG_TRACE] R0:34650 R1:34720 R2:1000 R3:4 R4:160000 R5:4716 R6:7774 R7:1114
[LOG_TRACE] 001114 103374: bcc 001106
[LOG_TRACE] R0:34650 R1:34720 R2:1000 R3:4 R4:160000 R5:4716 R6:7774 R7:1106
[LOG_TRACE] 001106 010001: mov R0, R1
[LOG_TRACE] R0:34650 R1:34650 R2:1000 R3:4 R4:160000 R5:4716 R6:7774 R7:1110
[LOG_TRACE] 001110 162700: sub #50, R0
[LOG_TRACE] R0:34600 R1:34650 R2:1000 R3:4 R4:160000 R5:4716 R6:7774 R7:1114
[LOG_TRACE] 001114 103374: bcc 001106
[LOG_TRACE] R0:34600 R1:34650 R2:1000 R3:4 R4:160000 R5:4716 R6:7774 R7:1106
[LOG_TRACE] 001106 010001: mov R0, R1
[LOG_TRACE] R0:34600 R1:34600 R2:1000 R3:4 R4:160000 R5:4716 R6:7774 R7:1110
[LOG_TRACE] 001110 162700: sub #50, R0
[LOG_TRACE] R0:34530 R1:34600 R2:1000 R3:4 R4:160000 R5:4716 R6:7774 R7:1114
[LOG_TRACE] 001114 103374: bcc 001106
[LOG_TRACE] R0:34530 R1:34600 R2:1000 R3:4 R4:160000 R5:4716 R6:7774 R7:1106
[LOG_TRACE] 001106 010001: mov R0, R1
[LOG_TRACE] R0:34530 R1:34530 R2:1000 R3:4 R4:160000 R5:4716 R6:7774 R7:1110
[LOG_TRACE] 001110 162700: sub #50, R0
[LOG_TRACE] R0:34460 R1:34530 R2:1000 R3:4 R4:160000 R5:4716 R6:7774 R7:1114
[LOG_TRACE] 001114 103374: bcc 001106
[LOG_TRACE] R0:34460 R1:34530 R2:1000 R3:4 R4:160000 R5:4716 R6:7774 R7:1106
[LOG_TRACE] 001106 010001: mov R0, R1
[LOG_TRACE] R0:34460 R1:34460 R2:1000 R3:4 R4:160000 R5:4716 R6:7774 R7:1110
[LOG_TRACE] 001110 162700: sub #50, R0
[LOG_TRACE] R0:34410 R1:34460 R2:1000 R3:4 R4:160000 R5:4716 R6:7774 R7:1114
[LOG_TRACE] 001114 103374: bcc 001106
[LOG_TRACE] R0:34410 R1:34460 R2:1000 R3:4 R4:160000 R5:4716 R6:7774 R7:1106
[LOG_TRACE] 001106 010001: mov R0, R1
[LOG_TRACE] R0:34410 R1:34410 R2:1000 R3:4 R4:160000 R5:4716 R6:7774 R7:1110
[LOG_TRACE] 001110 162700: sub #50, R0
[LOG_TRACE] R0:34340 R1:34410 R2:1000 R3:4 R4:160000 R5:4716 R6:7774 R7:1114
[LOG_TRACE] 001114 103374: bcc 001106
[LOG_TRACE] R0:34340 R1:34410 R2:1000 R3:4 R4:160000 R5:4716 R6:7774 R7:1106
[LOG_TRACE] 001106 010001: mov R0, R1
[LOG_TRACE] R0:34340 R1:34340 R2:1000 R3:4 R4:160000 R5:4716 R6:7774 R7:1110
[LOG_TRACE] 001110 162700: sub #50, R0
[LOG_TRACE] R0:34270 R1:34340 R2:1000 R3:4 R4:160000 R5:4716 R6:7774 R7:1114
[LOG_TRACE] 001114 103374: bcc 001106
[LOG_TRACE] R0:34270 R1:34340 R2:1000 R3:4 R4:160000 R5:4716 R6:7774 R7:1106
[LOG_TRACE] 001106 010001: mov R0, R1
[LOG_TRACE] R0:34270 R1:34270 R2:1000 R3:4 R4:160000 R5:4716 R6:7774 R7:1110
[LOG_TRACE] 001110 162700: sub #50, R0
[LOG_TRACE] R0:34220 R1:34270 R2:1000 R3:4 R4:160000 R5:4716 R6:7774 R7:1114
[LOG_TRACE] 001114 103374: bcc 001106
[LOG_TRACE] R0:34220 R1:34270 R2:1000 R3:4 R4:160000 R5:4716 R6:7774 R7:1106
[LOG_TRACE] 001106 010001: mov R0, R1
[LOG_TRACE] R0:34220 R1:34220 R2:1000 R3:4 R4:160000 R5:4716 R6:7774 R7:1110
[LOG_TRACE] 001110 162700: sub #50, R0
[LOG_TRACE] R0:34150 R1:34220 R2:1000 R3:4 R4:160000 R5:4716 R6:7774 R7:1114
[LOG_TRACE] 001114 103374: bcc 001106
[LOG_TRACE] R0:34150 R1:34220 R2:1000 R3:4 R4:160000 R5:4716 R6:7774 R7:1106
[LOG_TRACE] 001106 010001: mov R0, R1
[LOG_TRACE] R0:34150 R1:34150 R2:1000 R3:4 R4:160000 R5:4716 R6:7774 R7:1110
[LOG_TRACE] 001110 162700: sub #50, R0
[LOG_TRACE] R0:34100 R1:34150 R2:1000 R3:4 R4:160000 R5:4716 R6:7774 R7:1114
[LOG_TRACE] 001114 103374: bcc 001106
[LOG_TRACE] R0:34100 R1:34150 R2:1000 R3:4 R4:160000 R5:4716 R6:7774 R7:1106
[LOG_TRACE] 001106 010001: mov R0, R1
[LOG_TRACE] R0:34100 R1:34100 R2:1000 R3:4 R4:160000 R5:4716 R6:7774 R7:1110
[LOG_TRACE] 001110 162700: sub #50, R0
[LOG_TRACE] R0:34030 R1:34100 R2:1000 R3:4 R4:160000 R5:4716 R6:7774 R7:1114
[LOG_TRACE] 001114 103374: bcc 001106
[LOG_TRACE] R0:34030 R1:34100 R2:1000 R3:4 R4:160000 R5:4716 R6:7774 R7:1106
[LOG_TRACE] 001106 010001: mov R0, R1
[LOG_TRACE] R0:34030 R1:34030 R2:1000 R3:4 R4:160000 R5:4716 R6:7774 R7:1110
[LOG_TRACE] 001110 162700: sub #50, R0
[LOG_TRACE] R0:33760 R1:34030 R2:1000 R3:4 R4:160000 R5:4716 R6:7774 R7:1114
[LOG_TRACE] 001114 103374: bcc 001106
[LOG_TRACE] R0:33760 R1:34030 R2:1000 R3:4 R4:160000 R5:4716 R6:7774 R7:1106
[LOG_TRACE] 001106 010001: mov R0, R1
[LOG_TRACE] R0:33760 R1:33760 R2:1000 R3:4 R4:160000 R5:4716 R6:7774 R7:1110
[LOG_TRACE] 001110 162700: sub #50, R0
[LOG_TRACE] R0:33710 R1:33760 R2:1000 R3:4 R4:160000 R5:4716 R6:7774 R7:1114
[LOG_TRACE] 001114 103374: bcc 001106
[LOG_TRACE] R0:33710 R1:33760 R2:1000 R3:4 R4:160000 R5:4716 R6:7774 R7:1106
[LOG_TRACE] 001106 010001: mov R0, R1
[LOG_TRACE] R0:33710 R1:33710 R2:1000 R3:4 R4:160000 R5:4716 R6:7774 R7:1110
[LOG_TRACE] 001110 162700: sub #50, R0
[LOG_TRACE] R0:33640 R1:33710 R2:1000 R3:4 R4:160000 R5:4716 R6:7774 R7:1114
[LOG_TRACE] 001114 103374: bcc 001106
[LOG_TRACE] R0:33640 R1:33710 R2:1000 R3:4 R4:160000 R5:4716 R6:7774 R7:1106
[LOG_TRACE] 001106 010001: mov R0, R1
[LOG_TRACE] R0:33640 R1:33640 R2:1000 R3:4 R4:160000 R5:4716 R6:7774 R7:1110
[LOG_TRACE] 001110 162700: sub #50, R0
[LOG_TRACE] R0:33570 R1:33640 R2:1000 R3:4 R4:160000 R5:4716 R6:7774 R7:1114
[LOG_TRACE] 001114 103374: bcc 001106
[LOG_TRACE] R0:33570 R1:33640 R2:1000 R3:4 R4:160000 R5:4716 R6:7774 R7:1106
[LOG_TRACE] 001106 010001: mov R0, R1
[LOG_TRACE] R0:33570 R1:33570 R2:1000 R3:4 R4:160000 R5:4716 R6:7774 R7:1110
[LOG_TRACE] 001110 162700: sub #50, R0
[LOG_TRACE] R0:33520 R1:33570 R2:1000 R3:4 R4:160000 R5:4716 R6:7774 R7:1114
[LOG_TRACE] 001114 103374: bcc 001106
[LOG_TRACE] R0:33520 R1:33570 R2:1000 R3:4 R4:160000 R5:4716 R6:7774 R7:1106
[LOG_TRACE] 001106 010001: mov R0, R1
[LOG_TRACE] R0:33520 R1:33520 R2:1000 R3:4 R4:160000 R5:4716 R6:7774 R7:1110
[LOG_TRACE] 001110 162700: sub #50, R0
[LOG_TRACE] R0:33450 R1:33520 R2:1000 R3:4 R4:160000 R5:4716 R6:7774 R7:1114
[LOG_TRACE] 001114 103374: bcc 001106
[LOG_TRACE] R0:33450 R1:33520 R2:1000 R3:4 R4:160000 R5:4716 R6:7774 R7:1106
[LOG_TRACE] 001106 010001: mov R0, R1
[LOG_TRACE] R0:33450 R1:33450 R2:1000 R3:4 R4:160000 R5:4716 R6:7774 R7:1110
[LOG_TRACE] 001110 162700: sub #50, R0
[LOG_TRACE] R0:33400 R1:33450 R2:1000 R3:4 R4:160000 R5:4716 R6:7774 R7:1114
[LOG_TRACE] 001114 103374: bcc 001106
[LOG_TRACE] R0:33400 R1:33450 R2:1000 R3:4 R4:160000 R5:4716 R6:7774 R7:1106
[LOG_TRACE] 001106 010001: mov R0, R1
[LOG_TRACE] R0:33400 R1:33400 R2:1000 R3:4 R4:160000 R5:4716 R6:7774 R7:1110
[LOG_TRACE] 001110 162700: sub #50, R0
[LOG_TRACE] R0:33330 R1:33400 R2:1000 R3:4 R4:160000 R5:4716 R6:7774 R7:1114
[LOG_TRACE] 001114 103374: bcc 001106
[LOG_TRACE] R0:33330 R1:33400 R2:1000 R3:4 R4:160000 R5:4716 R6:7774 R7:1106
[LOG_TRACE] 001106 010001: mov R0, R1
[LOG_TRACE] R0:33330 R1:33330 R2:1000 R3:4 R4:160000 R5:4716 R6:7774 R7:1110
[LOG_TRACE] 001110 162700: sub #50, R0
[LOG_TRACE] R0:33260 R1:33330 R2:1000 R3:4 R4:160000 R5:4716 R6:7774 R7:1114
[LOG_TRACE] 001114 103374: bcc 001106
[LOG_TRACE] R0:33260 R1:33330 R2:1000 R3:4 R4:160000 R5:4716 R6:7774 R7:1106
[LOG_TRACE] 001106 010001: mov R0, R1
[LOG_TRACE] R0:33260 R1:33260 R2:1000 R3:4 R4:160000 R5:4716 R6:7774 R7:1110
[LOG_TRACE] 001110 162700: sub #50, R0
[LOG_TRACE] R0:33210 R1:33260 R2:1000 R3:4 R4:160000 R5:4716 R6:7774 R7:1114
[LOG_TRACE] 001114 103374: bcc 001106
[LOG_TRACE] R0:33210 R1:33260 R2:1000 R3:4 R4:160000 R5:4716 R6:7774 R7:1106
[LOG_TRACE] 001106 010001: mov R0, R1
[LOG_TRACE] R0:33210 R1:33210 R2:1000 R3:4 R4:160000 R5:4716 R6:7774 R7:1110
[LOG_TRACE] 001110 162700: sub #50, R0
[LOG_TRACE] R0:33140 R1:33210 R2:1000 R3:4 R4:160000 R5:4716 R6:7774 R7:1114
[LOG_TRACE] 001114 103374: bcc 001106
[LOG_TRACE] R0:33140 R1:33210 R2:1000 R3:4 R4:160000 R5:4716 R6:7774 R7:1106
[LOG_TRACE] 001106 010001: mov R0, R1
[LOG_TRACE] R0:33140 R1:33140 R2:1000 R3:4 R4:160000 R5:4716 R6:7774 R7:1110
[LOG_TRACE] 001110 162700: sub #50, R0
[LOG_TRACE] R0:33070 R1:33140 R2:1000 R3:4 R4:160000 R5:4716 R6:7774 R7:1114
[LOG_TRACE] 001114 103374: bcc 001106
[LOG_TRACE] R0:33070 R1:33140 R2:1000 R3:4 R4:160000 R5:4716 R6:7774 R7:1106
[LOG_TRACE] 001106 010001: mov R0, R1
[LOG_TRACE] R0:33070 R1:33070 R2:1000 R3:4 R4:160000 R5:4716 R6:7774 R7:1110
[LOG_TRACE] 001110 162700: sub #50, R0
[LOG_TRACE] R0:33020 R1:33070 R2:1000 R3:4 R4:160000 R5:4716 R6:7774 R7:1114
[LOG_TRACE] 001114 103374: bcc 001106
[LOG_TRACE] R0:33020 R1:33070 R2:1000 R3:4 R4:160000 R5:4716 R6:7774 R7:1106
[LOG_TRACE] 001106 010001: mov R0, R1
[LOG_TRACE] R0:33020 R1:33020 R2:1000 R3:4 R4:160000 R5:4716 R6:7774 R7:1110
[LOG_TRACE] 001110 162700: sub #50, R0
[LOG_TRACE] R0:32750 R1:33020 R2:1000 R3:4 R4:160000 R5:4716 R6:7774 R7:1114
[LOG_TRACE] 001114 103374: bcc 001106
[LOG_TRACE] R0:32750 R1:33020 R2:1000 R3:4 R4:160000 R5:4716 R6:7774 R7:1106
[LOG_TRACE] 001106 010001: mov R0, R1
[LOG_TRACE] R0:32750 R1:32750 R2:1000 R3:4 R4:160000 R5:4716 R6:7774 R7:1110
[LOG_TRACE] 001110 162700: sub #50, R0
[LOG_TRACE] R0:32700 R1:32750 R2:1000 R3:4 R4:160000 R5:4716 R6:7774 R7:1114
[LOG_TRACE] 001114 103374: bcc 001106
[LOG_TRACE] R0:32700 R1:32750 R2:1000 R3:4 R4:160000 R5:4716 R6:7774 R7:1106
[LOG_TRACE] 001106 010001: mov R0, R1
[LOG_TRACE] R0:32700 R1:32700 R2:1000 R3:4 R4:160000 R5:4716 R6:7774 R7:1110
[LOG_TRACE] 001110 162700: sub #50, R0
[LOG_TRACE] R0:32630 R1:32700 R2:1000 R3:4 R4:160000 R5:4716 R6:7774 R7:1114
[LOG_TRACE] 001114 103374: bcc 001106
[LOG_TRACE] R0:32630 R1:32700 R2:1000 R3:4 R4:160000 R5:4716 R6:7774 R7:1106
[LOG_TRACE] 001106 010001: mov R0, R1
[LOG_TRACE] R0:32630 R1:32630 R2:1000 R3:4 R4:160000 R5:4716 R6:7774 R7:1110
[LOG_TRACE] 001110 162700: sub #50, R0
[LOG_TRACE] R0:32560 R1:32630 R2:1000 R3:4 R4:160000 R5:4716 R6:7774 R7:1114
[LOG_TRACE] 001114 103374: bcc 001106
[LOG_TRACE] R0:32560 R1:32630 R2:1000 R3:4 R4:160000 R5:4716 R6:7774 R7:1106
[LOG_TRACE] 001106 010001: mov R0, R1
[LOG_TRACE] R0:32560 R1:32560 R2:1000 R3:4 R4:160000 R5:4716 R6:7774 R7:1110
[LOG_TRACE] 001110 162700: sub #50, R0
[LOG_TRACE] R0:32510 R1:32560 R2:1000 R3:4 R4:160000 R5:4716 R6:7774 R7:1114
[LOG_TRACE] 001114 103374: bcc 001106
[LOG_TRACE] R0:32510 R1:32560 R2:1000 R3:4 R4:160000 R5:4716 R6:7774 R7:1106
[LOG_TRACE] 001106 010001: mov R0, R1
[LOG_TRACE] R0:32510 R1:32510 R2:1000 R3:4 R4:160000 R5:4716 R6:7774 R7:1110
[LOG_TRACE] 001110 162700: sub #50, R0
[LOG_TRACE] R0:32440 R1:32510 R2:1000 R3:4 R4:160000 R5:4716 R6:7774 R7:1114
[LOG_TRACE] 001114 103374: bcc 001106
[LOG_TRACE] R0:32440 R1:32510 R2:1000 R3:4 R4:160000 R5:4716 R6:7774 R7:1106
[LOG_TRACE] 001106 010001: mov R0, R1
[LOG_TRACE] R0:32440 R1:32440 R2:1000 R3:4 R4:160000 R5:4716 R6:7774 R7:1110
[LOG_TRACE] 001110 162700: sub #50, R0
[LOG_TRACE] R0:32370 R1:32440 R2:1000 R3:4 R4:160000 R5:4716 R6:7774 R7:1114
[LOG_TRACE] 001114 103374: bcc 001106
[LOG_TRACE] R0:32370 R1:32440 R2:1000 R3:4 R4:160000 R5:4716 R6:7774 R7:1106
[LOG_TRACE] 001106 010001: mov R0, R1
[LOG_TRACE] R0:32370 R1:32370 R2:1000 R3:4 R4:160000 R5:4716 R6:7774 R7:1110
[LOG_TRACE] 001110 162700: sub #50, R0
[LOG_TRACE] R0:32320 R1:32370 R2:1000 R3:4 R4:160000 R5:4716 R6:7774 R7:1114
[LOG_TRACE] 001114 103374: bcc 001106
[LOG_TRACE] R0:32320 R1:32370 R2:1000 R3:4 R4:160000 R5:4716 R6:7774 R7:1106
[LOG_TRACE] 001106 010001: mov R0, R1
[LOG_TRACE] R0:32320 R1:32320 R2:1000 R3:4 R4:160000 R5:4716 R6:7774 R7:1110
[LOG_TRACE] 001110 162700: sub #50, R0
[LOG_TRACE] R0:32250 R1:32320 R2:1000 R3:4 R4:160000 R5:4716 R6:7774 R7:1114
[LOG_TRACE] 001114 103374: bcc 001106
[LOG_TRACE] R0:32250 R1:32320 R2:1000 R3:4 R4:160000 R5:4716 R6:7774 R7:1106
[LOG_TRACE] 001106 010001: mov R0, R1
[LOG_TRACE] R0:32250 R1:32250 R2:1000 R3:4 R4:160000 R5:4716 R6:7774 R7:1110
[LOG_TRACE] 001110 162700: sub #50, R0
[LOG_TRACE] R0:32200 R1:32250 R2:1000 R3:4 R4:160000 R5:4716 R6:7774 R7:1114
[LOG_TRACE] 001114 103374: bcc 001106
[LOG_TRACE] R0:32200 R1:32250 R2:1000 R3:4 R4:160000 R5:4716 R6:7774 R7:1106
[LOG_TRACE] 001106 010001: mov R0, R1
[LOG_TRACE] R0:32200 R1:32200 R2:1000 R3:4 R4:160000 R5:4716 R6:7774 R7:1110
[LOG_TRACE] 001110 162700: sub #50, R0
[LOG_TRACE] R0:32130 R1:32200 R2:1000 R3:4 R4:160000 R5:4716 R6:7774 R7:1114
[LOG_TRACE] 001114 103374: bcc 001106
[LOG_TRACE] R0:32130 R1:32200 R2:1000 R3:4 R4:160000 R5:4716 R6:7774 R7:1106
[LOG_TRACE] 001106 010001: mov R0, R1
[LOG_TRACE] R0:32130 R1:32130 R2:1000 R3:4 R4:160000 R5:4716 R6:7774 R7:1110
[LOG_TRACE] 001110 162700: sub #50, R0
[LOG_TRACE] R0:32060 R1:32130 R2:1000 R3:4 R4:160000 R5:4716 R6:7774 R7:1114
[LOG_TRACE] 001114 103374: bcc 001106
[LOG_TRACE] R0:32060 R1:32130 R2:1000 R3:4 R4:160000 R5:4716 R6:7774 R7:1106
[LOG_TRACE] 001106 010001: mov R0, R1
[LOG_TRACE] R0:32060 R1:32060 R2:1000 R3:4 R4:160000 R5:4716 R6:7774 R7:1110
[LOG_TRACE] 001110 162700: sub #50, R0
[LOG_TRACE] R0:32010 R1:32060 R2:1000 R3:4 R4:160000 R5:4716 R6:7774 R7:1114
[LOG_TRACE] 001114 103374: bcc 001106
[LOG_TRACE] R0:32010 R1:32060 R2:1000 R3:4 R4:160000 R5:4716 R6:7774 R7:1106
[LOG_TRACE] 001106 010001: mov R0, R1
[LOG_TRACE] R0:32010 R1:32010 R2:1000 R3:4 R4:160000 R5:4716 R6:7774 R7:1110
[LOG_TRACE] 001110 162700: sub #50, R0
[LOG_TRACE] R0:31740 R1:32010 R2:1000 R3:4 R4:160000 R5:4716 R6:7774 R7:1114
[LOG_TRACE] 001114 103374: bcc 001106
[LOG_TRACE] R0:31740 R1:32010 R2:1000 R3:4 R4:160000 R5:4716 R6:7774 R7:1106
[LOG_TRACE] 001106 010001: mov R0, R1
[LOG_TRACE] R0:31740 R1:31740 R2:1000 R3:4 R4:160000 R5:4716 R6:7774 R7:1110
[LOG_TRACE] 001110 162700: sub #50, R0
[LOG_TRACE] R0:31670 R1:31740 R2:1000 R3:4 R4:160000 R5:4716 R6:7774 R7:1114
[LOG_TRACE] 001114 103374: bcc 001106
[LOG_TRACE] R0:31670 R1:31740 R2:1000 R3:4 R4:160000 R5:4716 R6:7774 R7:1106
[LOG_TRACE] 001106 010001: mov R0, R1
[LOG_TRACE] R0:31670 R1:31670 R2:1000 R3:4 R4:160000 R5:4716 R6:7774 R7:1110
[LOG_TRACE] 001110 162700: sub #50, R0
[LOG_TRACE] R0:31620 R1:31670 R2:1000 R3:4 R4:160000 R5:4716 R6:7774 R7:1114
[LOG_TRACE] 001114 103374: bcc 001106
[LOG_TRACE] R0:31620 R1:31670 R2:1000 R3:4 R4:160000 R5:4716 R6:7774 R7:1106
[LOG_TRACE] 001106 010001: mov R0, R1
[LOG_TRACE] R0:31620 R1:31620 R2:1000 R3:4 R4:160000 R5:4716 R6:7774 R7:1110
[LOG_TRACE] 001110 162700: sub #50, R0
[LOG_TRACE] R0:31550 R1:31620 R2:1000 R3:4 R4:160000 R5:4716 R6:7774 R7:1114
[LOG_TRACE] 001114 103374: bcc 001106
[LOG_TRACE] R0:31550 R1:31620 R2:1000 R3:4 R4:160000 R5:4716 R6:7774 R7:1106
[LOG_TRACE] 001106 010001: mov R0, R1
[LOG_TRACE] R0:31550 R1:31550 R2:1000 R3:4 R4:160000 R5:4716 R6:7774 R7:1110
[LOG_TRACE] 001110 162700: sub #50, R0
[LOG_TRACE] R0:31500 R1:31550 R2:1000 R3:4 R4:160000 R5:4716 R6:7774 R7:1114
[LOG_TRACE] 001114 103374: bcc 001106
[LOG_TRACE] R0:31500 R1:31550 R2:1000 R3:4 R4:160000 R5:4716 R6:7774 R7:1106
[LOG_TRACE] 001106 010001: mov R0, R1
[LOG_TRACE] R0:31500 R1:31500 R2:1000 R3:4 R4:160000 R5:4716 R6:7774 R7:1110
[LOG_TRACE] 001110 162700: sub #50, R0
[LOG_TRACE] R0:31430 R1:31500 R2:1000 R3:4 R4:160000 R5:4716 R6:7774 R7:1114
[LOG_TRACE] 001114 103374: bcc 001106
[LOG_TRACE] R0:31430 R1:31500 R2:1000 R3:4 R4:160000 R5:4716 R6:7774 R7:1106
[LOG_TRACE] 001106 010001: mov R0, R1
[LOG_TRACE] R0:31430 R1:31430 R2:1000 R3:4 R4:160000 R5:4716 R6:7774 R7:1110
[LOG_TRACE] 001110 162700: sub #50, R0
[LOG_TRACE] R0:31360 R1:31430 R2:1000 R3:4 R4:160000 R5:4716 R6:7774 R7:1114
[LOG_TRACE] 001114 103374: bcc 001106
[LOG_TRACE] R0:31360 R1:31430 R2:1000 R3:4 R4:160000 R5:4716 R6:7774 R7:1106
[LOG_TRACE] 001106 010001: mov R0, R1
[LOG_TRACE] R0:31360 R1:31360 R2:1000 R3:4 R4:160000 R5:4716 R6:7774 R7:1110
[LOG_TRACE] 001110 162700: sub #50, R0
[LOG_TRACE] R0:31310 R1:31360 R2:1000 R3:4 R4:160000 R5:4716 R6:7774 R7:1114
[LOG_TRACE] 001114 103374: bcc 001106
[LOG_TRACE] R0:31310 R1:31360 R2:1000 R3:4 R4:160000 R5:4716 R6:7774 R7:1106
[LOG_TRACE] 001106 010001: mov R0, R1
[LOG_TRACE] R0:31310 R1:31310 R2:1000 R3:4 R4:160000 R5:4716 R6:7774 R7:1110
[LOG_TRACE] 001110 162700: sub #50, R0
[LOG_TRACE] R0:31240 R1:31310 R2:1000 R3:4 R4:160000 R5:4716 R6:7774 R7:1114
[LOG_TRACE] 001114 103374: bcc 001106
[LOG_TRACE] R0:31240 R1:31310 R2:1000 R3:4 R4:160000 R5:4716 R6:7774 R7:1106
[LOG_TRACE] 001106 010001: mov R0, R1
[LOG_TRACE] R0:31240 R1:31240 R2:1000 R3:4 R4:160000 R5:4716 R6:7774 R7:1110
[LOG_TRACE] 001110 162700: sub #50, R0
[LOG_TRACE] R0:31170 R1:31240 R2:1000 R3:4 R4:160000 R5:4716 R6:7774 R7:1114
[LOG_TRACE] 001114 103374: bcc 001106
[LOG_TRACE] R0:31170 R1:31240 R2:1000 R3:4 R4:160000 R5:4716 R6:7774 R7:1106
[LOG_TRACE] 001106 010001: mov R0, R1
[LOG_TRACE] R0:31170 R1:31170 R2:1000 R3:4 R4:160000 R5:4716 R6:7774 R7:1110
[LOG_TRACE] 001110 162700: sub #50, R0
[LOG_TRACE] R0:31120 R1:31170 R2:1000 R3:4 R4:160000 R5:4716 R6:7774 R7:1114
[LOG_TRACE] 001114 103374: bcc 001106
[LOG_TRACE] R0:31120 R1:31170 R2:1000 R3:4 R4:160000 R5:4716 R6:7774 R7:1106
[LOG_TRACE] 001106 010001: mov R0, R1
[LOG_TRACE] R0:31120 R1:31120 R2:1000 R3:4 R4:160000 R5:4716 R6:7774 R7:1110
[LOG_TRACE] 001110 162700: sub #50, R0
[LOG_TRACE] R0:31050 R1:31120 R2:1000 R3:4 R4:160000 R5:4716 R6:7774 R7:1114
[LOG_TRACE] 001114 103374: bcc 001106
[LOG_TRACE] R0:31050 R1:31120 R2:1000 R3:4 R4:160000 R5:4716 R6:7774 R7:1106
[LOG_TRACE] 001106 010001: mov R0, R1
[LOG_TRACE] R0:31050 R1:31050 R2:1000 R3:4 R4:160000 R5:4716 R6:7774 R7:1110
[LOG_TRACE] 001110 162700: sub #50, R0
[LOG_TRACE] R0:31000 R1:31050 R2:1000 R3:4 R4:160000 R5:4716 R6:7774 R7:1114
[LOG_TRACE] 001114 103374: bcc 001106
[LOG_TRACE] R0:31000 R1:31050 R2:1000 R3:4 R4:160000 R5:4716 R6:7774 R7:1106
[LOG_TRACE] 001106 010001: mov R0, R1
[LOG_TRACE] R0:31000 R1:31000 R2:1000 R3:4 R4:160000 R5:4716 R6:7774 R7:1110
[LOG_TRACE] 001110 162700: sub #50, R0
[LOG_TRACE] R0:30730 R1:31000 R2:1000 R3:4 R4:160000 R5:4716 R6:7774 R7:1114
[LOG_TRACE] 001114 103374: bcc 001106
[LOG_TRACE] R0:30730 R1:31000 R2:1000 R3:4 R4:160000 R5:4716 R6:7774 R7:1106
[LOG_TRACE] 001106 010001: mov R0, R1
[LOG_TRACE] R0:30730 R1:30730 R2:1000 R3:4 R4:160000 R5:4716 R6:7774 R7:1110
[LOG_TRACE] 001110 162700: sub #50, R0
[LOG_TRACE] R0:30660 R1:30730 R2:1000 R3:4 R4:160000 R5:4716 R6:7774 R7:1114
[LOG_TRACE] 001114 103374: bcc 001106
[LOG_TRACE] R0:30660 R1:30730 R2:1000 R3:4 R4:160000 R5:4716 R6:7774 R7:1106
[LOG_TRACE] 001106 010001: mov R0, R1
[LOG_TRACE] R0:30660 R1:30660 R2:1000 R3:4 R4:160000 R5:4716 R6:7774 R7:1110
[LOG_TRACE] 001110 162700: sub #50, R0
[LOG_TRACE] R0:30610 R1:30660 R2:1000 R3:4 R4:160000 R5:4716 R6:7774 R7:1114
[LOG_TRACE] 001114 103374: bcc 001106
[LOG_TRACE] R0:30610 R1:30660 R2:1000 R3:4 R4:160000 R5:4716 R6:7774 R7:1106
[LOG_TRACE] 001106 010001: mov R0, R1
[LOG_TRACE] R0:30610 R1:30610 R2:1000 R3:4 R4:160000 R5:4716 R6:7774 R7:1110
[LOG_TRACE] 001110 162700: sub #50, R0
[LOG_TRACE] R0:30540 R1:30610 R2:1000 R3:4 R4:160000 R5:4716 R6:7774 R7:1114
[LOG_TRACE] 001114 103374: bcc 001106
[LOG_TRACE] R0:30540 R1:30610 R2:1000 R3:4 R4:160000 R5:4716 R6:7774 R7:1106
[LOG_TRACE] 001106 010001: mov R0, R1
[LOG_TRACE] R0:30540 R1:30540 R2:1000 R3:4 R4:160000 R5:4716 R6:7774 R7:1110
[LOG_TRACE] 001110 162700: sub #50, R0
[LOG_TRACE] R0:30470 R1:30540 R2:1000 R3:4 R4:160000 R5:4716 R6:7774 R7:1114
[LOG_TRACE] 001114 103374: bcc 001106
[LOG_TRACE] R0:30470 R1:30540 R2:1000 R3:4 R4:160000 R5:4716 R6:7774 R7:1106
[LOG_TRACE] 001106 010001: mov R0, R1
[LOG_TRACE] R0:30470 R1:30470 R2:1000 R3:4 R4:160000 R5:4716 R6:7774 R7:1110
[LOG_TRACE] 001110 162700: sub #50, R0
[LOG_TRACE] R0:30420 R1:30470 R2:1000 R3:4 R4:160000 R5:4716 R6:7774 R7:1114
[LOG_TRACE] 001114 103374: bcc 001106
[LOG_TRACE] R0:30420 R1:30470 R2:1000 R3:4 R4:160000 R5:4716 R6:7774 R7:1106
[LOG_TRACE] 001106 010001: mov R0, R1
[LOG_TRACE] R0:30420 R1:30420 R2:1000 R3:4 R4:160000 R5:4716 R6:7774 R7:1110
[LOG_TRACE] 001110 162700: sub #50, R0
[LOG_TRACE] R0:30350 R1:30420 R2:1000 R3:4 R4:160000 R5:4716 R6:7774 R7:1114
[LOG_TRACE] 001114 103374: bcc 001106
[LOG_TRACE] R0:30350 R1:30420 R2:1000 R3:4 R4:160000 R5:4716 R6:7774 R7:1106
[LOG_TRACE] 001106 010001: mov R0, R1
[LOG_TRACE] R0:30350 R1:30350 R2:1000 R3:4 R4:160000 R5:4716 R6:7774 R7:1110
[LOG_TRACE] 001110 162700: sub #50, R0
[LOG_TRACE] R0:30300 R1:30350 R2:1000 R3:4 R4:160000 R5:4716 R6:7774 R7:1114
[LOG_TRACE] 001114 103374: bcc 001106
[LOG_TRACE] R0:30300 R1:30350 R2:1000 R3:4 R4:160000 R5:4716 R6:7774 R7:1106
[LOG_TRACE] 001106 010001: mov R0, R1
[LOG_TRACE] R0:30300 R1:30300 R2:1000 R3:4 R4:160000 R5:4716 R6:7774 R7:1110
[LOG_TRACE] 001110 162700: sub #50, R0
[LOG_TRACE] R0:30230 R1:30300 R2:1000 R3:4 R4:160000 R5:4716 R6:7774 R7:1114
[LOG_TRACE] 001114 103374: bcc 001106
[LOG_TRACE] R0:30230 R1:30300 R2:1000 R3:4 R4:160000 R5:4716 R6:7774 R7:1106
[LOG_TRACE] 001106 010001: mov R0, R1
[LOG_TRACE] R0:30230 R1:30230 R2:1000 R3:4 R4:160000 R5:4716 R6:7774 R7:1110
[LOG_TRACE] 001110 162700: sub #50, R0
[LOG_TRACE] R0:30160 R1:30230 R2:1000 R3:4 R4:160000 R5:4716 R6:7774 R7:1114
[LOG_TRACE] 001114 103374: bcc 001106
[LOG_TRACE] R0:30160 R1:30230 R2:1000 R3:4 R4:160000 R5:4716 R6:7774 R7:1106
[LOG_TRACE] 001106 010001: mov R0, R1
[LOG_TRACE] R0:30160 R1:30160 R2:1000 R3:4 R4:160000 R5:4716 R6:7774 R7:1110
[LOG_TRACE] 001110 162700: sub #50, R0
[LOG_TRACE] R0:30110 R1:30160 R2:1000 R3:4 R4:160000 R5:4716 R6:7774 R7:1114
[LOG_TRACE] 001114 103374: bcc 001106
[LOG_TRACE] R0:30110 R1:30160 R2:1000 R3:4 R4:160000 R5:4716 R6:7774 R7:1106
[LOG_TRACE] 001106 010001: mov R0, R1
[LOG_TRACE] R0:30110 R1:30110 R2:1000 R3:4 R4:160000 R5:4716 R6:7774 R7:1110
[LOG_TRACE] 001110 162700: sub #50, R0
[LOG_TRACE] R0:30040 R1:30110 R2:1000 R3:4 R4:160000 R5:4716 R6:7774 R7:1114
[LOG_TRACE] 001114 103374: bcc 001106
[LOG_TRACE] R0:30040 R1:30110 R2:1000 R3:4 R4:160000 R5:4716 R6:7774 R7:1106
[LOG_TRACE] 001106 010001: mov R0, R1
[LOG_TRACE] R0:30040 R1:30040 R2:1000 R3:4 R4:160000 R5:4716 R6:7774 R7:1110
[LOG_TRACE] 001110 162700: sub #50, R0
[LOG_TRACE] R0:27770 R1:30040 R2:1000 R3:4 R4:160000 R5:4716 R6:7774 R7:1114
[LOG_TRACE] 001114 103374: bcc 001106
[LOG_TRACE] R0:27770 R1:30040 R2:1000 R3:4 R4:160000 R5:4716 R6:7774 R7:1106
[LOG_TRACE] 001106 010001: mov R0, R1
[LOG_TRACE] R0:27770 R1:27770 R2:1000 R3:4 R4:160000 R5:4716 R6:7774 R7:1110
[LOG_TRACE] 001110 162700: sub #50, R0
[LOG_TRACE] R0:27720 R1:27770 R2:1000 R3:4 R4:160000 R5:4716 R6:7774 R7:1114
[LOG_TRACE] 001114 103374: bcc 001106
[LOG_TRACE] R0:27720 R1:27770 R2:1000 R3:4 R4:160000 R5:4716 R6:7774 R7:1106
[LOG_TRACE] 001106 010001: mov R0, R1
[LOG_TRACE] R0:27720 R1:27720 R2:1000 R3:4 R4:160000 R5:4716 R6:7774 R7:1110
[LOG_TRACE] 001110 162700: sub #50, R0
[LOG_TRACE] R0:27650 R1:27720 R2:1000 R3:4 R4:160000 R5:4716 R6:7774 R7:1114
[LOG_TRACE] 001114 103374: bcc 001106
[LOG_TRACE] R0:27650 R1:27720 R2:1000 R3:4 R4:160000 R5:4716 R6:7774 R7:1106
[LOG_TRACE] 001106 010001: mov R0, R1
[LOG_TRACE] R0:27650 R1:27650 R2:1000 R3:4 R4:160000 R5:4716 R6:7774 R7:1110
[LOG_TRACE] 001110 162700: sub #50, R0
[LOG_TRACE] R0:27600 R1:27650 R2:1000 R3:4 R4:160000 R5:4716 R6:7774 R7:1114
[LOG_TRACE] 001114 103374: bcc 001106
[LOG_TRACE] R0:27600 R1:27650 R2:1000 R3:4 R4:160000 R5:4716 R6:7774 R7:1106
[LOG_TRACE] 001106 010001: mov R0, R1
[LOG_TRACE] R0:27600 R1:27600 R2:1000 R3:4 R4:160000 R5:4716 R6:7774 R7:1110
[LOG_TRACE] 001110 162700: sub #50, R0
[LOG_TRACE] R0:27530 R1:27600 R2:1000 R3:4 R4:160000 R5:4716 R6:7774 R7:1114
[LOG_TRACE] 001114 103374: bcc 001106
[LOG_TRACE] R0:27530 R1:27600 R2:1000 R3:4 R4:160000 R5:4716 R6:7774 R7:1106
[LOG_TRACE] 001106 010001: mov R0, R1
[LOG_TRACE] R0:27530 R1:27530 R2:1000 R3:4 R4:160000 R5:4716 R6:7774 R7:1110
[LOG_TRACE] 001110 162700: sub #50, R0
[LOG_TRACE] R0:27460 R1:27530 R2:1000 R3:4 R4:160000 R5:4716 R6:7774 R7:1114
[LOG_TRACE] 001114 103374: bcc 001106
[LOG_TRACE] R0:27460 R1:27530 R2:1000 R3:4 R4:160000 R5:4716 R6:7774 R7:1106
[LOG_TRACE] 001106 010001: mov R0, R1
[LOG_TRACE] R0:27460 R1:27460 R2:1000 R3:4 R4:160000 R5:4716 R6:7774 R7:1110
[LOG_TRACE] 001110 162700: sub #50, R0
[LOG_TRACE] R0:27410 R1:27460 R2:1000 R3:4 R4:160000 R5:4716 R6:7774 R7:1114
[LOG_TRACE] 001114 103374: bcc 001106
[LOG_TRACE] R0:27410 R1:27460 R2:1000 R3:4 R4:160000 R5:4716 R6:7774 R7:1106
[LOG_TRACE] 001106 010001: mov R0, R1
[LOG_TRACE] R0:27410 R1:27410 R2:1000 R3:4 R4:160000 R5:4716 R6:7774 R7:1110
[LOG_TRACE] 001110 162700: sub #50, R0
[LOG_TRACE] R0:27340 R1:27410 R2:1000 R3:4 R4:160000 R5:4716 R6:7774 R7:1114
[LOG_TRACE] 001114 103374: bcc 001106
[LOG_TRACE] R0:27340 R1:27410 R2:1000 R3:4 R4:160000 R5:4716 R6:7774 R7:1106
[LOG_TRACE] 001106 010001: mov R0, R1
[LOG_TRACE] R0:27340 R1:27340 R2:1000 R3:4 R4:160000 R5:4716 R6:7774 R7:1110
[LOG_TRACE] 001110 162700: sub #50, R0
[LOG_TRACE] R0:27270 R1:27340 R2:1000 R3:4 R4:160000 R5:4716 R6:7774 R7:1114
[LOG_TRACE] 001114 103374: bcc 001106
[LOG_TRACE] R0:27270 R1:27340 R2:1000 R3:4 R4:160000 R5:4716 R6:7774 R7:1106
[LOG_TRACE] 001106 010001: mov R0, R1
[LOG_TRACE] R0:27270 R1:27270 R2:1000 R3:4 R4:160000 R5:4716 R6:7774 R7:1110
[LOG_TRACE] 001110 162700: sub #50, R0
[LOG_TRACE] R0:27220 R1:27270 R2:1000 R3:4 R4:160000 R5:4716 R6:7774 R7:1114
[LOG_TRACE] 001114 103374: bcc 001106
[LOG_TRACE] R0:27220 R1:27270 R2:1000 R3:4 R4:160000 R5:4716 R6:7774 R7:1106
[LOG_TRACE] 001106 010001: mov R0, R1
[LOG_TRACE] R0:27220 R1:27220 R2:1000 R3:4 R4:160000 R5:4716 R6:7774 R7:1110
[LOG_TRACE] 001110 162700: sub #50, R0
[LOG_TRACE] R0:27150 R1:27220 R2:1000 R3:4 R4:160000 R5:4716 R6:7774 R7:1114
[LOG_TRACE] 001114 103374: bcc 001106
[LOG_TRACE] R0:27150 R1:27220 R2:1000 R3:4 R4:160000 R5:4716 R6:7774 R7:1106
[LOG_TRACE] 001106 010001: mov R0, R1
[LOG_TRACE] R0:27150 R1:27150 R2:1000 R3:4 R4:160000 R5:4716 R6:7774 R7:1110
[LOG_TRACE] 001110 162700: sub #50, R0
[LOG_TRACE] R0:27100 R1:27150 R2:1000 R3:4 R4:160000 R5:4716 R6:7774 R7:1114
[LOG_TRACE] 001114 103374: bcc 001106
[LOG_TRACE] R0:27100 R1:27150 R2:1000 R3:4 R4:160000 R5:4716 R6:7774 R7:1106
[LOG_TRACE] 001106 010001: mov R0, R1
[LOG_TRACE] R0:27100 R1:27100 R2:1000 R3:4 R4:160000 R5:4716 R6:7774 R7:1110
[LOG_TRACE] 001110 162700: sub #50, R0
[LOG_TRACE] R0:27030 R1:27100 R2:1000 R3:4 R4:160000 R5:4716 R6:7774 R7:1114
[LOG_TRACE] 001114 103374: bcc 001106
[LOG_TRACE] R0:27030 R1:27100 R2:1000 R3:4 R4:160000 R5:4716 R6:7774 R7:1106
[LOG_TRACE] 001106 010001: mov R0, R1
[LOG_TRACE] R0:27030 R1:27030 R2:1000 R3:4 R4:160000 R5:4716 R6:7774 R7:1110
[LOG_TRACE] 001110 162700: sub #50, R0
[LOG_TRACE] R0:26760 R1:27030 R2:1000 R3:4 R4:160000 R5:4716 R6:7774 R7:1114
[LOG_TRACE] 001114 103374: bcc 001106
[LOG_TRACE] R0:26760 R1:27030 R2:1000 R3:4 R4:160000 R5:4716 R6:7774 R7:1106
[LOG_TRACE] 001106 010001: mov R0, R1
[LOG_TRACE] R0:26760 R1:26760 R2:1000 R3:4 R4:160000 R5:4716 R6:7774 R7:1110
[LOG_TRACE] 001110 162700: sub #50, R0
[LOG_TRACE] R0:26710 R1:26760 R2:1000 R3:4 R4:160000 R5:4716 R6:7774 R7:1114
[LOG_TRACE] 001114 103374: bcc 001106
[LOG_TRACE] R0:26710 R1:26760 R2:1000 R3:4 R4:160000 R5:4716 R6:7774 R7:1106
[LOG_TRACE] 001106 010001: mov R0, R1
[LOG_TRACE] R0:26710 R1:26710 R2:1000 R3:4 R4:160000 R5:4716 R6:7774 R7:1110
[LOG_TRACE] 001110 162700: sub #50, R0
[LOG_TRACE] R0:26640 R1:26710 R2:1000 R3:4 R4:160000 R5:4716 R6:7774 R7:1114
[LOG_TRACE] 001114 103374: bcc 001106
[LOG_TRACE] R0:26640 R1:26710 R2:1000 R3:4 R4:160000 R5:4716 R6:7774 R7:1106
[LOG_TRACE] 001106 010001: mov R0, R1
[LOG_TRACE] R0:26640 R1:26640 R2:1000 R3:4 R4:160000 R5:4716 R6:7774 R7:1110
[LOG_TRACE] 001110 162700: sub #50, R0
[LOG_TRACE] R0:26570 R1:26640 R2:1000 R3:4 R4:160000 R5:4716 R6:7774 R7:1114
[LOG_TRACE] 001114 103374: bcc 001106
[LOG_TRACE] R0:26570 R1:26640 R2:1000 R3:4 R4:160000 R5:4716 R6:7774 R7:1106
[LOG_TRACE] 001106 010001: mov R0, R1
[LOG_TRACE] R0:26570 R1:26570 R2:1000 R3:4 R4:160000 R5:4716 R6:7774 R7:1110
[LOG_TRACE] 001110 162700: sub #50, R0
[LOG_TRACE] R0:26520 R1:26570 R2:1000 R3:4 R4:160000 R5:4716 R6:7774 R7:1114
[LOG_TRACE] 001114 103374: bcc 001106
[LOG_TRACE] R0:26520 R1:26570 R2:1000 R3:4 R4:160000 R5:4716 R6:7774 R7:1106
[LOG_TRACE] 001106 010001: mov R0, R1
[LOG_TRACE] R0:26520 R1:26520 R2:1000 R3:4 R4:160000 R5:4716 R6:7774 R7:1110
[LOG_TRACE] 001110 162700: sub #50, R0
[LOG_TRACE] R0:26450 R1:26520 R2:1000 R3:4 R4:160000 R5:4716 R6:7774 R7:1114
[LOG_TRACE] 001114 103374: bcc 001106
[LOG_TRACE] R0:26450 R1:26520 R2:1000 R3:4 R4:160000 R5:4716 R6:7774 R7:1106
[LOG_TRACE] 001106 010001: mov R0, R1
[LOG_TRACE] R0:26450 R1:26450 R2:1000 R3:4 R4:160000 R5:4716 R6:7774 R7:1110
[LOG_TRACE] 001110 162700: sub #50, R0
[LOG_TRACE] R0:26400 R1:26450 R2:1000 R3:4 R4:160000 R5:4716 R6:7774 R7:1114
[LOG_TRACE] 001114 103374: bcc 001106
[LOG_TRACE] R0:26400 R1:26450 R2:1000 R3:4 R4:160000 R5:4716 R6:7774 R7:1106
[LOG_TRACE] 001106 010001: mov R0, R1
[LOG_TRACE] R0:26400 R1:26400 R2:1000 R3:4 R4:160000 R5:4716 R6:7774 R7:1110
[LOG_TRACE] 001110 162700: sub #50, R0
[LOG_TRACE] R0:26330 R1:26400 R2:1000 R3:4 R4:160000 R5:4716 R6:7774 R7:1114
[LOG_TRACE] 001114 103374: bcc 001106
[LOG_TRACE] R0:26330 R1:26400 R2:1000 R3:4 R4:160000 R5:4716 R6:7774 R7:1106
[LOG_TRACE] 001106 010001: mov R0, R1
[LOG_TRACE] R0:26330 R1:26330 R2:1000 R3:4 R4:160000 R5:4716 R6:7774 R7:1110
[LOG_TRACE] 001110 162700: sub #50, R0
[LOG_TRACE] R0:26260 R1:26330 R2:1000 R3:4 R4:160000 R5:4716 R6:7774 R7:1114
[LOG_TRACE] 001114 103374: bcc 001106
[LOG_TRACE] R0:26260 R1:26330 R2:1000 R3:4 R4:160000 R5:4716 R6:7774 R7:1106
[LOG_TRACE] 001106 010001: mov R0, R1
[LOG_TRACE] R0:26260 R1:26260 R2:1000 R3:4 R4:160000 R5:4716 R6:7774 R7:1110
[LOG_TRACE] 001110 162700: sub #50, R0
[LOG_TRACE] R0:26210 R1:26260 R2:1000 R3:4 R4:160000 R5:4716 R6:7774 R7:1114
[LOG_TRACE] 001114 103374: bcc 001106
[LOG_TRACE] R0:26210 R1:26260 R2:1000 R3:4 R4:160000 R5:4716 R6:7774 R7:1106
[LOG_TRACE] 001106 010001: mov R0, R1
[LOG_TRACE] R0:26210 R1:26210 R2:1000 R3:4 R4:160000 R5:4716 R6:7774 R7:1110
[LOG_TRACE] 001110 162700: sub #50, R0
[LOG_TRACE] R0:26140 R1:26210 R2:1000 R3:4 R4:160000 R5:4716 R6:7774 R7:1114
[LOG_TRACE] 001114 103374: bcc 001106
[LOG_TRACE] R0:26140 R1:26210 R2:1000 R3:4 R4:160000 R5:4716 R6:7774 R7:1106
[LOG_TRACE] 001106 010001: mov R0, R1
[LOG_TRACE] R0:26140 R1:26140 R2:1000 R3:4 R4:160000 R5:4716 R6:7774 R7:1110
[LOG_TRACE] 001110 162700: sub #50, R0
[LOG_TRACE] R0:26070 R1:26140 R2:1000 R3:4 R4:160000 R5:4716 R6:7774 R7:1114
[LOG_TRACE] 001114 103374: bcc 001106
[LOG_TRACE] R0:26070 R1:26140 R2:1000 R3:4 R4:160000 R5:4716 R6:7774 R7:1106
[LOG_TRACE] 001106 010001: mov R0, R1
[LOG_TRACE] R0:26070 R1:26070 R2:1000 R3:4 R4:160000 R5:4716 R6:7774 R7:1110
[LOG_TRACE] 001110 162700: sub #50, R0
[LOG_TRACE] R0:26020 R1:26070 R2:1000 R3:4 R4:160000 R5:4716 R6:7774 R7:1114
[LOG_TRACE] 001114 103374: bcc 001106
[LOG_TRACE] R0:26020 R1:26070 R2:1000 R3:4 R4:160000 R5:4716 R6:7774 R7:1106
[LOG_TRACE] 001106 010001: mov R0, R1
[LOG_TRACE] R0:26020 R1:26020 R2:1000 R3:4 R4:160000 R5:4716 R6:7774 R7:1110
[LOG_TRACE] 001110 162700: sub #50, R0
[LOG_TRACE] R0:25750 R1:26020 R2:1000 R3:4 R4:160000 R5:4716 R6:7774 R7:1114
[LOG_TRACE] 001114 103374: bcc 001106
[LOG_TRACE] R0:25750 R1:26020 R2:1000 R3:4 R4:160000 R5:4716 R6:7774 R7:1106
[LOG_TRACE] 001106 010001: mov R0, R1
[LOG_TRACE] R0:25750 R1:25750 R2:1000 R3:4 R4:160000 R5:4716 R6:7774 R7:1110
[LOG_TRACE] 001110 162700: sub #50, R0
[LOG_TRACE] R0:25700 R1:25750 R2:1000 R3:4 R4:160000 R5:4716 R6:7774 R7:1114
[LOG_TRACE] 001114 103374: bcc 001106
[LOG_TRACE] R0:25700 R1:25750 R2:1000 R3:4 R4:160000 R5:4716 R6:7774 R7:1106
[LOG_TRACE] 001106 010001: mov R0, R1
[LOG_TRACE] R0:25700 R1:25700 R2:1000 R3:4 R4:160000 R5:4716 R6:7774 R7:1110
[LOG_TRACE] 001110 162700: sub #50, R0
[LOG_TRACE] R0:25630 R1:25700 R2:1000 R3:4 R4:160000 R5:4716 R6:7774 R7:1114
[LOG_TRACE] 001114 103374: bcc 001106
[LOG_TRACE] R0:25630 R1:25700 R2:1000 R3:4 R4:160000 R5:4716 R6:7774 R7:1106
[LOG_TRACE] 001106 010001: mov R0, R1
[LOG_TRACE] R0:25630 R1:25630 R2:1000 R3:4 R4:160000 R5:4716 R6:7774 R7:1110
[LOG_TRACE] 001110 162700: sub #50, R0
[LOG_TRACE] R0:25560 R1:25630 R2:1000 R3:4 R4:160000 R5:4716 R6:7774 R7:1114
[LOG_TRACE] 001114 103374: bcc 001106
[LOG_TRACE] R0:25560 R1:25630 R2:1000 R3:4 R4:160000 R5:4716 R6:7774 R7:1106
[LOG_TRACE] 001106 010001: mov R0, R1
[LOG_TRACE] R0:25560 R1:25560 R2:1000 R3:4 R4:160000 R5:4716 R6:7774 R7:1110
[LOG_TRACE] 001110 162700: sub #50, R0
[LOG_TRACE] R0:25510 R1:25560 R2:1000 R3:4 R4:160000 R5:4716 R6:7774 R7:1114
[LOG_TRACE] 001114 103374: bcc 001106
[LOG_TRACE] R0:25510 R1:25560 R2:1000 R3:4 R4:160000 R5:4716 R6:7774 R7:1106
[LOG_TRACE] 001106 010001: mov R0, R1
[LOG_TRACE] R0:25510 R1:25510 R2:1000 R3:4 R4:160000 R5:4716 R6:7774 R7:1110
[LOG_TRACE] 001110 162700: sub #50, R0
[LOG_TRACE] R0:25440 R1:25510 R2:1000 R3:4 R4:160000 R5:4716 R6:7774 R7:1114
[LOG_TRACE] 001114 103374: bcc 001106
[LOG_TRACE] R0:25440 R1:25510 R2:1000 R3:4 R4:160000 R5:4716 R6:7774 R7:1106
[LOG_TRACE] 001106 010001: mov R0, R1
[LOG_TRACE] R0:25440 R1:25440 R2:1000 R3:4 R4:160000 R5:4716 R6:7774 R7:1110
[LOG_TRACE] 001110 162700: sub #50, R0
[LOG_TRACE] R0:25370 R1:25440 R2:1000 R3:4 R4:160000 R5:4716 R6:7774 R7:1114
[LOG_TRACE] 001114 103374: bcc 001106
[LOG_TRACE] R0:25370 R1:25440 R2:1000 R3:4 R4:160000 R5:4716 R6:7774 R7:1106
[LOG_TRACE] 001106 010001: mov R0, R1
[LOG_TRACE] R0:25370 R1:25370 R2:1000 R3:4 R4:160000 R5:4716 R6:7774 R7:1110
[LOG_TRACE] 001110 162700: sub #50, R0
[LOG_TRACE] R0:25320 R1:25370 R2:1000 R3:4 R4:160000 R5:4716 R6:7774 R7:1114
[LOG_TRACE] 001114 103374: bcc 001106
[LOG_TRACE] R0:25320 R1:25370 R2:1000 R3:4 R4:160000 R5:4716 R6:7774 R7:1106
[LOG_TRACE] 001106 010001: mov R0, R1
[LOG_TRACE] R0:25320 R1:25320 R2:1000 R3:4 R4:160000 R5:4716 R6:7774 R7:1110
[LOG_TRACE] 001110 162700: sub #50, R0
[LOG_TRACE] R0:25250 R1:25320 R2:1000 R3:4 R4:160000 R5:4716 R6:7774 R7:1114
[LOG_TRACE] 001114 103374: bcc 001106
[LOG_TRACE] R0:25250 R1:25320 R2:1000 R3:4 R4:160000 R5:4716 R6:7774 R7:1106
[LOG_TRACE] 001106 010001: mov R0, R1
[LOG_TRACE] R0:25250 R1:25250 R2:1000 R3:4 R4:160000 R5:4716 R6:7774 R7:1110
[LOG_TRACE] 001110 162700: sub #50, R0
[LOG_TRACE] R0:25200 R1:25250 R2:1000 R3:4 R4:160000 R5:4716 R6:7774 R7:1114
[LOG_TRACE] 001114 103374: bcc 001106
[LOG_TRACE] R0:25200 R1:25250 R2:1000 R3:4 R4:160000 R5:4716 R6:7774 R7:1106
[LOG_TRACE] 001106 010001: mov R0, R1
[LOG_TRACE] R0:25200 R1:25200 R2:1000 R3:4 R4:160000 R5:4716 R6:7774 R7:1110
[LOG_TRACE] 001110 162700: sub #50, R0
[LOG_TRACE] R0:25130 R1:25200 R2:1000 R3:4 R4:160000 R5:4716 R6:7774 R7:1114
[LOG_TRACE] 001114 103374: bcc 001106
[LOG_TRACE] R0:25130 R1:25200 R2:1000 R3:4 R4:160000 R5:4716 R6:7774 R7:1106
[LOG_TRACE] 001106 010001: mov R0, R1
[LOG_TRACE] R0:25130 R1:25130 R2:1000 R3:4 R4:160000 R5:4716 R6:7774 R7:1110
[LOG_TRACE] 001110 162700: sub #50, R0
[LOG_TRACE] R0:25060 R1:25130 R2:1000 R3:4 R4:160000 R5:4716 R6:7774 R7:1114
[LOG_TRACE] 001114 103374: bcc 001106
[LOG_TRACE] R0:25060 R1:25130 R2:1000 R3:4 R4:160000 R5:4716 R6:7774 R7:1106
[LOG_TRACE] 001106 010001: mov R0, R1
[LOG_TRACE] R0:25060 R1:25060 R2:1000 R3:4 R4:160000 R5:4716 R6:7774 R7:1110
[LOG_TRACE] 001110 162700: sub #50, R0
[LOG_TRACE] R0:25010 R1:25060 R2:1000 R3:4 R4:160000 R5:4716 R6:7774 R7:1114
[LOG_TRACE] 001114 103374: bcc 001106
[LOG_TRACE] R0:25010 R1:25060 R2:1000 R3:4 R4:160000 R5:4716 R6:7774 R7:1106
[LOG_TRACE] 001106 010001: mov R0, R1
[LOG_TRACE] R0:25010 R1:25010 R2:1000 R3:4 R4:160000 R5:4716 R6:7774 R7:1110
[LOG_TRACE] 001110 162700: sub #50, R0
[LOG_TRACE] R0:24740 R1:25010 R2:1000 R3:4 R4:160000 R5:4716 R6:7774 R7:1114
[LOG_TRACE] 001114 103374: bcc 001106
[LOG_TRACE] R0:24740 R1:25010 R2:1000 R3:4 R4:160000 R5:4716 R6:7774 R7:1106
[LOG_TRACE] 001106 010001: mov R0, R1
[LOG_TRACE] R0:24740 R1:24740 R2:1000 R3:4 R4:160000 R5:4716 R6:7774 R7:1110
[LOG_TRACE] 001110 162700: sub #50, R0
[LOG_TRACE] R0:24670 R1:24740 R2:1000 R3:4 R4:160000 R5:4716 R6:7774 R7:1114
[LOG_TRACE] 001114 103374: bcc 001106
[LOG_TRACE] R0:24670 R1:24740 R2:1000 R3:4 R4:160000 R5:4716 R6:7774 R7:1106
[LOG_TRACE] 001106 010001: mov R0, R1
[LOG_TRACE] R0:24670 R1:24670 R2:1000 R3:4 R4:160000 R5:4716 R6:7774 R7:1110
[LOG_TRACE] 001110 162700: sub #50, R0
[LOG_TRACE] R0:24620 R1:24670 R2:1000 R3:4 R4:160000 R5:4716 R6:7774 R7:1114
[LOG_TRACE] 001114 103374: bcc 001106
[LOG_TRACE] R0:24620 R1:24670 R2:1000 R3:4 R4:160000 R5:4716 R6:7774 R7:1106
[LOG_TRACE] 001106 010001: mov R0, R1
[LOG_TRACE] R0:24620 R1:24620 R2:1000 R3:4 R4:160000 R5:4716 R6:7774 R7:1110
[LOG_TRACE] 001110 162700: sub #50, R0
[LOG_TRACE] R0:24550 R1:24620 R2:1000 R3:4 R4:160000 R5:4716 R6:7774 R7:1114
[LOG_TRACE] 001114 103374: bcc 001106
[LOG_TRACE] R0:24550 R1:24620 R2:1000 R3:4 R4:160000 R5:4716 R6:7774 R7:1106
[LOG_TRACE] 001106 010001: mov R0, R1
[LOG_TRACE] R0:24550 R1:24550 R2:1000 R3:4 R4:160000 R5:4716 R6:7774 R7:1110
[LOG_TRACE] 001110 162700: sub #50, R0
[LOG_TRACE] R0:24500 R1:24550 R2:1000 R3:4 R4:160000 R5:4716 R6:7774 R7:1114
[LOG_TRACE] 001114 103374: bcc 001106
[LOG_TRACE] R0:24500 R1:24550 R2:1000 R3:4 R4:160000 R5:4716 R6:7774 R7:1106
[LOG_TRACE] 001106 010001: mov R0, R1
[LOG_TRACE] R0:24500 R1:24500 R2:1000 R3:4 R4:160000 R5:4716 R6:7774 R7:1110
[LOG_TRACE] 001110 162700: sub #50, R0
[LOG_TRACE] R0:24430 R1:24500 R2:1000 R3:4 R4:160000 R5:4716 R6:7774 R7:1114
[LOG_TRACE] 001114 103374: bcc 001106
[LOG_TRACE] R0:24430 R1:24500 R2:1000 R3:4 R4:160000 R5:4716 R6:7774 R7:1106
[LOG_TRACE] 001106 010001: mov R0, R1
[LOG_TRACE] R0:24430 R1:24430 R2:1000 R3:4 R4:160000 R5:4716 R6:7774 R7:1110
[LOG_TRACE] 001110 162700: sub #50, R0
[LOG_TRACE] R0:24360 R1:24430 R2:1000 R3:4 R4:160000 R5:4716 R6:7774 R7:1114
[LOG_TRACE] 001114 103374: bcc 001106
[LOG_TRACE] R0:24360 R1:24430 R2:1000 R3:4 R4:160000 R5:4716 R6:7774 R7:1106
[LOG_TRACE] 001106 010001: mov R0, R1
[LOG_TRACE] R0:24360 R1:24360 R2:1000 R3:4 R4:160000 R5:4716 R6:7774 R7:1110
[LOG_TRACE] 001110 162700: sub #50, R0
[LOG_TRACE] R0:24310 R1:24360 R2:1000 R3:4 R4:160000 R5:4716 R6:7774 R7:1114
[LOG_TRACE] 001114 103374: bcc 001106
[LOG_TRACE] R0:24310 R1:24360 R2:1000 R3:4 R4:160000 R5:4716 R6:7774 R7:1106
[LOG_TRACE] 001106 010001: mov R0, R1
[LOG_TRACE] R0:24310 R1:24310 R2:1000 R3:4 R4:160000 R5:4716 R6:7774 R7:1110
[LOG_TRACE] 001110 162700: sub #50, R0
[LOG_TRACE] R0:24240 R1:24310 R2:1000 R3:4 R4:160000 R5:4716 R6:7774 R7:1114
[LOG_TRACE] 001114 103374: bcc 001106
[LOG_TRACE] R0:24240 R1:24310 R2:1000 R3:4 R4:160000 R5:4716 R6:7774 R7:1106
[LOG_TRACE] 001106 010001: mov R0, R1
[LOG_TRACE] R0:24240 R1:24240 R2:1000 R3:4 R4:160000 R5:4716 R6:7774 R7:1110
[LOG_TRACE] 001110 162700: sub #50, R0
[LOG_TRACE] R0:24170 R1:24240 R2:1000 R3:4 R4:160000 R5:4716 R6:7774 R7:1114
[LOG_TRACE] 001114 103374: bcc 001106
[LOG_TRACE] R0:24170 R1:24240 R2:1000 R3:4 R4:160000 R5:4716 R6:7774 R7:1106
[LOG_TRACE] 001106 010001: mov R0, R1
[LOG_TRACE] R0:24170 R1:24170 R2:1000 R3:4 R4:160000 R5:4716 R6:7774 R7:1110
[LOG_TRACE] 001110 162700: sub #50, R0
[LOG_TRACE] R0:24120 R1:24170 R2:1000 R3:4 R4:160000 R5:4716 R6:7774 R7:1114
[LOG_TRACE] 001114 103374: bcc 001106
[LOG_TRACE] R0:24120 R1:24170 R2:1000 R3:4 R4:160000 R5:4716 R6:7774 R7:1106
[LOG_TRACE] 001106 010001: mov R0, R1
[LOG_TRACE] R0:24120 R1:24120 R2:1000 R3:4 R4:160000 R5:4716 R6:7774 R7:1110
[LOG_TRACE] 001110 162700: sub #50, R0
[LOG_TRACE] R0:24050 R1:24120 R2:1000 R3:4 R4:160000 R5:4716 R6:7774 R7:1114
[LOG_TRACE] 001114 103374: bcc 001106
[LOG_TRACE] R0:24050 R1:24120 R2:1000 R3:4 R4:160000 R5:4716 R6:7774 R7:1106
[LOG_TRACE] 001106 010001: mov R0, R1
[LOG_TRACE] R0:24050 R1:24050 R2:1000 R3:4 R4:160000 R5:4716 R6:7774 R7:1110
[LOG_TRACE] 001110 162700: sub #50, R0
[LOG_TRACE] R0:24000 R1:24050 R2:1000 R3:4 R4:160000 R5:4716 R6:7774 R7:1114
[LOG_TRACE] 001114 103374: bcc 001106
[LOG_TRACE] R0:24000 R1:24050 R2:1000 R3:4 R4:160000 R5:4716 R6:7774 R7:1106
[LOG_TRACE] 001106 010001: mov R0, R1
[LOG_TRACE] R0:24000 R1:24000 R2:1000 R3:4 R4:160000 R5:4716 R6:7774 R7:1110
[LOG_TRACE] 001110 162700: sub #50, R0
[LOG_TRACE] R0:23730 R1:24000 R2:1000 R3:4 R4:160000 R5:4716 R6:7774 R7:1114
[LOG_TRACE] 001114 103374: bcc 001106
[LOG_TRACE] R0:23730 R1:24000 R2:1000 R3:4 R4:160000 R5:4716 R6:7774 R7:1106
[LOG_TRACE] 001106 010001: mov R0, R1
[LOG_TRACE] R0:23730 R1:23730 R2:1000 R3:4 R4:160000 R5:4716 R6:7774 R7:1110
[LOG_TRACE] 001110 162700: sub #50, R0
[LOG_TRACE] R0:23660 R1:23730 R2:1000 R3:4 R4:160000 R5:4716 R6:7774 R7:1114
[LOG_TRACE] 001114 103374: bcc 001106
[LOG_TRACE] R0:23660 R1:23730 R2:1000 R3:4 R4:160000 R5:4716 R6:7774 R7:1106
[LOG_TRACE] 001106 010001: mov R0, R1
[LOG_TRACE] R0:23660 R1:23660 R2:1000 R3:4 R4:160000 R5:4716 R6:7774 R7:1110
[LOG_TRACE] 001110 162700: sub #50, R0
[LOG_TRACE] R0:23610 R1:23660 R2:1000 R3:4 R4:160000 R5:4716 R6:7774 R7:1114
[LOG_TRACE] 001114 103374: bcc 001106
[LOG_TRACE] R0:23610 R1:23660 R2:1000 R3:4 R4:160000 R5:4716 R6:7774 R7:1106
[LOG_TRACE] 001106 010001: mov R0, R1
[LOG_TRACE] R0:23610 R1:23610 R2:1000 R3:4 R4:160000 R5:4716 R6:7774 R7:1110
[LOG_TRACE] 001110 162700: sub #50, R0
[LOG_TRACE] R0:23540 R1:23610 R2:1000 R3:4 R4:160000 R5:4716 R6:7774 R7:1114
[LOG_TRACE] 001114 103374: bcc 001106
[LOG_TRACE] R0:23540 R1:23610 R2:1000 R3:4 R4:160000 R5:4716 R6:7774 R7:1106
[LOG_TRACE] 001106 010001: mov R0, R1
[LOG_TRACE] R0:23540 R1:23540 R2:1000 R3:4 R4:160000 R5:4716 R6:7774 R7:1110
[LOG_TRACE] 001110 162700: sub #50, R0
[LOG_TRACE] R0:23470 R1:23540 R2:1000 R3:4 R4:160000 R5:4716 R6:7774 R7:1114
[LOG_TRACE] 001114 103374: bcc 001106
[LOG_TRACE] R0:23470 R1:23540 R2:1000 R3:4 R4:160000 R5:4716 R6:7774 R7:1106
[LOG_TRACE] 001106 010001: mov R0, R1
[LOG_TRACE] R0:23470 R1:23470 R2:1000 R3:4 R4:160000 R5:4716 R6:7774 R7:1110
[LOG_TRACE] 001110 162700: sub #50, R0
[LOG_TRACE] R0:23420 R1:23470 R2:1000 R3:4 R4:160000 R5:4716 R6:7774 R7:1114
[LOG_TRACE] 001114 103374: bcc 001106
[LOG_TRACE] R0:23420 R1:23470 R2:1000 R3:4 R4:160000 R5:4716 R6:7774 R7:1106
[LOG_TRACE] 001106 010001: mov R0, R1
[LOG_TRACE] R0:23420 R1:23420 R2:1000 R3:4 R4:160000 R5:4716 R6:7774 R7:1110
[LOG_TRACE] 001110 162700: sub #50, R0
[LOG_TRACE] R0:23350 R1:23420 R2:1000 R3:4 R4:160000 R5:4716 R6:7774 R7:1114
[LOG_TRACE] 001114 103374: bcc 001106
[LOG_TRACE] R0:23350 R1:23420 R2:1000 R3:4 R4:160000 R5:4716 R6:7774 R7:1106
[LOG_TRACE] 001106 010001: mov R0, R1
[LOG_TRACE] R0:23350 R1:23350 R2:1000 R3:4 R4:160000 R5:4716 R6:7774 R7:1110
[LOG_TRACE] 001110 162700: sub #50, R0
[LOG_TRACE] R0:23300 R1:23350 R2:1000 R3:4 R4:160000 R5:4716 R6:7774 R7:1114
[LOG_TRACE] 001114 103374: bcc 001106
[LOG_TRACE] R0:23300 R1:23350 R2:1000 R3:4 R4:160000 R5:4716 R6:7774 R7:1106
[LOG_TRACE] 001106 010001: mov R0, R1
[LOG_TRACE] R0:23300 R1:23300 R2:1000 R3:4 R4:160000 R5:4716 R6:7774 R7:1110
[LOG_TRACE] 001110 162700: sub #50, R0
[LOG_TRACE] R0:23230 R1:23300 R2:1000 R3:4 R4:160000 R5:4716 R6:7774 R7:1114
[LOG_TRACE] 001114 103374: bcc 001106
[LOG_TRACE] R0:23230 R1:23300 R2:1000 R3:4 R4:160000 R5:4716 R6:7774 R7:1106
[LOG_TRACE] 001106 010001: mov R0, R1
[LOG_TRACE] R0:23230 R1:23230 R2:1000 R3:4 R4:160000 R5:4716 R6:7774 R7:1110
[LOG_TRACE] 001110 162700: sub #50, R0
[LOG_TRACE] R0:23160 R1:23230 R2:1000 R3:4 R4:160000 R5:4716 R6:7774 R7:1114
[LOG_TRACE] 001114 103374: bcc 001106
[LOG_TRACE] R0:23160 R1:23230 R2:1000 R3:4 R4:160000 R5:4716 R6:7774 R7:1106
[LOG_TRACE] 001106 010001: mov R0, R1
[LOG_TRACE] R0:23160 R1:23160 R2:1000 R3:4 R4:160000 R5:4716 R6:7774 R7:1110
[LOG_TRACE] 001110 162700: sub #50, R0
[LOG_TRACE] R0:23110 R1:23160 R2:1000 R3:4 R4:160000 R5:4716 R6:7774 R7:1114
[LOG_TRACE] 001114 103374: bcc 001106
[LOG_TRACE] R0:23110 R1:23160 R2:1000 R3:4 R4:160000 R5:4716 R6:7774 R7:1106
[LOG_TRACE] 001106 010001: mov R0, R1
[LOG_TRACE] R0:23110 R1:23110 R2:1000 R3:4 R4:160000 R5:4716 R6:7774 R7:1110
[LOG_TRACE] 001110 162700: sub #50, R0
[LOG_TRACE] R0:23040 R1:23110 R2:1000 R3:4 R4:160000 R5:4716 R6:7774 R7:1114
[LOG_TRACE] 001114 103374: bcc 001106
[LOG_TRACE] R0:23040 R1:23110 R2:1000 R3:4 R4:160000 R5:4716 R6:7774 R7:1106
[LOG_TRACE] 001106 010001: mov R0, R1
[LOG_TRACE] R0:23040 R1:23040 R2:1000 R3:4 R4:160000 R5:4716 R6:7774 R7:1110
[LOG_TRACE] 001110 162700: sub #50, R0
[LOG_TRACE] R0:22770 R1:23040 R2:1000 R3:4 R4:160000 R5:4716 R6:7774 R7:1114
[LOG_TRACE] 001114 103374: bcc 001106
[LOG_TRACE] R0:22770 R1:23040 R2:1000 R3:4 R4:160000 R5:4716 R6:7774 R7:1106
[LOG_TRACE] 001106 010001: mov R0, R1
[LOG_TRACE] R0:22770 R1:22770 R2:1000 R3:4 R4:160000 R5:4716 R6:7774 R7:1110
[LOG_TRACE] 001110 162700: sub #50, R0
[LOG_TRACE] R0:22720 R1:22770 R2:1000 R3:4 R4:160000 R5:4716 R6:7774 R7:1114
[LOG_TRACE] 001114 103374: bcc 001106
[LOG_TRACE] R0:22720 R1:22770 R2:1000 R3:4 R4:160000 R5:4716 R6:7774 R7:1106
[LOG_TRACE] 001106 010001: mov R0, R1
[LOG_TRACE] R0:22720 R1:22720 R2:1000 R3:4 R4:160000 R5:4716 R6:7774 R7:1110
[LOG_TRACE] 001110 162700: sub #50, R0
[LOG_TRACE] R0:22650 R1:22720 R2:1000 R3:4 R4:160000 R5:4716 R6:7774 R7:1114
[LOG_TRACE] 001114 103374: bcc 001106
[LOG_TRACE] R0:22650 R1:22720 R2:1000 R3:4 R4:160000 R5:4716 R6:7774 R7:1106
[LOG_TRACE] 001106 010001: mov R0, R1
[LOG_TRACE] R0:22650 R1:22650 R2:1000 R3:4 R4:160000 R5:4716 R6:7774 R7:1110
[LOG_TRACE] 001110 162700: sub #50, R0
[LOG_TRACE] R0:22600 R1:22650 R2:1000 R3:4 R4:160000 R5:4716 R6:7774 R7:1114
[LOG_TRACE] 001114 103374: bcc 001106
[LOG_TRACE] R0:22600 R1:22650 R2:1000 R3:4 R4:160000 R5:4716 R6:7774 R7:1106
[LOG_TRACE] 001106 010001: mov R0, R1
[LOG_TRACE] R0:22600 R1:22600 R2:1000 R3:4 R4:160000 R5:4716 R6:7774 R7:1110
[LOG_TRACE] 001110 162700: sub #50, R0
[LOG_TRACE] R0:22530 R1:22600 R2:1000 R3:4 R4:160000 R5:4716 R6:7774 R7:1114
[LOG_TRACE] 001114 103374: bcc 001106
[LOG_TRACE] R0:22530 R1:22600 R2:1000 R3:4 R4:160000 R5:4716 R6:7774 R7:1106
[LOG_TRACE] 001106 010001: mov R0, R1
[LOG_TRACE] R0:22530 R1:22530 R2:1000 R3:4 R4:160000 R5:4716 R6:7774 R7:1110
[LOG_TRACE] 001110 162700: sub #50, R0
[LOG_TRACE] R0:22460 R1:22530 R2:1000 R3:4 R4:160000 R5:4716 R6:7774 R7:1114
[LOG_TRACE] 001114 103374: bcc 001106
[LOG_TRACE] R0:22460 R1:22530 R2:1000 R3:4 R4:160000 R5:4716 R6:7774 R7:1106
[LOG_TRACE] 001106 010001: mov R0, R1
[LOG_TRACE] R0:22460 R1:22460 R2:1000 R3:4 R4:160000 R5:4716 R6:7774 R7:1110
[LOG_TRACE] 001110 162700: sub #50, R0
[LOG_TRACE] R0:22410 R1:22460 R2:1000 R3:4 R4:160000 R5:4716 R6:7774 R7:1114
[LOG_TRACE] 001114 103374: bcc 001106
[LOG_TRACE] R0:22410 R1:22460 R2:1000 R3:4 R4:160000 R5:4716 R6:7774 R7:1106
[LOG_TRACE] 001106 010001: mov R0, R1
[LOG_TRACE] R0:22410 R1:22410 R2:1000 R3:4 R4:160000 R5:4716 R6:7774 R7:1110
[LOG_TRACE] 001110 162700: sub #50, R0
[LOG_TRACE] R0:22340 R1:22410 R2:1000 R3:4 R4:160000 R5:4716 R6:7774 R7:1114
[LOG_TRACE] 001114 103374: bcc 001106
[LOG_TRACE] R0:22340 R1:22410 R2:1000 R3:4 R4:160000 R5:4716 R6:7774 R7:1106
[LOG_TRACE] 001106 010001: mov R0, R1
[LOG_TRACE] R0:22340 R1:22340 R2:1000 R3:4 R4:160000 R5:4716 R6:7774 R7:1110
[LOG_TRACE] 001110 162700: sub #50, R0
[LOG_TRACE] R0:22270 R1:22340 R2:1000 R3:4 R4:160000 R5:4716 R6:7774 R7:1114
[LOG_TRACE] 001114 103374: bcc 001106
[LOG_TRACE] R0:22270 R1:22340 R2:1000 R3:4 R4:160000 R5:4716 R6:7774 R7:1106
[LOG_TRACE] 001106 010001: mov R0, R1
[LOG_TRACE] R0:22270 R1:22270 R2:1000 R3:4 R4:160000 R5:4716 R6:7774 R7:1110
[LOG_TRACE] 001110 162700: sub #50, R0
[LOG_TRACE] R0:22220 R1:22270 R2:1000 R3:4 R4:160000 R5:4716 R6:7774 R7:1114
[LOG_TRACE] 001114 103374: bcc 001106
[LOG_TRACE] R0:22220 R1:22270 R2:1000 R3:4 R4:160000 R5:4716 R6:7774 R7:1106
[LOG_TRACE] 001106 010001: mov R0, R1
[LOG_TRACE] R0:22220 R1:22220 R2:1000 R3:4 R4:160000 R5:4716 R6:7774 R7:1110
[LOG_TRACE] 001110 162700: sub #50, R0
[LOG_TRACE] R0:22150 R1:22220 R2:1000 R3:4 R4:160000 R5:4716 R6:7774 R7:1114
[LOG_TRACE] 001114 103374: bcc 001106
[LOG_TRACE] R0:22150 R1:22220 R2:1000 R3:4 R4:160000 R5:4716 R6:7774 R7:1106
[LOG_TRACE] 001106 010001: mov R0, R1
[LOG_TRACE] R0:22150 R1:22150 R2:1000 R3:4 R4:160000 R5:4716 R6:7774 R7:1110
[LOG_TRACE] 001110 162700: sub #50, R0
[LOG_TRACE] R0:22100 R1:22150 R2:1000 R3:4 R4:160000 R5:4716 R6:7774 R7:1114
[LOG_TRACE] 001114 103374: bcc 001106
[LOG_TRACE] R0:22100 R1:22150 R2:1000 R3:4 R4:160000 R5:4716 R6:7774 R7:1106
[LOG_TRACE] 001106 010001: mov R0, R1
[LOG_TRACE] R0:22100 R1:22100 R2:1000 R3:4 R4:160000 R5:4716 R6:7774 R7:1110
[LOG_TRACE] 001110 162700: sub #50, R0
[LOG_TRACE] R0:22030 R1:22100 R2:1000 R3:4 R4:160000 R5:4716 R6:7774 R7:1114
[LOG_TRACE] 001114 103374: bcc 001106
[LOG_TRACE] R0:22030 R1:22100 R2:1000 R3:4 R4:160000 R5:4716 R6:7774 R7:1106
[LOG_TRACE] 001106 010001: mov R0, R1
[LOG_TRACE] R0:22030 R1:22030 R2:1000 R3:4 R4:160000 R5:4716 R6:7774 R7:1110
[LOG_TRACE] 001110 162700: sub #50, R0
[LOG_TRACE] R0:21760 R1:22030 R2:1000 R3:4 R4:160000 R5:4716 R6:7774 R7:1114
[LOG_TRACE] 001114 103374: bcc 001106
[LOG_TRACE] R0:21760 R1:22030 R2:1000 R3:4 R4:160000 R5:4716 R6:7774 R7:1106
[LOG_TRACE] 001106 010001: mov R0, R1
[LOG_TRACE] R0:21760 R1:21760 R2:1000 R3:4 R4:160000 R5:4716 R6:7774 R7:1110
[LOG_TRACE] 001110 162700: sub #50, R0
[LOG_TRACE] R0:21710 R1:21760 R2:1000 R3:4 R4:160000 R5:4716 R6:7774 R7:1114
[LOG_TRACE] 001114 103374: bcc 001106
[LOG_TRACE] R0:21710 R1:21760 R2:1000 R3:4 R4:160000 R5:4716 R6:7774 R7:1106
[LOG_TRACE] 001106 010001: mov R0, R1
[LOG_TRACE] R0:21710 R1:21710 R2:1000 R3:4 R4:160000 R5:4716 R6:7774 R7:1110
[LOG_TRACE] 001110 162700: sub #50, R0
[LOG_TRACE] R0:21640 R1:21710 R2:1000 R3:4 R4:160000 R5:4716 R6:7774 R7:1114
[LOG_TRACE] 001114 103374: bcc 001106
[LOG_TRACE] R0:21640 R1:21710 R2:1000 R3:4 R4:160000 R5:4716 R6:7774 R7:1106
[LOG_TRACE] 001106 010001: mov R0, R1
[LOG_TRACE] R0:21640 R1:21640 R2:1000 R3:4 R4:160000 R5:4716 R6:7774 R7:1110
[LOG_TRACE] 001110 162700: sub #50, R0
[LOG_TRACE] R0:21570 R1:21640 R2:1000 R3:4 R4:160000 R5:4716 R6:7774 R7:1114
[LOG_TRACE] 001114 103374: bcc 001106
[LOG_TRACE] R0:21570 R1:21640 R2:1000 R3:4 R4:160000 R5:4716 R6:7774 R7:1106
[LOG_TRACE] 001106 010001: mov R0, R1
[LOG_TRACE] R0:21570 R1:21570 R2:1000 R3:4 R4:160000 R5:4716 R6:7774 R7:1110
[LOG_TRACE] 001110 162700: sub #50, R0
[LOG_TRACE] R0:21520 R1:21570 R2:1000 R3:4 R4:160000 R5:4716 R6:7774 R7:1114
[LOG_TRACE] 001114 103374: bcc 001106
[LOG_TRACE] R0:21520 R1:21570 R2:1000 R3:4 R4:160000 R5:4716 R6:7774 R7:1106
[LOG_TRACE] 001106 010001: mov R0, R1
[LOG_TRACE] R0:21520 R1:21520 R2:1000 R3:4 R4:160000 R5:4716 R6:7774 R7:1110
[LOG_TRACE] 001110 162700: sub #50, R0
[LOG_TRACE] R0:21450 R1:21520 R2:1000 R3:4 R4:160000 R5:4716 R6:7774 R7:1114
[LOG_TRACE] 001114 103374: bcc 001106
[LOG_TRACE] R0:21450 R1:21520 R2:1000 R3:4 R4:160000 R5:4716 R6:7774 R7:1106
[LOG_TRACE] 001106 010001: mov R0, R1
[LOG_TRACE] R0:21450 R1:21450 R2:1000 R3:4 R4:160000 R5:4716 R6:7774 R7:1110
[LOG_TRACE] 001110 162700: sub #50, R0
[LOG_TRACE] R0:21400 R1:21450 R2:1000 R3:4 R4:160000 R5:4716 R6:7774 R7:1114
[LOG_TRACE] 001114 103374: bcc 001106
[LOG_TRACE] R0:21400 R1:21450 R2:1000 R3:4 R4:160000 R5:4716 R6:7774 R7:1106
[LOG_TRACE] 001106 010001: mov R0, R1
[LOG_TRACE] R0:21400 R1:21400 R2:1000 R3:4 R4:160000 R5:4716 R6:7774 R7:1110
[LOG_TRACE] 001110 162700: sub #50, R0
[LOG_TRACE] R0:21330 R1:21400 R2:1000 R3:4 R4:160000 R5:4716 R6:7774 R7:1114
[LOG_TRACE] 001114 103374: bcc 001106
[LOG_TRACE] R0:21330 R1:21400 R2:1000 R3:4 R4:160000 R5:4716 R6:7774 R7:1106
[LOG_TRACE] 001106 010001: mov R0, R1
[LOG_TRACE] R0:21330 R1:21330 R2:1000 R3:4 R4:160000 R5:4716 R6:7774 R7:1110
[LOG_TRACE] 001110 162700: sub #50, R0
[LOG_TRACE] R0:21260 R1:21330 R2:1000 R3:4 R4:160000 R5:4716 R6:7774 R7:1114
[LOG_TRACE] 001114 103374: bcc 001106
[LOG_TRACE] R0:21260 R1:21330 R2:1000 R3:4 R4:160000 R5:4716 R6:7774 R7:1106
[LOG_TRACE] 001106 010001: mov R0, R1
[LOG_TRACE] R0:21260 R1:21260 R2:1000 R3:4 R4:160000 R5:4716 R6:7774 R7:1110
[LOG_TRACE] 001110 162700: sub #50, R0
[LOG_TRACE] R0:21210 R1:21260 R2:1000 R3:4 R4:160000 R5:4716 R6:7774 R7:1114
[LOG_TRACE] 001114 103374: bcc 001106
[LOG_TRACE] R0:21210 R1:21260 R2:1000 R3:4 R4:160000 R5:4716 R6:7774 R7:1106
[LOG_TRACE] 001106 010001: mov R0, R1
[LOG_TRACE] R0:21210 R1:21210 R2:1000 R3:4 R4:160000 R5:4716 R6:7774 R7:1110
[LOG_TRACE] 001110 162700: sub #50, R0
[LOG_TRACE] R0:21140 R1:21210 R2:1000 R3:4 R4:160000 R5:4716 R6:7774 R7:1114
[LOG_TRACE] 001114 103374: bcc 001106
[LOG_TRACE] R0:21140 R1:21210 R2:1000 R3:4 R4:160000 R5:4716 R6:7774 R7:1106
[LOG_TRACE] 001106 010001: mov R0, R1
[LOG_TRACE] R0:21140 R1:21140 R2:1000 R3:4 R4:160000 R5:4716 R6:7774 R7:1110
[LOG_TRACE] 001110 162700: sub #50, R0
[LOG_TRACE] R0:21070 R1:21140 R2:1000 R3:4 R4:160000 R5:4716 R6:7774 R7:1114
[LOG_TRACE] 001114 103374: bcc 001106
[LOG_TRACE] R0:21070 R1:21140 R2:1000 R3:4 R4:160000 R5:4716 R6:7774 R7:1106
[LOG_TRACE] 001106 010001: mov R0, R1
[LOG_TRACE] R0:21070 R1:21070 R2:1000 R3:4 R4:160000 R5:4716 R6:7774 R7:1110
[LOG_TRACE] 001110 162700: sub #50, R0
[LOG_TRACE] R0:21020 R1:21070 R2:1000 R3:4 R4:160000 R5:4716 R6:7774 R7:1114
[LOG_TRACE] 001114 103374: bcc 001106
[LOG_TRACE] R0:21020 R1:21070 R2:1000 R3:4 R4:160000 R5:4716 R6:7774 R7:1106
[LOG_TRACE] 001106 010001: mov R0, R1
[LOG_TRACE] R0:21020 R1:21020 R2:1000 R3:4 R4:160000 R5:4716 R6:7774 R7:1110
[LOG_TRACE] 001110 162700: sub #50, R0
[LOG_TRACE] R0:20750 R1:21020 R2:1000 R3:4 R4:160000 R5:4716 R6:7774 R7:1114
[LOG_TRACE] 001114 103374: bcc 001106
[LOG_TRACE] R0:20750 R1:21020 R2:1000 R3:4 R4:160000 R5:4716 R6:7774 R7:1106
[LOG_TRACE] 001106 010001: mov R0, R1
[LOG_TRACE] R0:20750 R1:20750 R2:1000 R3:4 R4:160000 R5:4716 R6:7774 R7:1110
[LOG_TRACE] 001110 162700: sub #50, R0
[LOG_TRACE] R0:20700 R1:20750 R2:1000 R3:4 R4:160000 R5:4716 R6:7774 R7:1114
[LOG_TRACE] 001114 103374: bcc 001106
[LOG_TRACE] R0:20700 R1:20750 R2:1000 R3:4 R4:160000 R5:4716 R6:7774 R7:1106
[LOG_TRACE] 001106 010001: mov R0, R1
[LOG_TRACE] R0:20700 R1:20700 R2:1000 R3:4 R4:160000 R5:4716 R6:7774 R7:1110
[LOG_TRACE] 001110 162700: sub #50, R0
[LOG_TRACE] R0:20630 R1:20700 R2:1000 R3:4 R4:160000 R5:4716 R6:7774 R7:1114
[LOG_TRACE] 001114 103374: bcc 001106
[LOG_TRACE] R0:20630 R1:20700 R2:1000 R3:4 R4:160000 R5:4716 R6:7774 R7:1106
[LOG_TRACE] 001106 010001: mov R0, R1
[LOG_TRACE] R0:20630 R1:20630 R2:1000 R3:4 R4:160000 R5:4716 R6:7774 R7:1110
[LOG_TRACE] 001110 162700: sub #50, R0
[LOG_TRACE] R0:20560 R1:20630 R2:1000 R3:4 R4:160000 R5:4716 R6:7774 R7:1114
[LOG_TRACE] 001114 103374: bcc 001106
[LOG_TRACE] R0:20560 R1:20630 R2:1000 R3:4 R4:160000 R5:4716 R6:7774 R7:1106
[LOG_TRACE] 001106 010001: mov R0, R1
[LOG_TRACE] R0:20560 R1:20560 R2:1000 R3:4 R4:160000 R5:4716 R6:7774 R7:1110
[LOG_TRACE] 001110 162700: sub #50, R0
[LOG_TRACE] R0:20510 R1:20560 R2:1000 R3:4 R4:160000 R5:4716 R6:7774 R7:1114
[LOG_TRACE] 001114 103374: bcc 001106
[LOG_TRACE] R0:20510 R1:20560 R2:1000 R3:4 R4:160000 R5:4716 R6:7774 R7:1106
[LOG_TRACE] 001106 010001: mov R0, R1
[LOG_TRACE] R0:20510 R1:20510 R2:1000 R3:4 R4:160000 R5:4716 R6:7774 R7:1110
[LOG_TRACE] 001110 162700: sub #50, R0
[LOG_TRACE] R0:20440 R1:20510 R2:1000 R3:4 R4:160000 R5:4716 R6:7774 R7:1114
[LOG_TRACE] 001114 103374: bcc 001106
[LOG_TRACE] R0:20440 R1:20510 R2:1000 R3:4 R4:160000 R5:4716 R6:7774 R7:1106
[LOG_TRACE] 001106 010001: mov R0, R1
[LOG_TRACE] R0:20440 R1:20440 R2:1000 R3:4 R4:160000 R5:4716 R6:7774 R7:1110
[LOG_TRACE] 001110 162700: sub #50, R0
[LOG_TRACE] R0:20370 R1:20440 R2:1000 R3:4 R4:160000 R5:4716 R6:7774 R7:1114
[LOG_TRACE] 001114 103374: bcc 001106
[LOG_TRACE] R0:20370 R1:20440 R2:1000 R3:4 R4:160000 R5:4716 R6:7774 R7:1106
[LOG_TRACE] 001106 010001: mov R0, R1
[LOG_TRACE] R0:20370 R1:20370 R2:1000 R3:4 R4:160000 R5:4716 R6:7774 R7:1110
[LOG_TRACE] 001110 162700: sub #50, R0
[LOG_TRACE] R0:20320 R1:20370 R2:1000 R3:4 R4:160000 R5:4716 R6:7774 R7:1114
[LOG_TRACE] 001114 103374: bcc 001106
[LOG_TRACE] R0:20320 R1:20370 R2:1000 R3:4 R4:160000 R5:4716 R6:7774 R7:1106
[LOG_TRACE] 001106 010001: mov R0, R1
[LOG_TRACE] R0:20320 R1:20320 R2:1000 R3:4 R4:160000 R5:4716 R6:7774 R7:1110
[LOG_TRACE] 001110 162700: sub #50, R0
[LOG_TRACE] R0:20250 R1:20320 R2:1000 R3:4 R4:160000 R5:4716 R6:7774 R7:1114
[LOG_TRACE] 001114 103374: bcc 001106
[LOG_TRACE] R0:20250 R1:20320 R2:1000 R3:4 R4:160000 R5:4716 R6:7774 R7:1106
[LOG_TRACE] 001106 010001: mov R0, R1
[LOG_TRACE] R0:20250 R1:20250 R2:1000 R3:4 R4:160000 R5:4716 R6:7774 R7:1110
[LOG_TRACE] 001110 162700: sub #50, R0
[LOG_TRACE] R0:20200 R1:20250 R2:1000 R3:4 R4:160000 R5:4716 R6:7774 R7:1114
[LOG_TRACE] 001114 103374: bcc 001106
[LOG_TRACE] R0:20200 R1:20250 R2:1000 R3:4 R4:160000 R5:4716 R6:7774 R7:1106
[LOG_TRACE] 001106 010001: mov R0, R1
[LOG_TRACE] R0:20200 R1:20200 R2:1000 R3:4 R4:160000 R5:4716 R6:7774 R7:1110
[LOG_TRACE] 001110 162700: sub #50, R0
[LOG_TRACE] R0:20130 R1:20200 R2:1000 R3:4 R4:160000 R5:4716 R6:7774 R7:1114
[LOG_TRACE] 001114 103374: bcc 001106
[LOG_TRACE] R0:20130 R1:20200 R2:1000 R3:4 R4:160000 R5:4716 R6:7774 R7:1106
[LOG_TRACE] 001106 010001: mov R0, R1
[LOG_TRACE] R0:20130 R1:20130 R2:1000 R3:4 R4:160000 R5:4716 R6:7774 R7:1110
[LOG_TRACE] 001110 162700: sub #50, R0
[LOG_TRACE] R0:20060 R1:20130 R2:1000 R3:4 R4:160000 R5:4716 R6:7774 R7:1114
[LOG_TRACE] 001114 103374: bcc 001106
[LOG_TRACE] R0:20060 R1:20130 R2:1000 R3:4 R4:160000 R5:4716 R6:7774 R7:1106
[LOG_TRACE] 001106 010001: mov R0, R1
[LOG_TRACE] R0:20060 R1:20060 R2:1000 R3:4 R4:160000 R5:4716 R6:7774 R7:1110
[LOG_TRACE] 001110 162700: sub #50, R0
[LOG_TRACE] R0:20010 R1:20060 R2:1000 R3:4 R4:160000 R5:4716 R6:7774 R7:1114
[LOG_TRACE] 001114 103374: bcc 001106
[LOG_TRACE] R0:20010 R1:20060 R2:1000 R3:4 R4:160000 R5:4716 R6:7774 R7:1106
[LOG_TRACE] 001106 010001: mov R0, R1
[LOG_TRACE] R0:20010 R1:20010 R2:1000 R3:4 R4:160000 R5:4716 R6:7774 R7:1110
[LOG_TRACE] 001110 162700: sub #50, R0
[LOG_TRACE] R0:17740 R1:20010 R2:1000 R3:4 R4:160000 R5:4716 R6:7774 R7:1114
[LOG_TRACE] 001114 103374: bcc 001106
[LOG_TRACE] R0:17740 R1:20010 R2:1000 R3:4 R4:160000 R5:4716 R6:7774 R7:1106
[LOG_TRACE] 001106 010001: mov R0, R1
[LOG_TRACE] R0:17740 R1:17740 R2:1000 R3:4 R4:160000 R5:4716 R6:7774 R7:1110
[LOG_TRACE] 001110 162700: sub #50, R0
[LOG_TRACE] R0:17670 R1:17740 R2:1000 R3:4 R4:160000 R5:4716 R6:7774 R7:1114
[LOG_TRACE] 001114 103374: bcc 001106
[LOG_TRACE] R0:17670 R1:17740 R2:1000 R3:4 R4:160000 R5:4716 R6:7774 R7:1106
[LOG_TRACE] 001106 010001: mov R0, R1
[LOG_TRACE] R0:17670 R1:17670 R2:1000 R3:4 R4:160000 R5:4716 R6:7774 R7:1110
[LOG_TRACE] 001110 162700: sub #50, R0
[LOG_TRACE] R0:17620 R1:17670 R2:1000 R3:4 R4:160000 R5:4716 R6:7774 R7:1114
[LOG_TRACE] 001114 103374: bcc 001106
[LOG_TRACE] R0:17620 R1:17670 R2:1000 R3:4 R4:160000 R5:4716 R6:7774 R7:1106
[LOG_TRACE] 001106 010001: mov R0, R1
[LOG_TRACE] R0:17620 R1:17620 R2:1000 R3:4 R4:160000 R5:4716 R6:7774 R7:1110
[LOG_TRACE] 001110 162700: sub #50, R0
[LOG_TRACE] R0:17550 R1:17620 R2:1000 R3:4 R4:160000 R5:4716 R6:7774 R7:1114
[LOG_TRACE] 001114 103374: bcc 001106
[LOG_TRACE] R0:17550 R1:17620 R2:1000 R3:4 R4:160000 R5:4716 R6:7774 R7:1106
[LOG_TRACE] 001106 010001: mov R0, R1
[LOG_TRACE] R0:17550 R1:17550 R2:1000 R3:4 R4:160000 R5:4716 R6:7774 R7:1110
[LOG_TRACE] 001110 162700: sub #50, R0
[LOG_TRACE] R0:17500 R1:17550 R2:1000 R3:4 R4:160000 R5:4716 R6:7774 R7:1114
[LOG_TRACE] 001114 103374: bcc 001106
[LOG_TRACE] R0:17500 R1:17550 R2:1000 R3:4 R4:160000 R5:4716 R6:7774 R7:1106
[LOG_TRACE] 001106 010001: mov R0, R1
[LOG_TRACE] R0:17500 R1:17500 R2:1000 R3:4 R4:160000 R5:4716 R6:7774 R7:1110
[LOG_TRACE] 001110 162700: sub #50, R0
[LOG_TRACE] R0:17430 R1:17500 R2:1000 R3:4 R4:160000 R5:4716 R6:7774 R7:1114
[LOG_TRACE] 001114 103374: bcc 001106
[LOG_TRACE] R0:17430 R1:17500 R2:1000 R3:4 R4:160000 R5:4716 R6:7774 R7:1106
[LOG_TRACE] 001106 010001: mov R0, R1
[LOG_TRACE] R0:17430 R1:17430 R2:1000 R3:4 R4:160000 R5:4716 R6:7774 R7:1110
[LOG_TRACE] 001110 162700: sub #50, R0
[LOG_TRACE] R0:17360 R1:17430 R2:1000 R3:4 R4:160000 R5:4716 R6:7774 R7:1114
[LOG_TRACE] 001114 103374: bcc 001106
[LOG_TRACE] R0:17360 R1:17430 R2:1000 R3:4 R4:160000 R5:4716 R6:7774 R7:1106
[LOG_TRACE] 001106 010001: mov R0, R1
[LOG_TRACE] R0:17360 R1:17360 R2:1000 R3:4 R4:160000 R5:4716 R6:7774 R7:1110
[LOG_TRACE] 001110 162700: sub #50, R0
[LOG_TRACE] R0:17310 R1:17360 R2:1000 R3:4 R4:160000 R5:4716 R6:7774 R7:1114
[LOG_TRACE] 001114 103374: bcc 001106
[LOG_TRACE] R0:17310 R1:17360 R2:1000 R3:4 R4:160000 R5:4716 R6:7774 R7:1106
[LOG_TRACE] 001106 010001: mov R0, R1
[LOG_TRACE] R0:17310 R1:17310 R2:1000 R3:4 R4:160000 R5:4716 R6:7774 R7:1110
[LOG_TRACE] 001110 162700: sub #50, R0
[LOG_TRACE] R0:17240 R1:17310 R2:1000 R3:4 R4:160000 R5:4716 R6:7774 R7:1114
[LOG_TRACE] 001114 103374: bcc 001106
[LOG_TRACE] R0:17240 R1:17310 R2:1000 R3:4 R4:160000 R5:4716 R6:7774 R7:1106
[LOG_TRACE] 001106 010001: mov R0, R1
[LOG_TRACE] R0:17240 R1:17240 R2:1000 R3:4 R4:160000 R5:4716 R6:7774 R7:1110
[LOG_TRACE] 001110 162700: sub #50, R0
[LOG_TRACE] R0:17170 R1:17240 R2:1000 R3:4 R4:160000 R5:4716 R6:7774 R7:1114
[LOG_TRACE] 001114 103374: bcc 001106
[LOG_TRACE] R0:17170 R1:17240 R2:1000 R3:4 R4:160000 R5:4716 R6:7774 R7:1106
[LOG_TRACE] 001106 010001: mov R0, R1
[LOG_TRACE] R0:17170 R1:17170 R2:1000 R3:4 R4:160000 R5:4716 R6:7774 R7:1110
[LOG_TRACE] 001110 162700: sub #50, R0
[LOG_TRACE] R0:17120 R1:17170 R2:1000 R3:4 R4:160000 R5:4716 R6:7774 R7:1114
[LOG_TRACE] 001114 103374: bcc 001106
[LOG_TRACE] R0:17120 R1:17170 R2:1000 R3:4 R4:160000 R5:4716 R6:7774 R7:1106
[LOG_TRACE] 001106 010001: mov R0, R1
[LOG_TRACE] R0:17120 R1:17120 R2:1000 R3:4 R4:160000 R5:4716 R6:7774 R7:1110
[LOG_TRACE] 001110 162700: sub #50, R0
[LOG_TRACE] R0:17050 R1:17120 R2:1000 R3:4 R4:160000 R5:4716 R6:7774 R7:1114
[LOG_TRACE] 001114 103374: bcc 001106
[LOG_TRACE] R0:17050 R1:17120 R2:1000 R3:4 R4:160000 R5:4716 R6:7774 R7:1106
[LOG_TRACE] 001106 010001: mov R0, R1
[LOG_TRACE] R0:17050 R1:17050 R2:1000 R3:4 R4:160000 R5:4716 R6:7774 R7:1110
[LOG_TRACE] 001110 162700: sub #50, R0
[LOG_TRACE] R0:17000 R1:17050 R2:1000 R3:4 R4:160000 R5:4716 R6:7774 R7:1114
[LOG_TRACE] 001114 103374: bcc 001106
[LOG_TRACE] R0:17000 R1:17050 R2:1000 R3:4 R4:160000 R5:4716 R6:7774 R7:1106
[LOG_TRACE] 001106 010001: mov R0, R1
[LOG_TRACE] R0:17000 R1:17000 R2:1000 R3:4 R4:160000 R5:4716 R6:7774 R7:1110
[LOG_TRACE] 001110 162700: sub #50, R0
[LOG_TRACE] R0:16730 R1:17000 R2:1000 R3:4 R4:160000 R5:4716 R6:7774 R7:1114
[LOG_TRACE] 001114 103374: bcc 001106
[LOG_TRACE] R0:16730 R1:17000 R2:1000 R3:4 R4:160000 R5:4716 R6:7774 R7:1106
[LOG_TRACE] 001106 010001: mov R0, R1
[LOG_TRACE] R0:16730 R1:16730 R2:1000 R3:4 R4:160000 R5:4716 R6:7774 R7:1110
[LOG_TRACE] 001110 162700: sub #50, R0
[LOG_TRACE] R0:16660 R1:16730 R2:1000 R3:4 R4:160000 R5:4716 R6:7774 R7:1114
[LOG_TRACE] 001114 103374: bcc 001106
[LOG_TRACE] R0:16660 R1:16730 R2:1000 R3:4 R4:160000 R5:4716 R6:7774 R7:1106
[LOG_TRACE] 001106 010001: mov R0, R1
[LOG_TRACE] R0:16660 R1:16660 R2:1000 R3:4 R4:160000 R5:4716 R6:7774 R7:1110
[LOG_TRACE] 001110 162700: sub #50, R0
[LOG_TRACE] R0:16610 R1:16660 R2:1000 R3:4 R4:160000 R5:4716 R6:7774 R7:1114
[LOG_TRACE] 001114 103374: bcc 001106
[LOG_TRACE] R0:16610 R1:16660 R2:1000 R3:4 R4:160000 R5:4716 R6:7774 R7:1106
[LOG_TRACE] 001106 010001: mov R0, R1
[LOG_TRACE] R0:16610 R1:16610 R2:1000 R3:4 R4:160000 R5:4716 R6:7774 R7:1110
[LOG_TRACE] 001110 162700: sub #50, R0
[LOG_TRACE] R0:16540 R1:16610 R2:1000 R3:4 R4:160000 R5:4716 R6:7774 R7:1114
[LOG_TRACE] 001114 103374: bcc 001106
[LOG_TRACE] R0:16540 R1:16610 R2:1000 R3:4 R4:160000 R5:4716 R6:7774 R7:1106
[LOG_TRACE] 001106 010001: mov R0, R1
[LOG_TRACE] R0:16540 R1:16540 R2:1000 R3:4 R4:160000 R5:4716 R6:7774 R7:1110
[LOG_TRACE] 001110 162700: sub #50, R0
[LOG_TRACE] R0:16470 R1:16540 R2:1000 R3:4 R4:160000 R5:4716 R6:7774 R7:1114
[LOG_TRACE] 001114 103374: bcc 001106
[LOG_TRACE] R0:16470 R1:16540 R2:1000 R3:4 R4:160000 R5:4716 R6:7774 R7:1106
[LOG_TRACE] 001106 010001: mov R0, R1
[LOG_TRACE] R0:16470 R1:16470 R2:1000 R3:4 R4:160000 R5:4716 R6:7774 R7:1110
[LOG_TRACE] 001110 162700: sub #50, R0
[LOG_TRACE] R0:16420 R1:16470 R2:1000 R3:4 R4:160000 R5:4716 R6:7774 R7:1114
[LOG_TRACE] 001114 103374: bcc 001106
[LOG_TRACE] R0:16420 R1:16470 R2:1000 R3:4 R4:160000 R5:4716 R6:7774 R7:1106
[LOG_TRACE] 001106 010001: mov R0, R1
[LOG_TRACE] R0:16420 R1:16420 R2:1000 R3:4 R4:160000 R5:4716 R6:7774 R7:1110
[LOG_TRACE] 001110 162700: sub #50, R0
[LOG_TRACE] R0:16350 R1:16420 R2:1000 R3:4 R4:160000 R5:4716 R6:7774 R7:1114
[LOG_TRACE] 001114 103374: bcc 001106
[LOG_TRACE] R0:16350 R1:16420 R2:1000 R3:4 R4:160000 R5:4716 R6:7774 R7:1106
[LOG_TRACE] 001106 010001: mov R0, R1
[LOG_TRACE] R0:16350 R1:16350 R2:1000 R3:4 R4:160000 R5:4716 R6:7774 R7:1110
[LOG_TRACE] 001110 162700: sub #50, R0
[LOG_TRACE] R0:16300 R1:16350 R2:1000 R3:4 R4:160000 R5:4716 R6:7774 R7:1114
[LOG_TRACE] 001114 103374: bcc 001106
[LOG_TRACE] R0:16300 R1:16350 R2:1000 R3:4 R4:160000 R5:4716 R6:7774 R7:1106
[LOG_TRACE] 001106 010001: mov R0, R1
[LOG_TRACE] R0:16300 R1:16300 R2:1000 R3:4 R4:160000 R5:4716 R6:7774 R7:1110
[LOG_TRACE] 001110 162700: sub #50, R0
[LOG_TRACE] R0:16230 R1:16300 R2:1000 R3:4 R4:160000 R5:4716 R6:7774 R7:1114
[LOG_TRACE] 001114 103374: bcc 001106
[LOG_TRACE] R0:16230 R1:16300 R2:1000 R3:4 R4:160000 R5:4716 R6:7774 R7:1106
[LOG_TRACE] 001106 010001: mov R0, R1
[LOG_TRACE] R0:16230 R1:16230 R2:1000 R3:4 R4:160000 R5:4716 R6:7774 R7:1110
[LOG_TRACE] 001110 162700: sub #50, R0
[LOG_TRACE] R0:16160 R1:16230 R2:1000 R3:4 R4:160000 R5:4716 R6:7774 R7:1114
[LOG_TRACE] 001114 103374: bcc 001106
[LOG_TRACE] R0:16160 R1:16230 R2:1000 R3:4 R4:160000 R5:4716 R6:7774 R7:1106
[LOG_TRACE] 001106 010001: mov R0, R1
[LOG_TRACE] R0:16160 R1:16160 R2:1000 R3:4 R4:160000 R5:4716 R6:7774 R7:1110
[LOG_TRACE] 001110 162700: sub #50, R0
[LOG_TRACE] R0:16110 R1:16160 R2:1000 R3:4 R4:160000 R5:4716 R6:7774 R7:1114
[LOG_TRACE] 001114 103374: bcc 001106
[LOG_TRACE] R0:16110 R1:16160 R2:1000 R3:4 R4:160000 R5:4716 R6:7774 R7:1106
[LOG_TRACE] 001106 010001: mov R0, R1
[LOG_TRACE] R0:16110 R1:16110 R2:1000 R3:4 R4:160000 R5:4716 R6:7774 R7:1110
[LOG_TRACE] 001110 162700: sub #50, R0
[LOG_TRACE] R0:16040 R1:16110 R2:1000 R3:4 R4:160000 R5:4716 R6:7774 R7:1114
[LOG_TRACE] 001114 103374: bcc 001106
[LOG_TRACE] R0:16040 R1:16110 R2:1000 R3:4 R4:160000 R5:4716 R6:7774 R7:1106
[LOG_TRACE] 001106 010001: mov R0, R1
[LOG_TRACE] R0:16040 R1:16040 R2:1000 R3:4 R4:160000 R5:4716 R6:7774 R7:1110
[LOG_TRACE] 001110 162700: sub #50, R0
[LOG_TRACE] R0:15770 R1:16040 R2:1000 R3:4 R4:160000 R5:4716 R6:7774 R7:1114
[LOG_TRACE] 001114 103374: bcc 001106
[LOG_TRACE] R0:15770 R1:16040 R2:1000 R3:4 R4:160000 R5:4716 R6:7774 R7:1106
[LOG_TRACE] 001106 010001: mov R0, R1
[LOG_TRACE] R0:15770 R1:15770 R2:1000 R3:4 R4:160000 R5:4716 R6:7774 R7:1110
[LOG_TRACE] 001110 162700: sub #50, R0
[LOG_TRACE] R0:15720 R1:15770 R2:1000 R3:4 R4:160000 R5:4716 R6:7774 R7:1114
[LOG_TRACE] 001114 103374: bcc 001106
[LOG_TRACE] R0:15720 R1:15770 R2:1000 R3:4 R4:160000 R5:4716 R6:7774 R7:1106
[LOG_TRACE] 001106 010001: mov R0, R1
[LOG_TRACE] R0:15720 R1:15720 R2:1000 R3:4 R4:160000 R5:4716 R6:7774 R7:1110
[LOG_TRACE] 001110 162700: sub #50, R0
[LOG_TRACE] R0:15650 R1:15720 R2:1000 R3:4 R4:160000 R5:4716 R6:7774 R7:1114
[LOG_TRACE] 001114 103374: bcc 001106
[LOG_TRACE] R0:15650 R1:15720 R2:1000 R3:4 R4:160000 R5:4716 R6:7774 R7:1106
[LOG_TRACE] 001106 010001: mov R0, R1
[LOG_TRACE] R0:15650 R1:15650 R2:1000 R3:4 R4:160000 R5:4716 R6:7774 R7:1110
[LOG_TRACE] 001110 162700: sub #50, R0
[LOG_TRACE] R0:15600 R1:15650 R2:1000 R3:4 R4:160000 R5:4716 R6:7774 R7:1114
[LOG_TRACE] 001114 103374: bcc 001106
[LOG_TRACE] R0:15600 R1:15650 R2:1000 R3:4 R4:160000 R5:4716 R6:7774 R7:1106
[LOG_TRACE] 001106 010001: mov R0, R1
[LOG_TRACE] R0:15600 R1:15600 R2:1000 R3:4 R4:160000 R5:4716 R6:7774 R7:1110
[LOG_TRACE] 001110 162700: sub #50, R0
[LOG_TRACE] R0:15530 R1:15600 R2:1000 R3:4 R4:160000 R5:4716 R6:7774 R7:1114
[LOG_TRACE] 001114 103374: bcc 001106
[LOG_TRACE] R0:15530 R1:15600 R2:1000 R3:4 R4:160000 R5:4716 R6:7774 R7:1106
[LOG_TRACE] 001106 010001: mov R0, R1
[LOG_TRACE] R0:15530 R1:15530 R2:1000 R3:4 R4:160000 R5:4716 R6:7774 R7:1110
[LOG_TRACE] 001110 162700: sub #50, R0
[LOG_TRACE] R0:15460 R1:15530 R2:1000 R3:4 R4:160000 R5:4716 R6:7774 R7:1114
[LOG_TRACE] 001114 103374: bcc 001106
[LOG_TRACE] R0:15460 R1:15530 R2:1000 R3:4 R4:160000 R5:4716 R6:7774 R7:1106
[LOG_TRACE] 001106 010001: mov R0, R1
[LOG_TRACE] R0:15460 R1:15460 R2:1000 R3:4 R4:160000 R5:4716 R6:7774 R7:1110
[LOG_TRACE] 001110 162700: sub #50, R0
[LOG_TRACE] R0:15410 R1:15460 R2:1000 R3:4 R4:160000 R5:4716 R6:7774 R7:1114
[LOG_TRACE] 001114 103374: bcc 001106
[LOG_TRACE] R0:15410 R1:15460 R2:1000 R3:4 R4:160000 R5:4716 R6:7774 R7:1106
[LOG_TRACE] 001106 010001: mov R0, R1
[LOG_TRACE] R0:15410 R1:15410 R2:1000 R3:4 R4:160000 R5:4716 R6:7774 R7:1110
[LOG_TRACE] 001110 162700: sub #50, R0
[LOG_TRACE] R0:15340 R1:15410 R2:1000 R3:4 R4:160000 R5:4716 R6:7774 R7:1114
[LOG_TRACE] 001114 103374: bcc 001106
[LOG_TRACE] R0:15340 R1:15410 R2:1000 R3:4 R4:160000 R5:4716 R6:7774 R7:1106
[LOG_TRACE] 001106 010001: mov R0, R1
[LOG_TRACE] R0:15340 R1:15340 R2:1000 R3:4 R4:160000 R5:4716 R6:7774 R7:1110
[LOG_TRACE] 001110 162700: sub #50, R0
[LOG_TRACE] R0:15270 R1:15340 R2:1000 R3:4 R4:160000 R5:4716 R6:7774 R7:1114
[LOG_TRACE] 001114 103374: bcc 001106
[LOG_TRACE] R0:15270 R1:15340 R2:1000 R3:4 R4:160000 R5:4716 R6:7774 R7:1106
[LOG_TRACE] 001106 010001: mov R0, R1
[LOG_TRACE] R0:15270 R1:15270 R2:1000 R3:4 R4:160000 R5:4716 R6:7774 R7:1110
[LOG_TRACE] 001110 162700: sub #50, R0
[LOG_TRACE] R0:15220 R1:15270 R2:1000 R3:4 R4:160000 R5:4716 R6:7774 R7:1114
[LOG_TRACE] 001114 103374: bcc 001106
[LOG_TRACE] R0:15220 R1:15270 R2:1000 R3:4 R4:160000 R5:4716 R6:7774 R7:1106
[LOG_TRACE] 001106 010001: mov R0, R1
[LOG_TRACE] R0:15220 R1:15220 R2:1000 R3:4 R4:160000 R5:4716 R6:7774 R7:1110
[LOG_TRACE] 001110 162700: sub #50, R0
[LOG_TRACE] R0:15150 R1:15220 R2:1000 R3:4 R4:160000 R5:4716 R6:7774 R7:1114
[LOG_TRACE] 001114 103374: bcc 001106
[LOG_TRACE] R0:15150 R1:15220 R2:1000 R3:4 R4:160000 R5:4716 R6:7774 R7:1106
[LOG_TRACE] 001106 010001: mov R0, R1
[LOG_TRACE] R0:15150 R1:15150 R2:1000 R3:4 R4:160000 R5:4716 R6:7774 R7:1110
[LOG_TRACE] 001110 162700: sub #50, R0
[LOG_TRACE] R0:15100 R1:15150 R2:1000 R3:4 R4:160000 R5:4716 R6:7774 R7:1114
[LOG_TRACE] 001114 103374: bcc 001106
[LOG_TRACE] R0:15100 R1:15150 R2:1000 R3:4 R4:160000 R5:4716 R6:7774 R7:1106
[LOG_TRACE] 001106 010001: mov R0, R1
[LOG_TRACE] R0:15100 R1:15100 R2:1000 R3:4 R4:160000 R5:4716 R6:7774 R7:1110
[LOG_TRACE] 001110 162700: sub #50, R0
[LOG_TRACE] R0:15030 R1:15100 R2:1000 R3:4 R4:160000 R5:4716 R6:7774 R7:1114
[LOG_TRACE] 001114 103374: bcc 001106
[LOG_TRACE] R0:15030 R1:15100 R2:1000 R3:4 R4:160000 R5:4716 R6:7774 R7:1106
[LOG_TRACE] 001106 010001: mov R0, R1
[LOG_TRACE] R0:15030 R1:15030 R2:1000 R3:4 R4:160000 R5:4716 R6:7774 R7:1110
[LOG_TRACE] 001110 162700: sub #50, R0
[LOG_TRACE] R0:14760 R1:15030 R2:1000 R3:4 R4:160000 R5:4716 R6:7774 R7:1114
[LOG_TRACE] 001114 103374: bcc 001106
[LOG_TRACE] R0:14760 R1:15030 R2:1000 R3:4 R4:160000 R5:4716 R6:7774 R7:1106
[LOG_TRACE] 001106 010001: mov R0, R1
[LOG_TRACE] R0:14760 R1:14760 R2:1000 R3:4 R4:160000 R5:4716 R6:7774 R7:1110
[LOG_TRACE] 001110 162700: sub #50, R0
[LOG_TRACE] R0:14710 R1:14760 R2:1000 R3:4 R4:160000 R5:4716 R6:7774 R7:1114
[LOG_TRACE] 001114 103374: bcc 001106
[LOG_TRACE] R0:14710 R1:14760 R2:1000 R3:4 R4:160000 R5:4716 R6:7774 R7:1106
[LOG_TRACE] 001106 010001: mov R0, R1
[LOG_TRACE] R0:14710 R1:14710 R2:1000 R3:4 R4:160000 R5:4716 R6:7774 R7:1110
[LOG_TRACE] 001110 162700: sub #50, R0
[LOG_TRACE] R0:14640 R1:14710 R2:1000 R3:4 R4:160000 R5:4716 R6:7774 R7:1114
[LOG_TRACE] 001114 103374: bcc 001106
[LOG_TRACE] R0:14640 R1:14710 R2:1000 R3:4 R4:160000 R5:4716 R6:7774 R7:1106
[LOG_TRACE] 001106 010001: mov R0, R1
[LOG_TRACE] R0:14640 R1:14640 R2:1000 R3:4 R4:160000 R5:4716 R6:7774 R7:1110
[LOG_TRACE] 001110 162700: sub #50, R0
[LOG_TRACE] R0:14570 R1:14640 R2:1000 R3:4 R4:160000 R5:4716 R6:7774 R7:1114
[LOG_TRACE] 001114 103374: bcc 001106
[LOG_TRACE] R0:14570 R1:14640 R2:1000 R3:4 R4:160000 R5:4716 R6:7774 R7:1106
[LOG_TRACE] 001106 010001: mov R0, R1
[LOG_TRACE] R0:14570 R1:14570 R2:1000 R3:4 R4:160000 R5:4716 R6:7774 R7:1110
[LOG_TRACE] 001110 162700: sub #50, R0
[LOG_TRACE] R0:14520 R1:14570 R2:1000 R3:4 R4:160000 R5:4716 R6:7774 R7:1114
[LOG_TRACE] 001114 103374: bcc 001106
[LOG_TRACE] R0:14520 R1:14570 R2:1000 R3:4 R4:160000 R5:4716 R6:7774 R7:1106
[LOG_TRACE] 001106 010001: mov R0, R1
[LOG_TRACE] R0:14520 R1:14520 R2:1000 R3:4 R4:160000 R5:4716 R6:7774 R7:1110
[LOG_TRACE] 001110 162700: sub #50, R0
[LOG_TRACE] R0:14450 R1:14520 R2:1000 R3:4 R4:160000 R5:4716 R6:7774 R7:1114
[LOG_TRACE] 001114 103374: bcc 001106
[LOG_TRACE] R0:14450 R1:14520 R2:1000 R3:4 R4:160000 R5:4716 R6:7774 R7:1106
[LOG_TRACE] 001106 010001: mov R0, R1
[LOG_TRACE] R0:14450 R1:14450 R2:1000 R3:4 R4:160000 R5:4716 R6:7774 R7:1110
[LOG_TRACE] 001110 162700: sub #50, R0
[LOG_TRACE] R0:14400 R1:14450 R2:1000 R3:4 R4:160000 R5:4716 R6:7774 R7:1114
[LOG_TRACE] 001114 103374: bcc 001106
[LOG_TRACE] R0:14400 R1:14450 R2:1000 R3:4 R4:160000 R5:4716 R6:7774 R7:1106
[LOG_TRACE] 001106 010001: mov R0, R1
[LOG_TRACE] R0:14400 R1:14400 R2:1000 R3:4 R4:160000 R5:4716 R6:7774 R7:1110
[LOG_TRACE] 001110 162700: sub #50, R0
[LOG_TRACE] R0:14330 R1:14400 R2:1000 R3:4 R4:160000 R5:4716 R6:7774 R7:1114
[LOG_TRACE] 001114 103374: bcc 001106
[LOG_TRACE] R0:14330 R1:14400 R2:1000 R3:4 R4:160000 R5:4716 R6:7774 R7:1106
[LOG_TRACE] 001106 010001: mov R0, R1
[LOG_TRACE] R0:14330 R1:14330 R2:1000 R3:4 R4:160000 R5:4716 R6:7774 R7:1110
[LOG_TRACE] 001110 162700: sub #50, R0
[LOG_TRACE] R0:14260 R1:14330 R2:1000 R3:4 R4:160000 R5:4716 R6:7774 R7:1114
[LOG_TRACE] 001114 103374: bcc 001106
[LOG_TRACE] R0:14260 R1:14330 R2:1000 R3:4 R4:160000 R5:4716 R6:7774 R7:1106
[LOG_TRACE] 001106 010001: mov R0, R1
[LOG_TRACE] R0:14260 R1:14260 R2:1000 R3:4 R4:160000 R5:4716 R6:7774 R7:1110
[LOG_TRACE] 001110 162700: sub #50, R0
[LOG_TRACE] R0:14210 R1:14260 R2:1000 R3:4 R4:160000 R5:4716 R6:7774 R7:1114
[LOG_TRACE] 001114 103374: bcc 001106
[LOG_TRACE] R0:14210 R1:14260 R2:1000 R3:4 R4:160000 R5:4716 R6:7774 R7:1106
[LOG_TRACE] 001106 010001: mov R0, R1
[LOG_TRACE] R0:14210 R1:14210 R2:1000 R3:4 R4:160000 R5:4716 R6:7774 R7:1110
[LOG_TRACE] 001110 162700: sub #50, R0
[LOG_TRACE] R0:14140 R1:14210 R2:1000 R3:4 R4:160000 R5:4716 R6:7774 R7:1114
[LOG_TRACE] 001114 103374: bcc 001106
[LOG_TRACE] R0:14140 R1:14210 R2:1000 R3:4 R4:160000 R5:4716 R6:7774 R7:1106
[LOG_TRACE] 001106 010001: mov R0, R1
[LOG_TRACE] R0:14140 R1:14140 R2:1000 R3:4 R4:160000 R5:4716 R6:7774 R7:1110
[LOG_TRACE] 001110 162700: sub #50, R0
[LOG_TRACE] R0:14070 R1:14140 R2:1000 R3:4 R4:160000 R5:4716 R6:7774 R7:1114
[LOG_TRACE] 001114 103374: bcc 001106
[LOG_TRACE] R0:14070 R1:14140 R2:1000 R3:4 R4:160000 R5:4716 R6:7774 R7:1106
[LOG_TRACE] 001106 010001: mov R0, R1
[LOG_TRACE] R0:14070 R1:14070 R2:1000 R3:4 R4:160000 R5:4716 R6:7774 R7:1110
[LOG_TRACE] 001110 162700: sub #50, R0
[LOG_TRACE] R0:14020 R1:14070 R2:1000 R3:4 R4:160000 R5:4716 R6:7774 R7:1114
[LOG_TRACE] 001114 103374: bcc 001106
[LOG_TRACE] R0:14020 R1:14070 R2:1000 R3:4 R4:160000 R5:4716 R6:7774 R7:1106
[LOG_TRACE] 001106 010001: mov R0, R1
[LOG_TRACE] R0:14020 R1:14020 R2:1000 R3:4 R4:160000 R5:4716 R6:7774 R7:1110
[LOG_TRACE] 001110 162700: sub #50, R0
[LOG_TRACE] R0:13750 R1:14020 R2:1000 R3:4 R4:160000 R5:4716 R6:7774 R7:1114
[LOG_TRACE] 001114 103374: bcc 001106
[LOG_TRACE] R0:13750 R1:14020 R2:1000 R3:4 R4:160000 R5:4716 R6:7774 R7:1106
[LOG_TRACE] 001106 010001: mov R0, R1
[LOG_TRACE] R0:13750 R1:13750 R2:1000 R3:4 R4:160000 R5:4716 R6:7774 R7:1110
[LOG_TRACE] 001110 162700: sub #50, R0
[LOG_TRACE] R0:13700 R1:13750 R2:1000 R3:4 R4:160000 R5:4716 R6:7774 R7:1114
[LOG_TRACE] 001114 103374: bcc 001106
[LOG_TRACE] R0:13700 R1:13750 R2:1000 R3:4 R4:160000 R5:4716 R6:7774 R7:1106
[LOG_TRACE] 001106 010001: mov R0, R1
[LOG_TRACE] R0:13700 R1:13700 R2:1000 R3:4 R4:160000 R5:4716 R6:7774 R7:1110
[LOG_TRACE] 001110 162700: sub #50, R0
[LOG_TRACE] R0:13630 R1:13700 R2:1000 R3:4 R4:160000 R5:4716 R6:7774 R7:1114
[LOG_TRACE] 001114 103374: bcc 001106
[LOG_TRACE] R0:13630 R1:13700 R2:1000 R3:4 R4:160000 R5:4716 R6:7774 R7:1106
[LOG_TRACE] 001106 010001: mov R0, R1
[LOG_TRACE] R0:13630 R1:13630 R2:1000 R3:4 R4:160000 R5:4716 R6:7774 R7:1110
[LOG_TRACE] 001110 162700: sub #50, R0
[LOG_TRACE] R0:13560 R1:13630 R2:1000 R3:4 R4:160000 R5:4716 R6:7774 R7:1114
[LOG_TRACE] 001114 103374: bcc 001106
[LOG_TRACE] R0:13560 R1:13630 R2:1000 R3:4 R4:160000 R5:4716 R6:7774 R7:1106
[LOG_TRACE] 001106 010001: mov R0, R1
[LOG_TRACE] R0:13560 R1:13560 R2:1000 R3:4 R4:160000 R5:4716 R6:7774 R7:1110
[LOG_TRACE] 001110 162700: sub #50, R0
[LOG_TRACE] R0:13510 R1:13560 R2:1000 R3:4 R4:160000 R5:4716 R6:7774 R7:1114
[LOG_TRACE] 001114 103374: bcc 001106
[LOG_TRACE] R0:13510 R1:13560 R2:1000 R3:4 R4:160000 R5:4716 R6:7774 R7:1106
[LOG_TRACE] 001106 010001: mov R0, R1
[LOG_TRACE] R0:13510 R1:13510 R2:1000 R3:4 R4:160000 R5:4716 R6:7774 R7:1110
[LOG_TRACE] 001110 162700: sub #50, R0
[LOG_TRACE] R0:13440 R1:13510 R2:1000 R3:4 R4:160000 R5:4716 R6:7774 R7:1114
[LOG_TRACE] 001114 103374: bcc 001106
[LOG_TRACE] R0:13440 R1:13510 R2:1000 R3:4 R4:160000 R5:4716 R6:7774 R7:1106
[LOG_TRACE] 001106 010001: mov R0, R1
[LOG_TRACE] R0:13440 R1:13440 R2:1000 R3:4 R4:160000 R5:4716 R6:7774 R7:1110
[LOG_TRACE] 001110 162700: sub #50, R0
[LOG_TRACE] R0:13370 R1:13440 R2:1000 R3:4 R4:160000 R5:4716 R6:7774 R7:1114
[LOG_TRACE] 001114 103374: bcc 001106
[LOG_TRACE] R0:13370 R1:13440 R2:1000 R3:4 R4:160000 R5:4716 R6:7774 R7:1106
[LOG_TRACE] 001106 010001: mov R0, R1
[LOG_TRACE] R0:13370 R1:13370 R2:1000 R3:4 R4:160000 R5:4716 R6:7774 R7:1110
[LOG_TRACE] 001110 162700: sub #50, R0
[LOG_TRACE] R0:13320 R1:13370 R2:1000 R3:4 R4:160000 R5:4716 R6:7774 R7:1114
[LOG_TRACE] 001114 103374: bcc 001106
[LOG_TRACE] R0:13320 R1:13370 R2:1000 R3:4 R4:160000 R5:4716 R6:7774 R7:1106
[LOG_TRACE] 001106 010001: mov R0, R1
[LOG_TRACE] R0:13320 R1:13320 R2:1000 R3:4 R4:160000 R5:4716 R6:7774 R7:1110
[LOG_TRACE] 001110 162700: sub #50, R0
[LOG_TRACE] R0:13250 R1:13320 R2:1000 R3:4 R4:160000 R5:4716 R6:7774 R7:1114
[LOG_TRACE] 001114 103374: bcc 001106
[LOG_TRACE] R0:13250 R1:13320 R2:1000 R3:4 R4:160000 R5:4716 R6:7774 R7:1106
[LOG_TRACE] 001106 010001: mov R0, R1
[LOG_TRACE] R0:13250 R1:13250 R2:1000 R3:4 R4:160000 R5:4716 R6:7774 R7:1110
[LOG_TRACE] 001110 162700: sub #50, R0
[LOG_TRACE] R0:13200 R1:13250 R2:1000 R3:4 R4:160000 R5:4716 R6:7774 R7:1114
[LOG_TRACE] 001114 103374: bcc 001106
[LOG_TRACE] R0:13200 R1:13250 R2:1000 R3:4 R4:160000 R5:4716 R6:7774 R7:1106
[LOG_TRACE] 001106 010001: mov R0, R1
[LOG_TRACE] R0:13200 R1:13200 R2:1000 R3:4 R4:160000 R5:4716 R6:7774 R7:1110
[LOG_TRACE] 001110 162700: sub #50, R0
[LOG_TRACE] R0:13130 R1:13200 R2:1000 R3:4 R4:160000 R5:4716 R6:7774 R7:1114
[LOG_TRACE] 001114 103374: bcc 001106
[LOG_TRACE] R0:13130 R1:13200 R2:1000 R3:4 R4:160000 R5:4716 R6:7774 R7:1106
[LOG_TRACE] 001106 010001: mov R0, R1
[LOG_TRACE] R0:13130 R1:13130 R2:1000 R3:4 R4:160000 R5:4716 R6:7774 R7:1110
[LOG_TRACE] 001110 162700: sub #50, R0
[LOG_TRACE] R0:13060 R1:13130 R2:1000 R3:4 R4:160000 R5:4716 R6:7774 R7:1114
[LOG_TRACE] 001114 103374: bcc 001106
[LOG_TRACE] R0:13060 R1:13130 R2:1000 R3:4 R4:160000 R5:4716 R6:7774 R7:1106
[LOG_TRACE] 001106 010001: mov R0, R1
[LOG_TRACE] R0:13060 R1:13060 R2:1000 R3:4 R4:160000 R5:4716 R6:7774 R7:1110
[LOG_TRACE] 001110 162700: sub #50, R0
[LOG_TRACE] R0:13010 R1:13060 R2:1000 R3:4 R4:160000 R5:4716 R6:7774 R7:1114
[LOG_TRACE] 001114 103374: bcc 001106
[LOG_TRACE] R0:13010 R1:13060 R2:1000 R3:4 R4:160000 R5:4716 R6:7774 R7:1106
[LOG_TRACE] 001106 010001: mov R0, R1
[LOG_TRACE] R0:13010 R1:13010 R2:1000 R3:4 R4:160000 R5:4716 R6:7774 R7:1110
[LOG_TRACE] 001110 162700: sub #50, R0
[LOG_TRACE] R0:12740 R1:13010 R2:1000 R3:4 R4:160000 R5:4716 R6:7774 R7:1114
[LOG_TRACE] 001114 103374: bcc 001106
[LOG_TRACE] R0:12740 R1:13010 R2:1000 R3:4 R4:160000 R5:4716 R6:7774 R7:1106
[LOG_TRACE] 001106 010001: mov R0, R1
[LOG_TRACE] R0:12740 R1:12740 R2:1000 R3:4 R4:160000 R5:4716 R6:7774 R7:1110
[LOG_TRACE] 001110 162700: sub #50, R0
[LOG_TRACE] R0:12670 R1:12740 R2:1000 R3:4 R4:160000 R5:4716 R6:7774 R7:1114
[LOG_TRACE] 001114 103374: bcc 001106
[LOG_TRACE] R0:12670 R1:12740 R2:1000 R3:4 R4:160000 R5:4716 R6:7774 R7:1106
[LOG_TRACE] 001106 010001: mov R0, R1
[LOG_TRACE] R0:12670 R1:12670 R2:1000 R3:4 R4:160000 R5:4716 R6:7774 R7:1110
[LOG_TRACE] 001110 162700: sub #50, R0
[LOG_TRACE] R0:12620 R1:12670 R2:1000 R3:4 R4:160000 R5:4716 R6:7774 R7:1114
[LOG_TRACE] 001114 103374: bcc 001106
[LOG_TRACE] R0:12620 R1:12670 R2:1000 R3:4 R4:160000 R5:4716 R6:7774 R7:1106
[LOG_TRACE] 001106 010001: mov R0, R1
[LOG_TRACE] R0:12620 R1:12620 R2:1000 R3:4 R4:160000 R5:4716 R6:7774 R7:1110
[LOG_TRACE] 001110 162700: sub #50, R0
[LOG_TRACE] R0:12550 R1:12620 R2:1000 R3:4 R4:160000 R5:4716 R6:7774 R7:1114
[LOG_TRACE] 001114 103374: bcc 001106
[LOG_TRACE] R0:12550 R1:12620 R2:1000 R3:4 R4:160000 R5:4716 R6:7774 R7:1106
[LOG_TRACE] 001106 010001: mov R0, R1
[LOG_TRACE] R0:12550 R1:12550 R2:1000 R3:4 R4:160000 R5:4716 R6:7774 R7:1110
[LOG_TRACE] 001110 162700: sub #50, R0
[LOG_TRACE] R0:12500 R1:12550 R2:1000 R3:4 R4:160000 R5:4716 R6:7774 R7:1114
[LOG_TRACE] 001114 103374: bcc 001106
[LOG_TRACE] R0:12500 R1:12550 R2:1000 R3:4 R4:160000 R5:4716 R6:7774 R7:1106
[LOG_TRACE] 001106 010001: mov R0, R1
[LOG_TRACE] R0:12500 R1:12500 R2:1000 R3:4 R4:160000 R5:4716 R6:7774 R7:1110
[LOG_TRACE] 001110 162700: sub #50, R0
[LOG_TRACE] R0:12430 R1:12500 R2:1000 R3:4 R4:160000 R5:4716 R6:7774 R7:1114
[LOG_TRACE] 001114 103374: bcc 001106
[LOG_TRACE] R0:12430 R1:12500 R2:1000 R3:4 R4:160000 R5:4716 R6:7774 R7:1106
[LOG_TRACE] 001106 010001: mov R0, R1
[LOG_TRACE] R0:12430 R1:12430 R2:1000 R3:4 R4:160000 R5:4716 R6:7774 R7:1110
[LOG_TRACE] 001110 162700: sub #50, R0
[LOG_TRACE] R0:12360 R1:12430 R2:1000 R3:4 R4:160000 R5:4716 R6:7774 R7:1114
[LOG_TRACE] 001114 103374: bcc 001106
[LOG_TRACE] R0:12360 R1:12430 R2:1000 R3:4 R4:160000 R5:4716 R6:7774 R7:1106
[LOG_TRACE] 001106 010001: mov R0, R1
[LOG_TRACE] R0:12360 R1:12360 R2:1000 R3:4 R4:160000 R5:4716 R6:7774 R7:1110
[LOG_TRACE] 001110 162700: sub #50, R0
[LOG_TRACE] R0:12310 R1:12360 R2:1000 R3:4 R4:160000 R5:4716 R6:7774 R7:1114
[LOG_TRACE] 001114 103374: bcc 001106
[LOG_TRACE] R0:12310 R1:12360 R2:1000 R3:4 R4:160000 R5:4716 R6:7774 R7:1106
[LOG_TRACE] 001106 010001: mov R0, R1
[LOG_TRACE] R0:12310 R1:12310 R2:1000 R3:4 R4:160000 R5:4716 R6:7774 R7:1110
[LOG_TRACE] 001110 162700: sub #50, R0
[LOG_TRACE] R0:12240 R1:12310 R2:1000 R3:4 R4:160000 R5:4716 R6:7774 R7:1114
[LOG_TRACE] 001114 103374: bcc 001106
[LOG_TRACE] R0:12240 R1:12310 R2:1000 R3:4 R4:160000 R5:4716 R6:7774 R7:1106
[LOG_TRACE] 001106 010001: mov R0, R1
[LOG_TRACE] R0:12240 R1:12240 R2:1000 R3:4 R4:160000 R5:4716 R6:7774 R7:1110
[LOG_TRACE] 001110 162700: sub #50, R0
[LOG_TRACE] R0:12170 R1:12240 R2:1000 R3:4 R4:160000 R5:4716 R6:7774 R7:1114
[LOG_TRACE] 001114 103374: bcc 001106
[LOG_TRACE] R0:12170 R1:12240 R2:1000 R3:4 R4:160000 R5:4716 R6:7774 R7:1106
[LOG_TRACE] 001106 010001: mov R0, R1
[LOG_TRACE] R0:12170 R1:12170 R2:1000 R3:4 R4:160000 R5:4716 R6:7774 R7:1110
[LOG_TRACE] 001110 162700: sub #50, R0
[LOG_TRACE] R0:12120 R1:12170 R2:1000 R3:4 R4:160000 R5:4716 R6:7774 R7:1114
[LOG_TRACE] 001114 103374: bcc 001106
[LOG_TRACE] R0:12120 R1:12170 R2:1000 R3:4 R4:160000 R5:4716 R6:7774 R7:1106
[LOG_TRACE] 001106 010001: mov R0, R1
[LOG_TRACE] R0:12120 R1:12120 R2:1000 R3:4 R4:160000 R5:4716 R6:7774 R7:1110
[LOG_TRACE] 001110 162700: sub #50, R0
[LOG_TRACE] R0:12050 R1:12120 R2:1000 R3:4 R4:160000 R5:4716 R6:7774 R7:1114
[LOG_TRACE] 001114 103374: bcc 001106
[LOG_TRACE] R0:12050 R1:12120 R2:1000 R3:4 R4:160000 R5:4716 R6:7774 R7:1106
[LOG_TRACE] 001106 010001: mov R0, R1
[LOG_TRACE] R0:12050 R1:12050 R2:1000 R3:4 R4:160000 R5:4716 R6:7774 R7:1110
[LOG_TRACE] 001110 162700: sub #50, R0
[LOG_TRACE] R0:12000 R1:12050 R2:1000 R3:4 R4:160000 R5:4716 R6:7774 R7:1114
[LOG_TRACE] 001114 103374: bcc 001106
[LOG_TRACE] R0:12000 R1:12050 R2:1000 R3:4 R4:160000 R5:4716 R6:7774 R7:1106
[LOG_TRACE] 001106 010001: mov R0, R1
[LOG_TRACE] R0:12000 R1:12000 R2:1000 R3:4 R4:160000 R5:4716 R6:7774 R7:1110
[LOG_TRACE] 001110 162700: sub #50, R0
[LOG_TRACE] R0:11730 R1:12000 R2:1000 R3:4 R4:160000 R5:4716 R6:7774 R7:1114
[LOG_TRACE] 001114 103374: bcc 001106
[LOG_TRACE] R0:11730 R1:12000 R2:1000 R3:4 R4:160000 R5:4716 R6:7774 R7:1106
[LOG_TRACE] 001106 010001: mov R0, R1
[LOG_TRACE] R0:11730 R1:11730 R2:1000 R3:4 R4:160000 R5:4716 R6:7774 R7:1110
[LOG_TRACE] 001110 162700: sub #50, R0
[LOG_TRACE] R0:11660 R1:11730 R2:1000 R3:4 R4:160000 R5:4716 R6:7774 R7:1114
[LOG_TRACE] 001114 103374: bcc 001106
[LOG_TRACE] R0:11660 R1:11730 R2:1000 R3:4 R4:160000 R5:4716 R6:7774 R7:1106
[LOG_TRACE] 001106 010001: mov R0, R1
[LOG_TRACE] R0:11660 R1:11660 R2:1000 R3:4 R4:160000 R5:4716 R6:7774 R7:1110
[LOG_TRACE] 001110 162700: sub #50, R0
[LOG_TRACE] R0:11610 R1:11660 R2:1000 R3:4 R4:160000 R5:4716 R6:7774 R7:1114
[LOG_TRACE] 001114 103374: bcc 001106
[LOG_TRACE] R0:11610 R1:11660 R2:1000 R3:4 R4:160000 R5:4716 R6:7774 R7:1106
[LOG_TRACE] 001106 010001: mov R0, R1
[LOG_TRACE] R0:11610 R1:11610 R2:1000 R3:4 R4:160000 R5:4716 R6:7774 R7:1110
[LOG_TRACE] 001110 162700: sub #50, R0
[LOG_TRACE] R0:11540 R1:11610 R2:1000 R3:4 R4:160000 R5:4716 R6:7774 R7:1114
[LOG_TRACE] 001114 103374: bcc 001106
[LOG_TRACE] R0:11540 R1:11610 R2:1000 R3:4 R4:160000 R5:4716 R6:7774 R7:1106
[LOG_TRACE] 001106 010001: mov R0, R1
[LOG_TRACE] R0:11540 R1:11540 R2:1000 R3:4 R4:160000 R5:4716 R6:7774 R7:1110
[LOG_TRACE] 001110 162700: sub #50, R0
[LOG_TRACE] R0:11470 R1:11540 R2:1000 R3:4 R4:160000 R5:4716 R6:7774 R7:1114
[LOG_TRACE] 001114 103374: bcc 001106
[LOG_TRACE] R0:11470 R1:11540 R2:1000 R3:4 R4:160000 R5:4716 R6:7774 R7:1106
[LOG_TRACE] 001106 010001: mov R0, R1
[LOG_TRACE] R0:11470 R1:11470 R2:1000 R3:4 R4:160000 R5:4716 R6:7774 R7:1110
[LOG_TRACE] 001110 162700: sub #50, R0
[LOG_TRACE] R0:11420 R1:11470 R2:1000 R3:4 R4:160000 R5:4716 R6:7774 R7:1114
[LOG_TRACE] 001114 103374: bcc 001106
[LOG_TRACE] R0:11420 R1:11470 R2:1000 R3:4 R4:160000 R5:4716 R6:7774 R7:1106
[LOG_TRACE] 001106 010001: mov R0, R1
[LOG_TRACE] R0:11420 R1:11420 R2:1000 R3:4 R4:160000 R5:4716 R6:7774 R7:1110
[LOG_TRACE] 001110 162700: sub #50, R0
[LOG_TRACE] R0:11350 R1:11420 R2:1000 R3:4 R4:160000 R5:4716 R6:7774 R7:1114
[LOG_TRACE] 001114 103374: bcc 001106
[LOG_TRACE] R0:11350 R1:11420 R2:1000 R3:4 R4:160000 R5:4716 R6:7774 R7:1106
[LOG_TRACE] 001106 010001: mov R0, R1
[LOG_TRACE] R0:11350 R1:11350 R2:1000 R3:4 R4:160000 R5:4716 R6:7774 R7:1110
[LOG_TRACE] 001110 162700: sub #50, R0
[LOG_TRACE] R0:11300 R1:11350 R2:1000 R3:4 R4:160000 R5:4716 R6:7774 R7:1114
[LOG_TRACE] 001114 103374: bcc 001106
[LOG_TRACE] R0:11300 R1:11350 R2:1000 R3:4 R4:160000 R5:4716 R6:7774 R7:1106
[LOG_TRACE] 001106 010001: mov R0, R1
[LOG_TRACE] R0:11300 R1:11300 R2:1000 R3:4 R4:160000 R5:4716 R6:7774 R7:1110
[LOG_TRACE] 001110 162700: sub #50, R0
[LOG_TRACE] R0:11230 R1:11300 R2:1000 R3:4 R4:160000 R5:4716 R6:7774 R7:1114
[LOG_TRACE] 001114 103374: bcc 001106
[LOG_TRACE] R0:11230 R1:11300 R2:1000 R3:4 R4:160000 R5:4716 R6:7774 R7:1106
[LOG_TRACE] 001106 010001: mov R0, R1
[LOG_TRACE] R0:11230 R1:11230 R2:1000 R3:4 R4:160000 R5:4716 R6:7774 R7:1110
[LOG_TRACE] 001110 162700: sub #50, R0
[LOG_TRACE] R0:11160 R1:11230 R2:1000 R3:4 R4:160000 R5:4716 R6:7774 R7:1114
[LOG_TRACE] 001114 103374: bcc 001106
[LOG_TRACE] R0:11160 R1:11230 R2:1000 R3:4 R4:160000 R5:4716 R6:7774 R7:1106
[LOG_TRACE] 001106 010001: mov R0, R1
[LOG_TRACE] R0:11160 R1:11160 R2:1000 R3:4 R4:160000 R5:4716 R6:7774 R7:1110
[LOG_TRACE] 001110 162700: sub #50, R0
[LOG_TRACE] R0:11110 R1:11160 R2:1000 R3:4 R4:160000 R5:4716 R6:7774 R7:1114
[LOG_TRACE] 001114 103374: bcc 001106
[LOG_TRACE] R0:11110 R1:11160 R2:1000 R3:4 R4:160000 R5:4716 R6:7774 R7:1106
[LOG_TRACE] 001106 010001: mov R0, R1
[LOG_TRACE] R0:11110 R1:11110 R2:1000 R3:4 R4:160000 R5:4716 R6:7774 R7:1110
[LOG_TRACE] 001110 162700: sub #50, R0
[LOG_TRACE] R0:11040 R1:11110 R2:1000 R3:4 R4:160000 R5:4716 R6:7774 R7:1114
[LOG_TRACE] 001114 103374: bcc 001106
[LOG_TRACE] R0:11040 R1:11110 R2:1000 R3:4 R4:160000 R5:4716 R6:7774 R7:1106
[LOG_TRACE] 001106 010001: mov R0, R1
[LOG_TRACE] R0:11040 R1:11040 R2:1000 R3:4 R4:160000 R5:4716 R6:7774 R7:1110
[LOG_TRACE] 001110 162700: sub #50, R0
[LOG_TRACE] R0:10770 R1:11040 R2:1000 R3:4 R4:160000 R5:4716 R6:7774 R7:1114
[LOG_TRACE] 001114 103374: bcc 001106
[LOG_TRACE] R0:10770 R1:11040 R2:1000 R3:4 R4:160000 R5:4716 R6:7774 R7:1106
[LOG_TRACE] 001106 010001: mov R0, R1
[LOG_TRACE] R0:10770 R1:10770 R2:1000 R3:4 R4:160000 R5:4716 R6:7774 R7:1110
[LOG_TRACE] 001110 162700: sub #50, R0
[LOG_TRACE] R0:10720 R1:10770 R2:1000 R3:4 R4:160000 R5:4716 R6:7774 R7:1114
[LOG_TRACE] 001114 103374: bcc 001106
[LOG_TRACE] R0:10720 R1:10770 R2:1000 R3:4 R4:160000 R5:4716 R6:7774 R7:1106
[LOG_TRACE] 001106 010001: mov R0, R1
[LOG_TRACE] R0:10720 R1:10720 R2:1000 R3:4 R4:160000 R5:4716 R6:7774 R7:1110
[LOG_TRACE] 001110 162700: sub #50, R0
[LOG_TRACE] R0:10650 R1:10720 R2:1000 R3:4 R4:160000 R5:4716 R6:7774 R7:1114
[LOG_TRACE] 001114 103374: bcc 001106
[LOG_TRACE] R0:10650 R1:10720 R2:1000 R3:4 R4:160000 R5:4716 R6:7774 R7:1106
[LOG_TRACE] 001106 010001: mov R0, R1
[LOG_TRACE] R0:10650 R1:10650 R2:1000 R3:4 R4:160000 R5:4716 R6:7774 R7:1110
[LOG_TRACE] 001110 162700: sub #50, R0
[LOG_TRACE] R0:10600 R1:10650 R2:1000 R3:4 R4:160000 R5:4716 R6:7774 R7:1114
[LOG_TRACE] 001114 103374: bcc 001106
[LOG_TRACE] R0:10600 R1:10650 R2:1000 R3:4 R4:160000 R5:4716 R6:7774 R7:1106
[LOG_TRACE] 001106 010001: mov R0, R1
[LOG_TRACE] R0:10600 R1:10600 R2:1000 R3:4 R4:160000 R5:4716 R6:7774 R7:1110
[LOG_TRACE] 001110 162700: sub #50, R0
[LOG_TRACE] R0:10530 R1:10600 R2:1000 R3:4 R4:160000 R5:4716 R6:7774 R7:1114
[LOG_TRACE] 001114 103374: bcc 001106
[LOG_TRACE] R0:10530 R1:10600 R2:1000 R3:4 R4:160000 R5:4716 R6:7774 R7:1106
[LOG_TRACE] 001106 010001: mov R0, R1
[LOG_TRACE] R0:10530 R1:10530 R2:1000 R3:4 R4:160000 R5:4716 R6:7774 R7:1110
[LOG_TRACE] 001110 162700: sub #50, R0
[LOG_TRACE] R0:10460 R1:10530 R2:1000 R3:4 R4:160000 R5:4716 R6:7774 R7:1114
[LOG_TRACE] 001114 103374: bcc 001106
[LOG_TRACE] R0:10460 R1:10530 R2:1000 R3:4 R4:160000 R5:4716 R6:7774 R7:1106
[LOG_TRACE] 001106 010001: mov R0, R1
[LOG_TRACE] R0:10460 R1:10460 R2:1000 R3:4 R4:160000 R5:4716 R6:7774 R7:1110
[LOG_TRACE] 001110 162700: sub #50, R0
[LOG_TRACE] R0:10410 R1:10460 R2:1000 R3:4 R4:160000 R5:4716 R6:7774 R7:1114
[LOG_TRACE] 001114 103374: bcc 001106
[LOG_TRACE] R0:10410 R1:10460 R2:1000 R3:4 R4:160000 R5:4716 R6:7774 R7:1106
[LOG_TRACE] 001106 010001: mov R0, R1
[LOG_TRACE] R0:10410 R1:10410 R2:1000 R3:4 R4:160000 R5:4716 R6:7774 R7:1110
[LOG_TRACE] 001110 162700: sub #50, R0
[LOG_TRACE] R0:10340 R1:10410 R2:1000 R3:4 R4:160000 R5:4716 R6:7774 R7:1114
[LOG_TRACE] 001114 103374: bcc 001106
[LOG_TRACE] R0:10340 R1:10410 R2:1000 R3:4 R4:160000 R5:4716 R6:7774 R7:1106
[LOG_TRACE] 001106 010001: mov R0, R1
[LOG_TRACE] R0:10340 R1:10340 R2:1000 R3:4 R4:160000 R5:4716 R6:7774 R7:1110
[LOG_TRACE] 001110 162700: sub #50, R0
[LOG_TRACE] R0:10270 R1:10340 R2:1000 R3:4 R4:160000 R5:4716 R6:7774 R7:1114
[LOG_TRACE] 001114 103374: bcc 001106
[LOG_TRACE] R0:10270 R1:10340 R2:1000 R3:4 R4:160000 R5:4716 R6:7774 R7:1106
[LOG_TRACE] 001106 010001: mov R0, R1
[LOG_TRACE] R0:10270 R1:10270 R2:1000 R3:4 R4:160000 R5:4716 R6:7774 R7:1110
[LOG_TRACE] 001110 162700: sub #50, R0
[LOG_TRACE] R0:10220 R1:10270 R2:1000 R3:4 R4:160000 R5:4716 R6:7774 R7:1114
[LOG_TRACE] 001114 103374: bcc 001106
[LOG_TRACE] R0:10220 R1:10270 R2:1000 R3:4 R4:160000 R5:4716 R6:7774 R7:1106
[LOG_TRACE] 001106 010001: mov R0, R1
[LOG_TRACE] R0:10220 R1:10220 R2:1000 R3:4 R4:160000 R5:4716 R6:7774 R7:1110
[LOG_TRACE] 001110 162700: sub #50, R0
[LOG_TRACE] R0:10150 R1:10220 R2:1000 R3:4 R4:160000 R5:4716 R6:7774 R7:1114
[LOG_TRACE] 001114 103374: bcc 001106
[LOG_TRACE] R0:10150 R1:10220 R2:1000 R3:4 R4:160000 R5:4716 R6:7774 R7:1106
[LOG_TRACE] 001106 010001: mov R0, R1
[LOG_TRACE] R0:10150 R1:10150 R2:1000 R3:4 R4:160000 R5:4716 R6:7774 R7:1110
[LOG_TRACE] 001110 162700: sub #50, R0
[LOG_TRACE] R0:10100 R1:10150 R2:1000 R3:4 R4:160000 R5:4716 R6:7774 R7:1114
[LOG_TRACE] 001114 103374: bcc 001106
[LOG_TRACE] R0:10100 R1:10150 R2:1000 R3:4 R4:160000 R5:4716 R6:7774 R7:1106
[LOG_TRACE] 001106 010001: mov R0, R1
[LOG_TRACE] R0:10100 R1:10100 R2:1000 R3:4 R4:160000 R5:4716 R6:7774 R7:1110
[LOG_TRACE] 001110 162700: sub #50, R0
[LOG_TRACE] R0:10030 R1:10100 R2:1000 R3:4 R4:160000 R5:4716 R6:7774 R7:1114
[LOG_TRACE] 001114 103374: bcc 001106
[LOG_TRACE] R0:10030 R1:10100 R2:1000 R3:4 R4:160000 R5:4716 R6:7774 R7:1106
[LOG_TRACE] 001106 010001: mov R0, R1
[LOG_TRACE] R0:10030 R1:10030 R2:1000 R3:4 R4:160000 R5:4716 R6:7774 R7:1110
[LOG_TRACE] 001110 162700: sub #50, R0
[LOG_TRACE] R0:7760 R1:10030 R2:1000 R3:4 R4:160000 R5:4716 R6:7774 R7:1114
[LOG_TRACE] 001114 103374: bcc 001106
[LOG_TRACE] R0:7760 R1:10030 R2:1000 R3:4 R4:160000 R5:4716 R6:7774 R7:1106
[LOG_TRACE] 001106 010001: mov R0, R1
[LOG_TRACE] R0:7760 R1:7760 R2:1000 R3:4 R4:160000 R5:4716 R6:7774 R7:1110
[LOG_TRACE] 001110 162700: sub #50, R0
[LOG_TRACE] R0:7710 R1:7760 R2:1000 R3:4 R4:160000 R5:4716 R6:7774 R7:1114
[LOG_TRACE] 001114 103374: bcc 001106
[LOG_TRACE] R0:7710 R1:7760 R2:1000 R3:4 R4:160000 R5:4716 R6:7774 R7:1106
[LOG_TRACE] 001106 010001: mov R0, R1
[LOG_TRACE] R0:7710 R1:7710 R2:1000 R3:4 R4:160000 R5:4716 R6:7774 R7:1110
[LOG_TRACE] 001110 162700: sub #50, R0
[LOG_TRACE] R0:7640 R1:7710 R2:1000 R3:4 R4:160000 R5:4716 R6:7774 R7:1114
[LOG_TRACE] 001114 103374: bcc 001106
[LOG_TRACE] R0:7640 R1:7710 R2:1000 R3:4 R4:160000 R5:4716 R6:7774 R7:1106
[LOG_TRACE] 001106 010001: mov R0, R1
[LOG_TRACE] R0:7640 R1:7640 R2:1000 R3:4 R4:160000 R5:4716 R6:7774 R7:1110
[LOG_TRACE] 001110 162700: sub #50, R0
[LOG_TRACE] R0:7570 R1:7640 R2:1000 R3:4 R4:160000 R5:4716 R6:7774 R7:1114
[LOG_TRACE] 001114 103374: bcc 001106
[LOG_TRACE] R0:7570 R1:7640 R2:1000 R3:4 R4:160000 R5:4716 R6:7774 R7:1106
[LOG_TRACE] 001106 010001: mov R0, R1
[LOG_TRACE] R0:7570 R1:7570 R2:1000 R3:4 R4:160000 R5:4716 R6:7774 R7:1110
[LOG_TRACE] 001110 162700: sub #50, R0
[LOG_TRACE] R0:7520 R1:7570 R2:1000 R3:4 R4:160000 R5:4716 R6:7774 R7:1114
[LOG_TRACE] 001114 103374: bcc 001106
[LOG_TRACE] R0:7520 R1:7570 R2:1000 R3:4 R4:160000 R5:4716 R6:7774 R7:1106
[LOG_TRACE] 001106 010001: mov R0, R1
[LOG_TRACE] R0:7520 R1:7520 R2:1000 R3:4 R4:160000 R5:4716 R6:7774 R7:1110
[LOG_TRACE] 001110 162700: sub #50, R0
[LOG_TRACE] R0:7450 R1:7520 R2:1000 R3:4 R4:160000 R5:4716 R6:7774 R7:1114
[LOG_TRACE] 001114 103374: bcc 001106
[LOG_TRACE] R0:7450 R1:7520 R2:1000 R3:4 R4:160000 R5:4716 R6:7774 R7:1106
[LOG_TRACE] 001106 010001: mov R0, R1
[LOG_TRACE] R0:7450 R1:7450 R2:1000 R3:4 R4:160000 R5:4716 R6:7774 R7:1110
[LOG_TRACE] 001110 162700: sub #50, R0
[LOG_TRACE] R0:7400 R1:7450 R2:1000 R3:4 R4:160000 R5:4716 R6:7774 R7:1114
[LOG_TRACE] 001114 103374: bcc 001106
[LOG_TRACE] R0:7400 R1:7450 R2:1000 R3:4 R4:160000 R5:4716 R6:7774 R7:1106
[LOG_TRACE] 001106 010001: mov R0, R1
[LOG_TRACE] R0:7400 R1:7400 R2:1000 R3:4 R4:160000 R5:4716 R6:7774 R7:1110
[LOG_TRACE] 001110 162700: sub #50, R0
[LOG_TRACE] R0:7330 R1:7400 R2:1000 R3:4 R4:160000 R5:4716 R6:7774 R7:1114
[LOG_TRACE] 001114 103374: bcc 001106
[LOG_TRACE] R0:7330 R1:7400 R2:1000 R3:4 R4:160000 R5:4716 R6:7774 R7:1106
[LOG_TRACE] 001106 010001: mov R0, R1
[LOG_TRACE] R0:7330 R1:7330 R2:1000 R3:4 R4:160000 R5:4716 R6:7774 R7:1110
[LOG_TRACE] 001110 162700: sub #50, R0
[LOG_TRACE] R0:7260 R1:7330 R2:1000 R3:4 R4:160000 R5:4716 R6:7774 R7:1114
[LOG_TRACE] 001114 103374: bcc 001106
[LOG_TRACE] R0:7260 R1:7330 R2:1000 R3:4 R4:160000 R5:4716 R6:7774 R7:1106
[LOG_TRACE] 001106 010001: mov R0, R1
[LOG_TRACE] R0:7260 R1:7260 R2:1000 R3:4 R4:160000 R5:4716 R6:7774 R7:1110
[LOG_TRACE] 001110 162700: sub #50, R0
[LOG_TRACE] R0:7210 R1:7260 R2:1000 R3:4 R4:160000 R5:4716 R6:7774 R7:1114
[LOG_TRACE] 001114 103374: bcc 001106
[LOG_TRACE] R0:7210 R1:7260 R2:1000 R3:4 R4:160000 R5:4716 R6:7774 R7:1106
[LOG_TRACE] 001106 010001: mov R0, R1
[LOG_TRACE] R0:7210 R1:7210 R2:1000 R3:4 R4:160000 R5:4716 R6:7774 R7:1110
[LOG_TRACE] 001110 162700: sub #50, R0
[LOG_TRACE] R0:7140 R1:7210 R2:1000 R3:4 R4:160000 R5:4716 R6:7774 R7:1114
[LOG_TRACE] 001114 103374: bcc 001106
[LOG_TRACE] R0:7140 R1:7210 R2:1000 R3:4 R4:160000 R5:4716 R6:7774 R7:1106
[LOG_TRACE] 001106 010001: mov R0, R1
[LOG_TRACE] R0:7140 R1:7140 R2:1000 R3:4 R4:160000 R5:4716 R6:7774 R7:1110
[LOG_TRACE] 001110 162700: sub #50, R0
[LOG_TRACE] R0:7070 R1:7140 R2:1000 R3:4 R4:160000 R5:4716 R6:7774 R7:1114
[LOG_TRACE] 001114 103374: bcc 001106
[LOG_TRACE] R0:7070 R1:7140 R2:1000 R3:4 R4:160000 R5:4716 R6:7774 R7:1106
[LOG_TRACE] 001106 010001: mov R0, R1
[LOG_TRACE] R0:7070 R1:7070 R2:1000 R3:4 R4:160000 R5:4716 R6:7774 R7:1110
[LOG_TRACE] 001110 162700: sub #50, R0
[LOG_TRACE] R0:7020 R1:7070 R2:1000 R3:4 R4:160000 R5:4716 R6:7774 R7:1114
[LOG_TRACE] 001114 103374: bcc 001106
[LOG_TRACE] R0:7020 R1:7070 R2:1000 R3:4 R4:160000 R5:4716 R6:7774 R7:1106
[LOG_TRACE] 001106 010001: mov R0, R1
[LOG_TRACE] R0:7020 R1:7020 R2:1000 R3:4 R4:160000 R5:4716 R6:7774 R7:1110
[LOG_TRACE] 001110 162700: sub #50, R0
[LOG_TRACE] R0:6750 R1:7020 R2:1000 R3:4 R4:160000 R5:4716 R6:7774 R7:1114
[LOG_TRACE] 001114 103374: bcc 001106
[LOG_TRACE] R0:6750 R1:7020 R2:1000 R3:4 R4:160000 R5:4716 R6:7774 R7:1106
[LOG_TRACE] 001106 010001: mov R0, R1
[LOG_TRACE] R0:6750 R1:6750 R2:1000 R3:4 R4:160000 R5:4716 R6:7774 R7:1110
[LOG_TRACE] 001110 162700: sub #50, R0
[LOG_TRACE] R0:6700 R1:6750 R2:1000 R3:4 R4:160000 R5:4716 R6:7774 R7:1114
[LOG_TRACE] 001114 103374: bcc 001106
[LOG_TRACE] R0:6700 R1:6750 R2:1000 R3:4 R4:160000 R5:4716 R6:7774 R7:1106
[LOG_TRACE] 001106 010001: mov R0, R1
[LOG_TRACE] R0:6700 R1:6700 R2:1000 R3:4 R4:160000 R5:4716 R6:7774 R7:1110
[LOG_TRACE] 001110 162700: sub #50, R0
[LOG_TRACE] R0:6630 R1:6700 R2:1000 R3:4 R4:160000 R5:4716 R6:7774 R7:1114
[LOG_TRACE] 001114 103374: bcc 001106
[LOG_TRACE] R0:6630 R1:6700 R2:1000 R3:4 R4:160000 R5:4716 R6:7774 R7:1106
[LOG_TRACE] 001106 010001: mov R0, R1
[LOG_TRACE] R0:6630 R1:6630 R2:1000 R3:4 R4:160000 R5:4716 R6:7774 R7:1110
[LOG_TRACE] 001110 162700: sub #50, R0
[LOG_TRACE] R0:6560 R1:6630 R2:1000 R3:4 R4:160000 R5:4716 R6:7774 R7:1114
[LOG_TRACE] 001114 103374: bcc 001106
[LOG_TRACE] R0:6560 R1:6630 R2:1000 R3:4 R4:160000 R5:4716 R6:7774 R7:1106
[LOG_TRACE] 001106 010001: mov R0, R1
[LOG_TRACE] R0:6560 R1:6560 R2:1000 R3:4 R4:160000 R5:4716 R6:7774 R7:1110
[LOG_TRACE] 001110 162700: sub #50, R0
[LOG_TRACE] R0:6510 R1:6560 R2:1000 R3:4 R4:160000 R5:4716 R6:7774 R7:1114
[LOG_TRACE] 001114 103374: bcc 001106
[LOG_TRACE] R0:6510 R1:6560 R2:1000 R3:4 R4:160000 R5:4716 R6:7774 R7:1106
[LOG_TRACE] 001106 010001: mov R0, R1
[LOG_TRACE] R0:6510 R1:6510 R2:1000 R3:4 R4:160000 R5:4716 R6:7774 R7:1110
[LOG_TRACE] 001110 162700: sub #50, R0
[LOG_TRACE] R0:6440 R1:6510 R2:1000 R3:4 R4:160000 R5:4716 R6:7774 R7:1114
[LOG_TRACE] 001114 103374: bcc 001106
[LOG_TRACE] R0:6440 R1:6510 R2:1000 R3:4 R4:160000 R5:4716 R6:7774 R7:1106
[LOG_TRACE] 001106 010001: mov R0, R1
[LOG_TRACE] R0:6440 R1:6440 R2:1000 R3:4 R4:160000 R5:4716 R6:7774 R7:1110
[LOG_TRACE] 001110 162700: sub #50, R0
[LOG_TRACE] R0:6370 R1:6440 R2:1000 R3:4 R4:160000 R5:4716 R6:7774 R7:1114
[LOG_TRACE] 001114 103374: bcc 001106
[LOG_TRACE] R0:6370 R1:6440 R2:1000 R3:4 R4:160000 R5:4716 R6:7774 R7:1106
[LOG_TRACE] 001106 010001: mov R0, R1
[LOG_TRACE] R0:6370 R1:6370 R2:1000 R3:4 R4:160000 R5:4716 R6:7774 R7:1110
[LOG_TRACE] 001110 162700: sub #50, R0
[LOG_TRACE] R0:6320 R1:6370 R2:1000 R3:4 R4:160000 R5:4716 R6:7774 R7:1114
[LOG_TRACE] 001114 103374: bcc 001106
[LOG_TRACE] R0:6320 R1:6370 R2:1000 R3:4 R4:160000 R5:4716 R6:7774 R7:1106
[LOG_TRACE] 001106 010001: mov R0, R1
[LOG_TRACE] R0:6320 R1:6320 R2:1000 R3:4 R4:160000 R5:4716 R6:7774 R7:1110
[LOG_TRACE] 001110 162700: sub #50, R0
[LOG_TRACE] R0:6250 R1:6320 R2:1000 R3:4 R4:160000 R5:4716 R6:7774 R7:1114
[LOG_TRACE] 001114 103374: bcc 001106
[LOG_TRACE] R0:6250 R1:6320 R2:1000 R3:4 R4:160000 R5:4716 R6:7774 R7:1106
[LOG_TRACE] 001106 010001: mov R0, R1
[LOG_TRACE] R0:6250 R1:6250 R2:1000 R3:4 R4:160000 R5:4716 R6:7774 R7:1110
[LOG_TRACE] 001110 162700: sub #50, R0
[LOG_TRACE] R0:6200 R1:6250 R2:1000 R3:4 R4:160000 R5:4716 R6:7774 R7:1114
[LOG_TRACE] 001114 103374: bcc 001106
[LOG_TRACE] R0:6200 R1:6250 R2:1000 R3:4 R4:160000 R5:4716 R6:7774 R7:1106
[LOG_TRACE] 001106 010001: mov R0, R1
[LOG_TRACE] R0:6200 R1:6200 R2:1000 R3:4 R4:160000 R5:4716 R6:7774 R7:1110
[LOG_TRACE] 001110 162700: sub #50, R0
[LOG_TRACE] R0:6130 R1:6200 R2:1000 R3:4 R4:160000 R5:4716 R6:7774 R7:1114
[LOG_TRACE] 001114 103374: bcc 001106
[LOG_TRACE] R0:6130 R1:6200 R2:1000 R3:4 R4:160000 R5:4716 R6:7774 R7:1106
[LOG_TRACE] 001106 010001: mov R0, R1
[LOG_TRACE] R0:6130 R1:6130 R2:1000 R3:4 R4:160000 R5:4716 R6:7774 R7:1110
[LOG_TRACE] 001110 162700: sub #50, R0
[LOG_TRACE] R0:6060 R1:6130 R2:1000 R3:4 R4:160000 R5:4716 R6:7774 R7:1114
[LOG_TRACE] 001114 103374: bcc 001106
[LOG_TRACE] R0:6060 R1:6130 R2:1000 R3:4 R4:160000 R5:4716 R6:7774 R7:1106
[LOG_TRACE] 001106 010001: mov R0, R1
[LOG_TRACE] R0:6060 R1:6060 R2:1000 R3:4 R4:160000 R5:4716 R6:7774 R7:1110
[LOG_TRACE] 001110 162700: sub #50, R0
[LOG_TRACE] R0:6010 R1:6060 R2:1000 R3:4 R4:160000 R5:4716 R6:7774 R7:1114
[LOG_TRACE] 001114 103374: bcc 001106
[LOG_TRACE] R0:6010 R1:6060 R2:1000 R3:4 R4:160000 R5:4716 R6:7774 R7:1106
[LOG_TRACE] 001106 010001: mov R0, R1
[LOG_TRACE] R0:6010 R1:6010 R2:1000 R3:4 R4:160000 R5:4716 R6:7774 R7:1110
[LOG_TRACE] 001110 162700: sub #50, R0
[LOG_TRACE] R0:5740 R1:6010 R2:1000 R3:4 R4:160000 R5:4716 R6:7774 R7:1114
[LOG_TRACE] 001114 103374: bcc 001106
[LOG_TRACE] R0:5740 R1:6010 R2:1000 R3:4 R4:160000 R5:4716 R6:7774 R7:1106
[LOG_TRACE] 001106 010001: mov R0, R1
[LOG_TRACE] R0:5740 R1:5740 R2:1000 R3:4 R4:160000 R5:4716 R6:7774 R7:1110
[LOG_TRACE] 001110 162700: sub #50, R0
[LOG_TRACE] R0:5670 R1:5740 R2:1000 R3:4 R4:160000 R5:4716 R6:7774 R7:1114
[LOG_TRACE] 001114 103374: bcc 001106
[LOG_TRACE] R0:5670 R1:5740 R2:1000 R3:4 R4:160000 R5:4716 R6:7774 R7:1106
[LOG_TRACE] 001106 010001: mov R0, R1
[LOG_TRACE] R0:5670 R1:5670 R2:1000 R3:4 R4:160000 R5:4716 R6:7774 R7:1110
[LOG_TRACE] 001110 162700: sub #50, R0
[LOG_TRACE] R0:5620 R1:5670 R2:1000 R3:4 R4:160000 R5:4716 R6:7774 R7:1114
[LOG_TRACE] 001114 103374: bcc 001106
[LOG_TRACE] R0:5620 R1:5670 R2:1000 R3:4 R4:160000 R5:4716 R6:7774 R7:1106
[LOG_TRACE] 001106 010001: mov R0, R1
[LOG_TRACE] R0:5620 R1:5620 R2:1000 R3:4 R4:160000 R5:4716 R6:7774 R7:1110
[LOG_TRACE] 001110 162700: sub #50, R0
[LOG_TRACE] R0:5550 R1:5620 R2:1000 R3:4 R4:160000 R5:4716 R6:7774 R7:1114
[LOG_TRACE] 001114 103374: bcc 001106
[LOG_TRACE] R0:5550 R1:5620 R2:1000 R3:4 R4:160000 R5:4716 R6:7774 R7:1106
[LOG_TRACE] 001106 010001: mov R0, R1
[LOG_TRACE] R0:5550 R1:5550 R2:1000 R3:4 R4:160000 R5:4716 R6:7774 R7:1110
[LOG_TRACE] 001110 162700: sub #50, R0
[LOG_TRACE] R0:5500 R1:5550 R2:1000 R3:4 R4:160000 R5:4716 R6:7774 R7:1114
[LOG_TRACE] 001114 103374: bcc 001106
[LOG_TRACE] R0:5500 R1:5550 R2:1000 R3:4 R4:160000 R5:4716 R6:7774 R7:1106
[LOG_TRACE] 001106 010001: mov R0, R1
[LOG_TRACE] R0:5500 R1:5500 R2:1000 R3:4 R4:160000 R5:4716 R6:7774 R7:1110
[LOG_TRACE] 001110 162700: sub #50, R0
[LOG_TRACE] R0:5430 R1:5500 R2:1000 R3:4 R4:160000 R5:4716 R6:7774 R7:1114
[LOG_TRACE] 001114 103374: bcc 001106
[LOG_TRACE] R0:5430 R1:5500 R2:1000 R3:4 R4:160000 R5:4716 R6:7774 R7:1106
[LOG_TRACE] 001106 010001: mov R0, R1
[LOG_TRACE] R0:5430 R1:5430 R2:1000 R3:4 R4:160000 R5:4716 R6:7774 R7:1110
[LOG_TRACE] 001110 162700: sub #50, R0
[LOG_TRACE] R0:5360 R1:5430 R2:1000 R3:4 R4:160000 R5:4716 R6:7774 R7:1114
[LOG_TRACE] 001114 103374: bcc 001106
[LOG_TRACE] R0:5360 R1:5430 R2:1000 R3:4 R4:160000 R5:4716 R6:7774 R7:1106
[LOG_TRACE] 001106 010001: mov R0, R1
[LOG_TRACE] R0:5360 R1:5360 R2:1000 R3:4 R4:160000 R5:4716 R6:7774 R7:1110
[LOG_TRACE] 001110 162700: sub #50, R0
[LOG_TRACE] R0:5310 R1:5360 R2:1000 R3:4 R4:160000 R5:4716 R6:7774 R7:1114
[LOG_TRACE] 001114 103374: bcc 001106
[LOG_TRACE] R0:5310 R1:5360 R2:1000 R3:4 R4:160000 R5:4716 R6:7774 R7:1106
[LOG_TRACE] 001106 010001: mov R0, R1
[LOG_TRACE] R0:5310 R1:5310 R2:1000 R3:4 R4:160000 R5:4716 R6:7774 R7:1110
[LOG_TRACE] 001110 162700: sub #50, R0
[LOG_TRACE] R0:5240 R1:5310 R2:1000 R3:4 R4:160000 R5:4716 R6:7774 R7:1114
[LOG_TRACE] 001114 103374: bcc 001106
[LOG_TRACE] R0:5240 R1:5310 R2:1000 R3:4 R4:160000 R5:4716 R6:7774 R7:1106
[LOG_TRACE] 001106 010001: mov R0, R1
[LOG_TRACE] R0:5240 R1:5240 R2:1000 R3:4 R4:160000 R5:4716 R6:7774 R7:1110
[LOG_TRACE] 001110 162700: sub #50, R0
[LOG_TRACE] R0:5170 R1:5240 R2:1000 R3:4 R4:160000 R5:4716 R6:7774 R7:1114
[LOG_TRACE] 001114 103374: bcc 001106
[LOG_TRACE] R0:5170 R1:5240 R2:1000 R3:4 R4:160000 R5:4716 R6:7774 R7:1106
[LOG_TRACE] 001106 010001: mov R0, R1
[LOG_TRACE] R0:5170 R1:5170 R2:1000 R3:4 R4:160000 R5:4716 R6:7774 R7:1110
[LOG_TRACE] 001110 162700: sub #50, R0
[LOG_TRACE] R0:5120 R1:5170 R2:1000 R3:4 R4:160000 R5:4716 R6:7774 R7:1114
[LOG_TRACE] 001114 103374: bcc 001106
[LOG_TRACE] R0:5120 R1:5170 R2:1000 R3:4 R4:160000 R5:4716 R6:7774 R7:1106
[LOG_TRACE] 001106 010001: mov R0, R1
[LOG_TRACE] R0:5120 R1:5120 R2:1000 R3:4 R4:160000 R5:4716 R6:7774 R7:1110
[LOG_TRACE] 001110 162700: sub #50, R0
[LOG_TRACE] R0:5050 R1:5120 R2:1000 R3:4 R4:160000 R5:4716 R6:7774 R7:1114
[LOG_TRACE] 001114 103374: bcc 001106
[LOG_TRACE] R0:5050 R1:5120 R2:1000 R3:4 R4:160000 R5:4716 R6:7774 R7:1106
[LOG_TRACE] 001106 010001: mov R0, R1
[LOG_TRACE] R0:5050 R1:5050 R2:1000 R3:4 R4:160000 R5:4716 R6:7774 R7:1110
[LOG_TRACE] 001110 162700: sub #50, R0
[LOG_TRACE] R0:5000 R1:5050 R2:1000 R3:4 R4:160000 R5:4716 R6:7774 R7:1114
[LOG_TRACE] 001114 103374: bcc 001106
[LOG_TRACE] R0:5000 R1:5050 R2:1000 R3:4 R4:160000 R5:4716 R6:7774 R7:1106
[LOG_TRACE] 001106 010001: mov R0, R1
[LOG_TRACE] R0:5000 R1:5000 R2:1000 R3:4 R4:160000 R5:4716 R6:7774 R7:1110
[LOG_TRACE] 001110 162700: sub #50, R0
[LOG_TRACE] R0:4730 R1:5000 R2:1000 R3:4 R4:160000 R5:4716 R6:7774 R7:1114
[LOG_TRACE] 001114 103374: bcc 001106
[LOG_TRACE] R0:4730 R1:5000 R2:1000 R3:4 R4:160000 R5:4716 R6:7774 R7:1106
[LOG_TRACE] 001106 010001: mov R0, R1
[LOG_TRACE] R0:4730 R1:4730 R2:1000 R3:4 R4:160000 R5:4716 R6:7774 R7:1110
[LOG_TRACE] 001110 162700: sub #50, R0
[LOG_TRACE] R0:4660 R1:4730 R2:1000 R3:4 R4:160000 R5:4716 R6:7774 R7:1114
[LOG_TRACE] 001114 103374: bcc 001106
[LOG_TRACE] R0:4660 R1:4730 R2:1000 R3:4 R4:160000 R5:4716 R6:7774 R7:1106
[LOG_TRACE] 001106 010001: mov R0, R1
[LOG_TRACE] R0:4660 R1:4660 R2:1000 R3:4 R4:160000 R5:4716 R6:7774 R7:1110
[LOG_TRACE] 001110 162700: sub #50, R0
[LOG_TRACE] R0:4610 R1:4660 R2:1000 R3:4 R4:160000 R5:4716 R6:7774 R7:1114
[LOG_TRACE] 001114 103374: bcc 001106
[LOG_TRACE] R0:4610 R1:4660 R2:1000 R3:4 R4:160000 R5:4716 R6:7774 R7:1106
[LOG_TRACE] 001106 010001: mov R0, R1
[LOG_TRACE] R0:4610 R1:4610 R2:1000 R3:4 R4:160000 R5:4716 R6:7774 R7:1110
[LOG_TRACE] 001110 162700: sub #50, R0
[LOG_TRACE] R0:4540 R1:4610 R2:1000 R3:4 R4:160000 R5:4716 R6:7774 R7:1114
[LOG_TRACE] 001114 103374: bcc 001106
[LOG_TRACE] R0:4540 R1:4610 R2:1000 R3:4 R4:160000 R5:4716 R6:7774 R7:1106
[LOG_TRACE] 001106 010001: mov R0, R1
[LOG_TRACE] R0:4540 R1:4540 R2:1000 R3:4 R4:160000 R5:4716 R6:7774 R7:1110
[LOG_TRACE] 001110 162700: sub #50, R0
[LOG_TRACE] R0:4470 R1:4540 R2:1000 R3:4 R4:160000 R5:4716 R6:7774 R7:1114
[LOG_TRACE] 001114 103374: bcc 001106
[LOG_TRACE] R0:4470 R1:4540 R2:1000 R3:4 R4:160000 R5:4716 R6:7774 R7:1106
[LOG_TRACE] 001106 010001: mov R0, R1
[LOG_TRACE] R0:4470 R1:4470 R2:1000 R3:4 R4:160000 R5:4716 R6:7774 R7:1110
[LOG_TRACE] 001110 162700: sub #50, R0
[LOG_TRACE] R0:4420 R1:4470 R2:1000 R3:4 R4:160000 R5:4716 R6:7774 R7:1114
[LOG_TRACE] 001114 103374: bcc 001106
[LOG_TRACE] R0:4420 R1:4470 R2:1000 R3:4 R4:160000 R5:4716 R6:7774 R7:1106
[LOG_TRACE] 001106 010001: mov R0, R1
[LOG_TRACE] R0:4420 R1:4420 R2:1000 R3:4 R4:160000 R5:4716 R6:7774 R7:1110
[LOG_TRACE] 001110 162700: sub #50, R0
[LOG_TRACE] R0:4350 R1:4420 R2:1000 R3:4 R4:160000 R5:4716 R6:7774 R7:1114
[LOG_TRACE] 001114 103374: bcc 001106
[LOG_TRACE] R0:4350 R1:4420 R2:1000 R3:4 R4:160000 R5:4716 R6:7774 R7:1106
[LOG_TRACE] 001106 010001: mov R0, R1
[LOG_TRACE] R0:4350 R1:4350 R2:1000 R3:4 R4:160000 R5:4716 R6:7774 R7:1110
[LOG_TRACE] 001110 162700: sub #50, R0
[LOG_TRACE] R0:4300 R1:4350 R2:1000 R3:4 R4:160000 R5:4716 R6:7774 R7:1114
[LOG_TRACE] 001114 103374: bcc 001106
[LOG_TRACE] R0:4300 R1:4350 R2:1000 R3:4 R4:160000 R5:4716 R6:7774 R7:1106
[LOG_TRACE] 001106 010001: mov R0, R1
[LOG_TRACE] R0:4300 R1:4300 R2:1000 R3:4 R4:160000 R5:4716 R6:7774 R7:1110
[LOG_TRACE] 001110 162700: sub #50, R0
[LOG_TRACE] R0:4230 R1:4300 R2:1000 R3:4 R4:160000 R5:4716 R6:7774 R7:1114
[LOG_TRACE] 001114 103374: bcc 001106
[LOG_TRACE] R0:4230 R1:4300 R2:1000 R3:4 R4:160000 R5:4716 R6:7774 R7:1106
[LOG_TRACE] 001106 010001: mov R0, R1
[LOG_TRACE] R0:4230 R1:4230 R2:1000 R3:4 R4:160000 R5:4716 R6:7774 R7:1110
[LOG_TRACE] 001110 162700: sub #50, R0
[LOG_TRACE] R0:4160 R1:4230 R2:1000 R3:4 R4:160000 R5:4716 R6:7774 R7:1114
[LOG_TRACE] 001114 103374: bcc 001106
[LOG_TRACE] R0:4160 R1:4230 R2:1000 R3:4 R4:160000 R5:4716 R6:7774 R7:1106
[LOG_TRACE] 001106 010001: mov R0, R1
[LOG_TRACE] R0:4160 R1:4160 R2:1000 R3:4 R4:160000 R5:4716 R6:7774 R7:1110
[LOG_TRACE] 001110 162700: sub #50, R0
[LOG_TRACE] R0:4110 R1:4160 R2:1000 R3:4 R4:160000 R5:4716 R6:7774 R7:1114
[LOG_TRACE] 001114 103374: bcc 001106
[LOG_TRACE] R0:4110 R1:4160 R2:1000 R3:4 R4:160000 R5:4716 R6:7774 R7:1106
[LOG_TRACE] 001106 010001: mov R0, R1
[LOG_TRACE] R0:4110 R1:4110 R2:1000 R3:4 R4:160000 R5:4716 R6:7774 R7:1110
[LOG_TRACE] 001110 162700: sub #50, R0
[LOG_TRACE] R0:4040 R1:4110 R2:1000 R3:4 R4:160000 R5:4716 R6:7774 R7:1114
[LOG_TRACE] 001114 103374: bcc 001106
[LOG_TRACE] R0:4040 R1:4110 R2:1000 R3:4 R4:160000 R5:4716 R6:7774 R7:1106
[LOG_TRACE] 001106 010001: mov R0, R1
[LOG_TRACE] R0:4040 R1:4040 R2:1000 R3:4 R4:160000 R5:4716 R6:7774 R7:1110
[LOG_TRACE] 001110 162700: sub #50, R0
[LOG_TRACE] R0:3770 R1:4040 R2:1000 R3:4 R4:160000 R5:4716 R6:7774 R7:1114
[LOG_TRACE] 001114 103374: bcc 001106
[LOG_TRACE] R0:3770 R1:4040 R2:1000 R3:4 R4:160000 R5:4716 R6:7774 R7:1106
[LOG_TRACE] 001106 010001: mov R0, R1
[LOG_TRACE] R0:3770 R1:3770 R2:1000 R3:4 R4:160000 R5:4716 R6:7774 R7:1110
[LOG_TRACE] 001110 162700: sub #50, R0
[LOG_TRACE] R0:3720 R1:3770 R2:1000 R3:4 R4:160000 R5:4716 R6:7774 R7:1114
[LOG_TRACE] 001114 103374: bcc 001106
[LOG_TRACE] R0:3720 R1:3770 R2:1000 R3:4 R4:160000 R5:4716 R6:7774 R7:1106
[LOG_TRACE] 001106 010001: mov R0, R1
[LOG_TRACE] R0:3720 R1:3720 R2:1000 R3:4 R4:160000 R5:4716 R6:7774 R7:1110
[LOG_TRACE] 001110 162700: sub #50, R0
[LOG_TRACE] R0:3650 R1:3720 R2:1000 R3:4 R4:160000 R5:4716 R6:7774 R7:1114
[LOG_TRACE] 001114 103374: bcc 001106
[LOG_TRACE] R0:3650 R1:3720 R2:1000 R3:4 R4:160000 R5:4716 R6:7774 R7:1106
[LOG_TRACE] 001106 010001: mov R0, R1
[LOG_TRACE] R0:3650 R1:3650 R2:1000 R3:4 R4:160000 R5:4716 R6:7774 R7:1110
[LOG_TRACE] 001110 162700: sub #50, R0
[LOG_TRACE] R0:3600 R1:3650 R2:1000 R3:4 R4:160000 R5:4716 R6:7774 R7:1114
[LOG_TRACE] 001114 103374: bcc 001106
[LOG_TRACE] R0:3600 R1:3650 R2:1000 R3:4 R4:160000 R5:4716 R6:7774 R7:1106
[LOG_TRACE] 001106 010001: mov R0, R1
[LOG_TRACE] R0:3600 R1:3600 R2:1000 R3:4 R4:160000 R5:4716 R6:7774 R7:1110
[LOG_TRACE] 001110 162700: sub #50, R0
[LOG_TRACE] R0:3530 R1:3600 R2:1000 R3:4 R4:160000 R5:4716 R6:7774 R7:1114
[LOG_TRACE] 001114 103374: bcc 001106
[LOG_TRACE] R0:3530 R1:3600 R2:1000 R3:4 R4:160000 R5:4716 R6:7774 R7:1106
[LOG_TRACE] 001106 010001: mov R0, R1
[LOG_TRACE] R0:3530 R1:3530 R2:1000 R3:4 R4:160000 R5:4716 R6:7774 R7:1110
[LOG_TRACE] 001110 162700: sub #50, R0
[LOG_TRACE] R0:3460 R1:3530 R2:1000 R3:4 R4:160000 R5:4716 R6:7774 R7:1114
[LOG_TRACE] 001114 103374: bcc 001106
[LOG_TRACE] R0:3460 R1:3530 R2:1000 R3:4 R4:160000 R5:4716 R6:7774 R7:1106
[LOG_TRACE] 001106 010001: mov R0, R1
[LOG_TRACE] R0:3460 R1:3460 R2:1000 R3:4 R4:160000 R5:4716 R6:7774 R7:1110
[LOG_TRACE] 001110 162700: sub #50, R0
[LOG_TRACE] R0:3410 R1:3460 R2:1000 R3:4 R4:160000 R5:4716 R6:7774 R7:1114
[LOG_TRACE] 001114 103374: bcc 001106
[LOG_TRACE] R0:3410 R1:3460 R2:1000 R3:4 R4:160000 R5:4716 R6:7774 R7:1106
[LOG_TRACE] 001106 010001: mov R0, R1
[LOG_TRACE] R0:3410 R1:3410 R2:1000 R3:4 R4:160000 R5:4716 R6:7774 R7:1110
[LOG_TRACE] 001110 162700: sub #50, R0
[LOG_TRACE] R0:3340 R1:3410 R2:1000 R3:4 R4:160000 R5:4716 R6:7774 R7:1114
[LOG_TRACE] 001114 103374: bcc 001106
[LOG_TRACE] R0:3340 R1:3410 R2:1000 R3:4 R4:160000 R5:4716 R6:7774 R7:1106
[LOG_TRACE] 001106 010001: mov R0, R1
[LOG_TRACE] R0:3340 R1:3340 R2:1000 R3:4 R4:160000 R5:4716 R6:7774 R7:1110
[LOG_TRACE] 001110 162700: sub #50, R0
[LOG_TRACE] R0:3270 R1:3340 R2:1000 R3:4 R4:160000 R5:4716 R6:7774 R7:1114
[LOG_TRACE] 001114 103374: bcc 001106
[LOG_TRACE] R0:3270 R1:3340 R2:1000 R3:4 R4:160000 R5:4716 R6:7774 R7:1106
[LOG_TRACE] 001106 010001: mov R0, R1
[LOG_TRACE] R0:3270 R1:3270 R2:1000 R3:4 R4:160000 R5:4716 R6:7774 R7:1110
[LOG_TRACE] 001110 162700: sub #50, R0
[LOG_TRACE] R0:3220 R1:3270 R2:1000 R3:4 R4:160000 R5:4716 R6:7774 R7:1114
[LOG_TRACE] 001114 103374: bcc 001106
[LOG_TRACE] R0:3220 R1:3270 R2:1000 R3:4 R4:160000 R5:4716 R6:7774 R7:1106
[LOG_TRACE] 001106 010001: mov R0, R1
[LOG_TRACE] R0:3220 R1:3220 R2:1000 R3:4 R4:160000 R5:4716 R6:7774 R7:1110
[LOG_TRACE] 001110 162700: sub #50, R0
[LOG_TRACE] R0:3150 R1:3220 R2:1000 R3:4 R4:160000 R5:4716 R6:7774 R7:1114
[LOG_TRACE] 001114 103374: bcc 001106
[LOG_TRACE] R0:3150 R1:3220 R2:1000 R3:4 R4:160000 R5:4716 R6:7774 R7:1106
[LOG_TRACE] 001106 010001: mov R0, R1
[LOG_TRACE] R0:3150 R1:3150 R2:1000 R3:4 R4:160000 R5:4716 R6:7774 R7:1110
[LOG_TRACE] 001110 162700: sub #50, R0
[LOG_TRACE] R0:3100 R1:3150 R2:1000 R3:4 R4:160000 R5:4716 R6:7774 R7:1114
[LOG_TRACE] 001114 103374: bcc 001106
[LOG_TRACE] R0:3100 R1:3150 R2:1000 R3:4 R4:160000 R5:4716 R6:7774 R7:1106
[LOG_TRACE] 001106 010001: mov R0, R1
[LOG_TRACE] R0:3100 R1:3100 R2:1000 R3:4 R4:160000 R5:4716 R6:7774 R7:1110
[LOG_TRACE] 001110 162700: sub #50, R0
[LOG_TRACE] R0:3030 R1:3100 R2:1000 R3:4 R4:160000 R5:4716 R6:7774 R7:1114
[LOG_TRACE] 001114 103374: bcc 001106
[LOG_TRACE] R0:3030 R1:3100 R2:1000 R3:4 R4:160000 R5:4716 R6:7774 R7:1106
[LOG_TRACE] 001106 010001: mov R0, R1
[LOG_TRACE] R0:3030 R1:3030 R2:1000 R3:4 R4:160000 R5:4716 R6:7774 R7:1110
[LOG_TRACE] 001110 162700: sub #50, R0
[LOG_TRACE] R0:2760 R1:3030 R2:1000 R3:4 R4:160000 R5:4716 R6:7774 R7:1114
[LOG_TRACE] 001114 103374: bcc 001106
[LOG_TRACE] R0:2760 R1:3030 R2:1000 R3:4 R4:160000 R5:4716 R6:7774 R7:1106
[LOG_TRACE] 001106 010001: mov R0, R1
[LOG_TRACE] R0:2760 R1:2760 R2:1000 R3:4 R4:160000 R5:4716 R6:7774 R7:1110
[LOG_TRACE] 001110 162700: sub #50, R0
[LOG_TRACE] R0:2710 R1:2760 R2:1000 R3:4 R4:160000 R5:4716 R6:7774 R7:1114
[LOG_TRACE] 001114 103374: bcc 001106
[LOG_TRACE] R0:2710 R1:2760 R2:1000 R3:4 R4:160000 R5:4716 R6:7774 R7:1106
[LOG_TRACE] 001106 010001: mov R0, R1
[LOG_TRACE] R0:2710 R1:2710 R2:1000 R3:4 R4:160000 R5:4716 R6:7774 R7:1110
[LOG_TRACE] 001110 162700: sub #50, R0
[LOG_TRACE] R0:2640 R1:2710 R2:1000 R3:4 R4:160000 R5:4716 R6:7774 R7:1114
[LOG_TRACE] 001114 103374: bcc 001106
[LOG_TRACE] R0:2640 R1:2710 R2:1000 R3:4 R4:160000 R5:4716 R6:7774 R7:1106
[LOG_TRACE] 001106 010001: mov R0, R1
[LOG_TRACE] R0:2640 R1:2640 R2:1000 R3:4 R4:160000 R5:4716 R6:7774 R7:1110
[LOG_TRACE] 001110 162700: sub #50, R0
[LOG_TRACE] R0:2570 R1:2640 R2:1000 R3:4 R4:160000 R5:4716 R6:7774 R7:1114
[LOG_TRACE] 001114 103374: bcc 001106
[LOG_TRACE] R0:2570 R1:2640 R2:1000 R3:4 R4:160000 R5:4716 R6:7774 R7:1106
[LOG_TRACE] 001106 010001: mov R0, R1
[LOG_TRACE] R0:2570 R1:2570 R2:1000 R3:4 R4:160000 R5:4716 R6:7774 R7:1110
[LOG_TRACE] 001110 162700: sub #50, R0
[LOG_TRACE] R0:2520 R1:2570 R2:1000 R3:4 R4:160000 R5:4716 R6:7774 R7:1114
[LOG_TRACE] 001114 103374: bcc 001106
[LOG_TRACE] R0:2520 R1:2570 R2:1000 R3:4 R4:160000 R5:4716 R6:7774 R7:1106
[LOG_TRACE] 001106 010001: mov R0, R1
[LOG_TRACE] R0:2520 R1:2520 R2:1000 R3:4 R4:160000 R5:4716 R6:7774 R7:1110
[LOG_TRACE] 001110 162700: sub #50, R0
[LOG_TRACE] R0:2450 R1:2520 R2:1000 R3:4 R4:160000 R5:4716 R6:7774 R7:1114
[LOG_TRACE] 001114 103374: bcc 001106
[LOG_TRACE] R0:2450 R1:2520 R2:1000 R3:4 R4:160000 R5:4716 R6:7774 R7:1106
[LOG_TRACE] 001106 010001: mov R0, R1
[LOG_TRACE] R0:2450 R1:2450 R2:1000 R3:4 R4:160000 R5:4716 R6:7774 R7:1110
[LOG_TRACE] 001110 162700: sub #50, R0
[LOG_TRACE] R0:2400 R1:2450 R2:1000 R3:4 R4:160000 R5:4716 R6:7774 R7:1114
[LOG_TRACE] 001114 103374: bcc 001106
[LOG_TRACE] R0:2400 R1:2450 R2:1000 R3:4 R4:160000 R5:4716 R6:7774 R7:1106
[LOG_TRACE] 001106 010001: mov R0, R1
[LOG_TRACE] R0:2400 R1:2400 R2:1000 R3:4 R4:160000 R5:4716 R6:7774 R7:1110
[LOG_TRACE] 001110 162700: sub #50, R0
[LOG_TRACE] R0:2330 R1:2400 R2:1000 R3:4 R4:160000 R5:4716 R6:7774 R7:1114
[LOG_TRACE] 001114 103374: bcc 001106
[LOG_TRACE] R0:2330 R1:2400 R2:1000 R3:4 R4:160000 R5:4716 R6:7774 R7:1106
[LOG_TRACE] 001106 010001: mov R0, R1
[LOG_TRACE] R0:2330 R1:2330 R2:1000 R3:4 R4:160000 R5:4716 R6:7774 R7:1110
[LOG_TRACE] 001110 162700: sub #50, R0
[LOG_TRACE] R0:2260 R1:2330 R2:1000 R3:4 R4:160000 R5:4716 R6:7774 R7:1114
[LOG_TRACE] 001114 103374: bcc 001106
[LOG_TRACE] R0:2260 R1:2330 R2:1000 R3:4 R4:160000 R5:4716 R6:7774 R7:1106
[LOG_TRACE] 001106 010001: mov R0, R1
[LOG_TRACE] R0:2260 R1:2260 R2:1000 R3:4 R4:160000 R5:4716 R6:7774 R7:1110
[LOG_TRACE] 001110 162700: sub #50, R0
[LOG_TRACE] R0:2210 R1:2260 R2:1000 R3:4 R4:160000 R5:4716 R6:7774 R7:1114
[LOG_TRACE] 001114 103374: bcc 001106
[LOG_TRACE] R0:2210 R1:2260 R2:1000 R3:4 R4:160000 R5:4716 R6:7774 R7:1106
[LOG_TRACE] 001106 010001: mov R0, R1
[LOG_TRACE] R0:2210 R1:2210 R2:1000 R3:4 R4:160000 R5:4716 R6:7774 R7:1110
[LOG_TRACE] 001110 162700: sub #50, R0
[LOG_TRACE] R0:2140 R1:2210 R2:1000 R3:4 R4:160000 R5:4716 R6:7774 R7:1114
[LOG_TRACE] 001114 103374: bcc 001106
[LOG_TRACE] R0:2140 R1:2210 R2:1000 R3:4 R4:160000 R5:4716 R6:7774 R7:1106
[LOG_TRACE] 001106 010001: mov R0, R1
[LOG_TRACE] R0:2140 R1:2140 R2:1000 R3:4 R4:160000 R5:4716 R6:7774 R7:1110
[LOG_TRACE] 001110 162700: sub #50, R0
[LOG_TRACE] R0:2070 R1:2140 R2:1000 R3:4 R4:160000 R5:4716 R6:7774 R7:1114
[LOG_TRACE] 001114 103374: bcc 001106
[LOG_TRACE] R0:2070 R1:2140 R2:1000 R3:4 R4:160000 R5:4716 R6:7774 R7:1106
[LOG_TRACE] 001106 010001: mov R0, R1
[LOG_TRACE] R0:2070 R1:2070 R2:1000 R3:4 R4:160000 R5:4716 R6:7774 R7:1110
[LOG_TRACE] 001110 162700: sub #50, R0
[LOG_TRACE] R0:2020 R1:2070 R2:1000 R3:4 R4:160000 R5:4716 R6:7774 R7:1114
[LOG_TRACE] 001114 103374: bcc 001106
[LOG_TRACE] R0:2020 R1:2070 R2:1000 R3:4 R4:160000 R5:4716 R6:7774 R7:1106
[LOG_TRACE] 001106 010001: mov R0, R1
[LOG_TRACE] R0:2020 R1:2020 R2:1000 R3:4 R4:160000 R5:4716 R6:7774 R7:1110
[LOG_TRACE] 001110 162700: sub #50, R0
[LOG_TRACE] R0:1750 R1:2020 R2:1000 R3:4 R4:160000 R5:4716 R6:7774 R7:1114
[LOG_TRACE] 001114 103374: bcc 001106
[LOG_TRACE] R0:1750 R1:2020 R2:1000 R3:4 R4:160000 R5:4716 R6:7774 R7:1106
[LOG_TRACE] 001106 010001: mov R0, R1
[LOG_TRACE] R0:1750 R1:1750 R2:1000 R3:4 R4:160000 R5:4716 R6:7774 R7:1110
[LOG_TRACE] 001110 162700: sub #50, R0
[LOG_TRACE] R0:1700 R1:1750 R2:1000 R3:4 R4:160000 R5:4716 R6:7774 R7:1114
[LOG_TRACE] 001114 103374: bcc 001106
[LOG_TRACE] R0:1700 R1:1750 R2:1000 R3:4 R4:160000 R5:4716 R6:7774 R7:1106
[LOG_TRACE] 001106 010001: mov R0, R1
[LOG_TRACE] R0:1700 R1:1700 R2:1000 R3:4 R4:160000 R5:4716 R6:7774 R7:1110
[LOG_TRACE] 001110 162700: sub #50, R0
[LOG_TRACE] R0:1630 R1:1700 R2:1000 R3:4 R4:160000 R5:4716 R6:7774 R7:1114
[LOG_TRACE] 001114 103374: bcc 001106
[LOG_TRACE] R0:1630 R1:1700 R2:1000 R3:4 R4:160000 R5:4716 R6:7774 R7:1106
[LOG_TRACE] 001106 010001: mov R0, R1
[LOG_TRACE] R0:1630 R1:1630 R2:1000 R3:4 R4:160000 R5:4716 R6:7774 R7:1110
[LOG_TRACE] 001110 162700: sub #50, R0
[LOG_TRACE] R0:1560 R1:1630 R2:1000 R3:4 R4:160000 R5:4716 R6:7774 R7:1114
[LOG_TRACE] 001114 103374: bcc 001106
[LOG_TRACE] R0:1560 R1:1630 R2:1000 R3:4 R4:160000 R5:4716 R6:7774 R7:1106
[LOG_TRACE] 001106 010001: mov R0, R1
[LOG_TRACE] R0:1560 R1:1560 R2:1000 R3:4 R4:160000 R5:4716 R6:7774 R7:1110
[LOG_TRACE] 001110 162700: sub #50, R0
[LOG_TRACE] R0:1510 R1:1560 R2:1000 R3:4 R4:160000 R5:4716 R6:7774 R7:1114
[LOG_TRACE] 001114 103374: bcc 001106
[LOG_TRACE] R0:1510 R1:1560 R2:1000 R3:4 R4:160000 R5:4716 R6:7774 R7:1106
[LOG_TRACE] 001106 010001: mov R0, R1
[LOG_TRACE] R0:1510 R1:1510 R2:1000 R3:4 R4:160000 R5:4716 R6:7774 R7:1110
[LOG_TRACE] 001110 162700: sub #50, R0
[LOG_TRACE] R0:1440 R1:1510 R2:1000 R3:4 R4:160000 R5:4716 R6:7774 R7:1114
[LOG_TRACE] 001114 103374: bcc 001106
[LOG_TRACE] R0:1440 R1:1510 R2:1000 R3:4 R4:160000 R5:4716 R6:7774 R7:1106
[LOG_TRACE] 001106 010001: mov R0, R1
[LOG_TRACE] R0:1440 R1:1440 R2:1000 R3:4 R4:160000 R5:4716 R6:7774 R7:1110
[LOG_TRACE] 001110 162700: sub #50, R0
[LOG_TRACE] R0:1370 R1:1440 R2:1000 R3:4 R4:160000 R5:4716 R6:7774 R7:1114
[LOG_TRACE] 001114 103374: bcc 001106
[LOG_TRACE] R0:1370 R1:1440 R2:1000 R3:4 R4:160000 R5:4716 R6:7774 R7:1106
[LOG_TRACE] 001106 010001: mov R0, R1
[LOG_TRACE] R0:1370 R1:1370 R2:1000 R3:4 R4:160000 R5:4716 R6:7774 R7:1110
[LOG_TRACE] 001110 162700: sub #50, R0
[LOG_TRACE] R0:1320 R1:1370 R2:1000 R3:4 R4:160000 R5:4716 R6:7774 R7:1114
[LOG_TRACE] 001114 103374: bcc 001106
[LOG_TRACE] R0:1320 R1:1370 R2:1000 R3:4 R4:160000 R5:4716 R6:7774 R7:1106
[LOG_TRACE] 001106 010001: mov R0, R1
[LOG_TRACE] R0:1320 R1:1320 R2:1000 R3:4 R4:160000 R5:4716 R6:7774 R7:1110
[LOG_TRACE] 001110 162700: sub #50, R0
[LOG_TRACE] R0:1250 R1:1320 R2:1000 R3:4 R4:160000 R5:4716 R6:7774 R7:1114
[LOG_TRACE] 001114 103374: bcc 001106
[LOG_TRACE] R0:1250 R1:1320 R2:1000 R3:4 R4:160000 R5:4716 R6:7774 R7:1106
[LOG_TRACE] 001106 010001: mov R0, R1
[LOG_TRACE] R0:1250 R1:1250 R2:1000 R3:4 R4:160000 R5:4716 R6:7774 R7:1110
[LOG_TRACE] 001110 162700: sub #50, R0
[LOG_TRACE] R0:1200 R1:1250 R2:1000 R3:4 R4:160000 R5:4716 R6:7774 R7:1114
[LOG_TRACE] 001114 103374: bcc 001106
[LOG_TRACE] R0:1200 R1:1250 R2:1000 R3:4 R4:160000 R5:4716 R6:7774 R7:1106
[LOG_TRACE] 001106 010001: mov R0, R1
[LOG_TRACE] R0:1200 R1:1200 R2:1000 R3:4 R4:160000 R5:4716 R6:7774 R7:1110
[LOG_TRACE] 001110 162700: sub #50, R0
[LOG_TRACE] R0:1130 R1:1200 R2:1000 R3:4 R4:160000 R5:4716 R6:7774 R7:1114
[LOG_TRACE] 001114 103374: bcc 001106
[LOG_TRACE] R0:1130 R1:1200 R2:1000 R3:4 R4:160000 R5:4716 R6:7774 R7:1106
[LOG_TRACE] 001106 010001: mov R0, R1
[LOG_TRACE] R0:1130 R1:1130 R2:1000 R3:4 R4:160000 R5:4716 R6:7774 R7:1110
[LOG_TRACE] 001110 162700: sub #50, R0
[LOG_TRACE] R0:1060 R1:1130 R2:1000 R3:4 R4:160000 R5:4716 R6:7774 R7:1114
[LOG_TRACE] 001114 103374: bcc 001106
[LOG_TRACE] R0:1060 R1:1130 R2:1000 R3:4 R4:160000 R5:4716 R6:7774 R7:1106
[LOG_TRACE] 001106 010001: mov R0, R1
[LOG_TRACE] R0:1060 R1:1060 R2:1000 R3:4 R4:160000 R5:4716 R6:7774 R7:1110
[LOG_TRACE] 001110 162700: sub #50, R0
[LOG_TRACE] R0:1010 R1:1060 R2:1000 R3:4 R4:160000 R5:4716 R6:7774 R7:1114
[LOG_TRACE] 001114 103374: bcc 001106
[LOG_TRACE] R0:1010 R1:1060 R2:1000 R3:4 R4:160000 R5:4716 R6:7774 R7:1106
[LOG_TRACE] 001106 010001: mov R0, R1
[LOG_TRACE] R0:1010 R1:1010 R2:1000 R3:4 R4:160000 R5:4716 R6:7774 R7:1110
[LOG_TRACE] 001110 162700: sub #50, R0
[LOG_TRACE] R0:740 R1:1010 R2:1000 R3:4 R4:160000 R5:4716 R6:7774 R7:1114
[LOG_TRACE] 001114 103374: bcc 001106
[LOG_TRACE] R0:740 R1:1010 R2:1000 R3:4 R4:160000 R5:4716 R6:7774 R7:1106
[LOG_TRACE] 001106 010001: mov R0, R1
[LOG_TRACE] R0:740 R1:740 R2:1000 R3:4 R4:160000 R5:4716 R6:7774 R7:1110
[LOG_TRACE] 001110 162700: sub #50, R0
[LOG_TRACE] R0:670 R1:740 R2:1000 R3:4 R4:160000 R5:4716 R6:7774 R7:1114
[LOG_TRACE] 001114 103374: bcc 001106
[LOG_TRACE] R0:670 R1:740 R2:1000 R3:4 R4:160000 R5:4716 R6:7774 R7:1106
[LOG_TRACE] 001106 010001: mov R0, R1
[LOG_TRACE] R0:670 R1:670 R2:1000 R3:4 R4:160000 R5:4716 R6:7774 R7:1110
[LOG_TRACE] 001110 162700: sub #50, R0
[LOG_TRACE] R0:620 R1:670 R2:1000 R3:4 R4:160000 R5:4716 R6:7774 R7:1114
[LOG_TRACE] 001114 103374: bcc 001106
[LOG_TRACE] R0:620 R1:670 R2:1000 R3:4 R4:160000 R5:4716 R6:7774 R7:1106
[LOG_TRACE] 001106 010001: mov R0, R1
[LOG_TRACE] R0:620 R1:620 R2:1000 R3:4 R4:160000 R5:4716 R6:7774 R7:1110
[LOG_TRACE] 001110 162700: sub #50, R0
[LOG_TRACE] R0:550 R1:620 R2:1000 R3:4 R4:160000 R5:4716 R6:7774 R7:1114
[LOG_TRACE] 001114 103374: bcc 001106
[LOG_TRACE] R0:550 R1:620 R2:1000 R3:4 R4:160000 R5:4716 R6:7774 R7:1106
[LOG_TRACE] 001106 010001: mov R0, R1
[LOG_TRACE] R0:550 R1:550 R2:1000 R3:4 R4:160000 R5:4716 R6:7774 R7:1110
[LOG_TRACE] 001110 162700: sub #50, R0
[LOG_TRACE] R0:500 R1:550 R2:1000 R3:4 R4:160000 R5:4716 R6:7774 R7:1114
[LOG_TRACE] 001114 103374: bcc 001106
[LOG_TRACE] R0:500 R1:550 R2:1000 R3:4 R4:160000 R5:4716 R6:7774 R7:1106
[LOG_TRACE] 001106 010001: mov R0, R1
[LOG_TRACE] R0:500 R1:500 R2:1000 R3:4 R4:160000 R5:4716 R6:7774 R7:1110
[LOG_TRACE] 001110 162700: sub #50, R0
[LOG_TRACE] R0:430 R1:500 R2:1000 R3:4 R4:160000 R5:4716 R6:7774 R7:1114
[LOG_TRACE] 001114 103374: bcc 001106
[LOG_TRACE] R0:430 R1:500 R2:1000 R3:4 R4:160000 R5:4716 R6:7774 R7:1106
[LOG_TRACE] 001106 010001: mov R0, R1
[LOG_TRACE] R0:430 R1:430 R2:1000 R3:4 R4:160000 R5:4716 R6:7774 R7:1110
[LOG_TRACE] 001110 162700: sub #50, R0
[LOG_TRACE] R0:360 R1:430 R2:1000 R3:4 R4:160000 R5:4716 R6:7774 R7:1114
[LOG_TRACE] 001114 103374: bcc 001106
[LOG_TRACE] R0:360 R1:430 R2:1000 R3:4 R4:160000 R5:4716 R6:7774 R7:1106
[LOG_TRACE] 001106 010001: mov R0, R1
[LOG_TRACE] R0:360 R1:360 R2:1000 R3:4 R4:160000 R5:4716 R6:7774 R7:1110
[LOG_TRACE] 001110 162700: sub #50, R0
[LOG_TRACE] R0:310 R1:360 R2:1000 R3:4 R4:160000 R5:4716 R6:7774 R7:1114
[LOG_TRACE] 001114 103374: bcc 001106
[LOG_TRACE] R0:310 R1:360 R2:1000 R3:4 R4:160000 R5:4716 R6:7774 R7:1106
[LOG_TRACE] 001106 010001: mov R0, R1
[LOG_TRACE] R0:310 R1:310 R2:1000 R3:4 R4:160000 R5:4716 R6:7774 R7:1110
[LOG_TRACE] 001110 162700: sub #50, R0
[LOG_TRACE] R0:240 R1:310 R2:1000 R3:4 R4:160000 R5:4716 R6:7774 R7:1114
[LOG_TRACE] 001114 103374: bcc 001106
[LOG_TRACE] R0:240 R1:310 R2:1000 R3:4 R4:160000 R5:4716 R6:7774 R7:1106
[LOG_TRACE] 001106 010001: mov R0, R1
[LOG_TRACE] R0:240 R1:240 R2:1000 R3:4 R4:160000 R5:4716 R6:7774 R7:1110
[LOG_TRACE] 001110 162700: sub #50, R0
[LOG_TRACE] R0:170 R1:240 R2:1000 R3:4 R4:160000 R5:4716 R6:7774 R7:1114
[LOG_TRACE] 001114 103374: bcc 001106
[LOG_TRACE] R0:170 R1:240 R2:1000 R3:4 R4:160000 R5:4716 R6:7774 R7:1106
[LOG_TRACE] 001106 010001: mov R0, R1
[LOG_TRACE] R0:170 R1:170 R2:1000 R3:4 R4:160000 R5:4716 R6:7774 R7:1110
[LOG_TRACE] 001110 162700: sub #50, R0
[LOG_TRACE] R0:120 R1:170 R2:1000 R3:4 R4:160000 R5:4716 R6:7774 R7:1114
[LOG_TRACE] 001114 103374: bcc 001106
[LOG_TRACE] R0:120 R1:170 R2:1000 R3:4 R4:160000 R5:4716 R6:7774 R7:1106
[LOG_TRACE] 001106 010001: mov R0, R1
[LOG_TRACE] R0:120 R1:120 R2:1000 R3:4 R4:160000 R5:4716 R6:7774 R7:1110
[LOG_TRACE] 001110 162700: sub #50, R0
[LOG_TRACE] R0:50 R1:120 R2:1000 R3:4 R4:160000 R5:4716 R6:7774 R7:1114
[LOG_TRACE] 001114 103374: bcc 001106
[LOG_TRACE] R0:50 R1:120 R2:1000 R3:4 R4:160000 R5:4716 R6:7774 R7:1106
[LOG_TRACE] 001106 010001: mov R0, R1
[LOG_TRACE] R0:50 R1:50 R2:1000 R3:4 R4:160000 R5:4716 R6:7774 R7:1110
[LOG_TRACE] 001110 162700: sub #50, R0
[LOG_TRACE] R0:0 R1:50 R2:1000 R3:4 R4:160000 R5:4716 R6:7774 R7:1114
[LOG_TRACE] 001114 103374: bcc 001106
[LOG_TRACE] R0:0 R1:50 R2:1000 R3:4 R4:160000 R5:4716 R6:7774 R7:1106
[LOG_TRACE] 001106 010001: mov R0, R1
[LOG_TRACE] R0:0 R1:0 R2:1000 R3:4 R4:160000 R5:4716 R6:7774 R7:1110
[LOG_TRACE] 001110 162700: sub #50, R0
[LOG_TRACE] R0:177730 R1:0 R2:1000 R3:4 R4:160000 R5:4716 R6:7774 R7:1114
[LOG_TRACE] 001114 103374: bcc 001106
[LOG_TRACE] R0:177730 R1:0 R2:1000 R3:4 R4:160000 R5:4716 R6:7774 R7:1116
[LOG_TRACE] 001116 160115: sub R1, (R5)
[LOG_TRACE] R0:177730 R1:0 R2:1000 R3:4 R4:160000 R5:4716 R6:7774 R7:1120
[LOG_TRACE] 001120 012515: mov (R5)+, (R5)
[LOG_TRACE] R0:177730 R1:0 R2:1000 R3:4 R4:160000 R5:4720 R6:7774 R7:1122
[LOG_TRACE] 001122 066745: add 4774, -(R5)
[LOG_TRACE] R0:177730 R1:0 R2:1000 R3:4 R4:160000 R5:4716 R6:7774 R7:1126
[LOG_TRACE] 001126 012701: mov #3420, R1
[LOG_TRACE] R0:177730 R1:3420 R2:1000 R3:4 R4:160000 R5:4716 R6:7774 R7:1132
[LOG_TRACE] 001132 010100: mov R1, R0
[LOG_TRACE] R0:3420 R1:3420 R2:1000 R3:4 R4:160000 R5:4716 R6:7774 R7:1134
[LOG_TRACE] 001134 005737: tst @#177776
[LOG_TRACE] R0:3420 R1:3420 R2:1000 R3:4 R4:160000 R5:4716 R6:7774 R7:1140
[LOG_TRACE] 001140 042140: bic (R1)+, -(R0)
[LOG_TRACE] R0:3416 R1:3422 R2:1000 R3:4 R4:160000 R5:4716 R6:7774 R7:1142
[LOG_TRACE] 001142 005737: tst @#177546
[LOG_TRACE] R0:3416 R1:3422 R2:1000 R3:4 R4:160000 R5:4716 R6:7774 R7:1146
[LOG_TRACE] 001146 052110: bis (R1)+, (R0)
[LOG_TRACE] R0:3416 R1:3424 R2:1000 R3:4 R4:160000 R5:4716 R6:7774 R7:1150
[LOG_TRACE] 001150 001002: bne 001156
[LOG_TRACE] R0:3416 R1:3424 R2:1000 R3:4 R4:160000 R5:4716 R6:7774 R7:1156
[LOG_TRACE] 001156 052110: bis (R1)+, (R0)
[LOG_TRACE] R0:3416 R1:3426 R2:1000 R3:4 R4:160000 R5:4716 R6:7774 R7:1160
[LOG_TRACE] 001160 170000: setf
[LOG_TRACE] R0:3416 R1:3426 R2:1000 R3:4 R4:160000 R5:4716 R6:7774 R7:1162
[LOG_TRACE] 001162 052110: bis (R1)+, (R0)
[LOG_TRACE] R0:3416 R1:3430 R2:1000 R3:4 R4:160000 R5:4716 R6:7774 R7:1164
[LOG_TRACE] 001164 005737: tst @#172000
[LOG_TRACE] R0:3416 R1:3430 R2:1000 R3:4 R4:160000 R5:4716 R6:7774 R7:1170
[LOG_TRACE] 001170 052110: bis (R1)+, (R0)
[LOG_TRACE] R0:3416 R1:3432 R2:1000 R3:4 R4:160000 R5:4716 R6:7774 R7:1172
[LOG_TRACE] 001172 005737: tst @#172540
[LOG_TRACE] R0:3416 R1:3432 R2:1000 R3:4 R4:160000 R5:4716 R6:7774 R7:1176
[LOG_TRACE] 001176 052110: bis (R1)+, (R0)
[LOG_TRACE] R0:3416 R1:3434 R2:1000 R3:4 R4:160000 R5:4716 R6:7774 R7:1200
[LOG_TRACE] 001200 021527: cmp (R5), #62240
[LOG_TRACE] R0:3416 R1:3434 R2:1000 R3:4 R4:160000 R5:4716 R6:7774 R7:1204
[LOG_TRACE] 001204 001003: bne 001214
[LOG_TRACE] R0:3416 R1:3434 R2:1000 R3:4 R4:160000 R5:4716 R6:7774 R7:1214
[LOG_TRACE] 001214 005740: tst -(R0)
[LOG_TRACE] R0:3414 R1:3434 R2:1000 R3:4 R4:160000 R5:4716 R6:7774 R7:1216
[LOG_TRACE] 001216 005037: clr @#172032
[LOG_TRACE] R0:3414 R1:3434 R2:1000 R3:4 R4:160000 R5:4716 R6:7774 R7:1222
[LOG_TRACE] 001222 052110: bis (R1)+, (R0)
[LOG_TRACE] R0:3414 R1:3436 R2:1000 R3:4 R4:160000 R5:4716 R6:7774 R7:1224
[LOG_TRACE] 001224 005037: clr @#177746
[LOG_TRACE] R0:3414 R1:3436 R2:1000 R3:4 R4:160000 R5:4716 R6:7774 R7:1230
[LOG_TRACE] 001230 052110: bis (R1)+, (R0)
[LOG_TRACE] R0:3414 R1:3440 R2:1000 R3:4 R4:160000 R5:4716 R6:7774 R7:1232
[LOG_TRACE] 001232 005737: tst @#177760
[LOG_TRACE] R0:3414 R1:3440 R2:1000 R3:4 R4:160000 R5:4716 R6:7774 R7:1236
[LOG_TRACE] 001236 052110: bis (R1)+, (R0)
[LOG_TRACE] R0:3414 R1:3442 R2:1000 R3:4 R4:160000 R5:4716 R6:7774 R7:1240
[LOG_TRACE] 001240 012703: mov #3, R3
[LOG_TRACE] R0:3414 R1:3442 R2:1000 R3:3 R4:160000 R5:4716 R6:7774 R7:1244
[LOG_TRACE] 001244 070303: mul R3, R3
[LOG_TRACE] R0:3414 R1:3442 R2:1000 R3:11 R4:160000 R5:4716 R6:7774 R7:1246
[LOG_TRACE] 001246 022703: cmp #11, R3
[LOG_TRACE] R0:3414 R1:3442 R2:1000 R3:11 R4:160000 R5:4716 R6:7774 R7:1252
[LOG_TRACE] 001252 001401: beq 001256
[LOG_TRACE] R0:3414 R1:3442 R2:1000 R3:11 R4:160000 R5:4716 R6:7774 R7:1256
[LOG_TRACE] 001256 052110: bis (R1)+, (R0)
[LOG_TRACE] R0:3414 R1:3444 R2:1000 R3:11 R4:160000 R5:4716 R6:7774 R7:1260
[LOG_TRACE] 001260 013702: mov @#177570, R2
[LOG_TRACE] R0:3414 R1:3444 R2:0 R3:11 R4:160000 R5:4716 R6:7774 R7:1264
[LOG_TRACE] 001264 052110: bis (R1)+, (R0)
[LOG_TRACE] R0:3414 R1:3446 R2:0 R3:11 R4:160000 R5:4716 R6:7774 R7:1266
[LOG_TRACE] 001266 012737: mov #0, @#177570
[LOG_TRACE] R0:3414 R1:3446 R2:0 R3:11 R4:160000 R5:4716 R6:7774 R7:1274
[LOG_TRACE] 001274 052110: bis (R1)+, (R0)
[LOG_TRACE] R0:3414 R1:3450 R2:0 R3:11 R4:160000 R5:4716 R6:7774 R7:1276
[LOG_TRACE] 001276 032767: bit #4000, 3416
[LOG_TRACE] R0:3414 R1:3450 R2:0 R3:11 R4:160000 R5:4716 R6:7774 R7:1304
[LOG_TRACE] 001304 001005: bne 001320
[LOG_TRACE] R0:3414 R1:3450 R2:0 R3:11 R4:160000 R5:4716 R6:7774 R7:1306
[LOG_TRACE] 001306 010046: mov R0, -(R6)
[LOG_TRACE] R0:3414 R1:3450 R2:0 R3:11 R4:160000 R5:4716 R6:7772 R7:1310
[LOG_TRACE] 001310 076600: fadd R0
[LOG_TRACE] R0:3420 R1:3450 R2:0 R3:11 R4:160000 R5:4716 R6:7772 R7:1312
[LOG_TRACE] 001312 000100: jmp R0
[LOG_TRACE] R0:3420 R1:3450 R2:0 R3:11 R4:160000 R5:4716 R6:7772 R7:3420
[LOG_TRACE] >>> BUS ERROR TRAP: Saving context and branching to Vector 4...
[LOG_TRACE] 003172 005011: clr (R1)
[LOG_TRACE] R0:3420 R1:3450 R2:0 R3:11 R4:160000 R5:4716 R6:7766 R7:3174
[LOG_TRACE] 003174 000002: rti (R4), (R1)
[LOG_TRACE] >>> RTI: Returned from interrupt. Restored PC: 003422
[LOG_TRACE] R0:3420 R1:3450 R2:0 R3:11 R4:160000 R5:4716 R6:7772 R7:3422
[LOG_TRACE] 003422 160104: sub R1, R4
[LOG_TRACE] R0:3420 R1:3450 R2:0 R3:11 R4:154330 R5:4716 R6:7772 R7:3424
[LOG_TRACE] 003424 100000: bpl 003426
[LOG_TRACE] R0:3420 R1:3450 R2:0 R3:11 R4:154330 R5:4716 R6:7772 R7:3426
[LOG_TRACE] 003426 000100: jmp R0
[LOG_TRACE] R0:3420 R1:3450 R2:0 R3:11 R4:154330 R5:4716 R6:7772 R7:3420
[LOG_TRACE] 003420 041415: bic (R4), (R5)
[LOG_TRACE] R0:3420 R1:3450 R2:0 R3:11 R4:154330 R5:4716 R6:7772 R7:3422
[LOG_TRACE] 003422 160104: sub R1, R4
[LOG_TRACE] R0:3420 R1:3450 R2:0 R3:11 R4:150660 R5:4716 R6:7772 R7:3424
[LOG_TRACE] 003424 100000: bpl 003426
[LOG_TRACE] R0:3420 R1:3450 R2:0 R3:11 R4:150660 R5:4716 R6:7772 R7:3426
[LOG_TRACE] 003426 000100: jmp R0
[LOG_TRACE] R0:3420 R1:3450 R2:0 R3:11 R4:150660 R5:4716 R6:7772 R7:3420
[LOG_TRACE] 003420 041415: bic (R4), (R5)
[LOG_TRACE] R0:3420 R1:3450 R2:0 R3:11 R4:150660 R5:4716 R6:7772 R7:3422
[LOG_TRACE] 003422 160104: sub R1, R4
[LOG_TRACE] R0:3420 R1:3450 R2:0 R3:11 R4:145210 R5:4716 R6:7772 R7:3424
[LOG_TRACE] 003424 100000: bpl 003426
[LOG_TRACE] R0:3420 R1:3450 R2:0 R3:11 R4:145210 R5:4716 R6:7772 R7:3426
[LOG_TRACE] 003426 000100: jmp R0
[LOG_TRACE] R0:3420 R1:3450 R2:0 R3:11 R4:145210 R5:4716 R6:7772 R7:3420
[LOG_TRACE] 003420 041415: bic (R4), (R5)
[LOG_TRACE] R0:3420 R1:3450 R2:0 R3:11 R4:145210 R5:4716 R6:7772 R7:3422
[LOG_TRACE] 003422 160104: sub R1, R4
[LOG_TRACE] R0:3420 R1:3450 R2:0 R3:11 R4:141540 R5:4716 R6:7772 R7:3424
[LOG_TRACE] 003424 100000: bpl 003426
[LOG_TRACE] R0:3420 R1:3450 R2:0 R3:11 R4:141540 R5:4716 R6:7772 R7:3426
[LOG_TRACE] 003426 000100: jmp R0
[LOG_TRACE] R0:3420 R1:3450 R2:0 R3:11 R4:141540 R5:4716 R6:7772 R7:3420
[LOG_TRACE] 003420 041415: bic (R4), (R5)
[LOG_TRACE] R0:3420 R1:3450 R2:0 R3:11 R4:141540 R5:4716 R6:7772 R7:3422
[LOG_TRACE] 003422 160104: sub R1, R4
[LOG_TRACE] R0:3420 R1:3450 R2:0 R3:11 R4:136070 R5:4716 R6:7772 R7:3424
[LOG_TRACE] 003424 100000: bpl 003426
[LOG_TRACE] R0:3420 R1:3450 R2:0 R3:11 R4:136070 R5:4716 R6:7772 R7:3426
[LOG_TRACE] 003426 000100: jmp R0
[LOG_TRACE] R0:3420 R1:3450 R2:0 R3:11 R4:136070 R5:4716 R6:7772 R7:3420
[LOG_TRACE] 003420 041415: bic (R4), (R5)
[LOG_TRACE] R0:3420 R1:3450 R2:0 R3:11 R4:136070 R5:4716 R6:7772 R7:3422
[LOG_TRACE] 003422 160104: sub R1, R4
[LOG_TRACE] R0:3420 R1:3450 R2:0 R3:11 R4:132420 R5:4716 R6:7772 R7:3424
[LOG_TRACE] 003424 100000: bpl 003426
[LOG_TRACE] R0:3420 R1:3450 R2:0 R3:11 R4:132420 R5:4716 R6:7772 R7:3426
[LOG_TRACE] 003426 000100: jmp R0
[LOG_TRACE] R0:3420 R1:3450 R2:0 R3:11 R4:132420 R5:4716 R6:7772 R7:3420
[LOG_TRACE] 003420 041415: bic (R4), (R5)
[LOG_TRACE] R0:3420 R1:3450 R2:0 R3:11 R4:132420 R5:4716 R6:7772 R7:3422
[LOG_TRACE] 003422 160104: sub R1, R4
[LOG_TRACE] R0:3420 R1:3450 R2:0 R3:11 R4:126750 R5:4716 R6:7772 R7:3424
[LOG_TRACE] 003424 100000: bpl 003426
[LOG_TRACE] R0:3420 R1:3450 R2:0 R3:11 R4:126750 R5:4716 R6:7772 R7:3426
[LOG_TRACE] 003426 000100: jmp R0
[LOG_TRACE] R0:3420 R1:3450 R2:0 R3:11 R4:126750 R5:4716 R6:7772 R7:3420
[LOG_TRACE] 003420 041415: bic (R4), (R5)
[LOG_TRACE] R0:3420 R1:3450 R2:0 R3:11 R4:126750 R5:4716 R6:7772 R7:3422
[LOG_TRACE] 003422 160104: sub R1, R4
[LOG_TRACE] R0:3420 R1:3450 R2:0 R3:11 R4:123300 R5:4716 R6:7772 R7:3424
[LOG_TRACE] 003424 100000: bpl 003426
[LOG_TRACE] R0:3420 R1:3450 R2:0 R3:11 R4:123300 R5:4716 R6:7772 R7:3426
[LOG_TRACE] 003426 000100: jmp R0
[LOG_TRACE] R0:3420 R1:3450 R2:0 R3:11 R4:123300 R5:4716 R6:7772 R7:3420
[LOG_TRACE] 003420 041415: bic (R4), (R5)
[LOG_TRACE] R0:3420 R1:3450 R2:0 R3:11 R4:123300 R5:4716 R6:7772 R7:3422
[LOG_TRACE] 003422 160104: sub R1, R4
[LOG_TRACE] R0:3420 R1:3450 R2:0 R3:11 R4:117630 R5:4716 R6:7772 R7:3424
[LOG_TRACE] 003424 100000: bpl 003426
[LOG_TRACE] R0:3420 R1:3450 R2:0 R3:11 R4:117630 R5:4716 R6:7772 R7:3426
[LOG_TRACE] 003426 000100: jmp R0
[LOG_TRACE] R0:3420 R1:3450 R2:0 R3:11 R4:117630 R5:4716 R6:7772 R7:3420
[LOG_TRACE] 003420 041415: bic (R4), (R5)
[LOG_TRACE] R0:3420 R1:3450 R2:0 R3:11 R4:117630 R5:4716 R6:7772 R7:3422
[LOG_TRACE] 003422 160104: sub R1, R4
[LOG_TRACE] R0:3420 R1:3450 R2:0 R3:11 R4:114160 R5:4716 R6:7772 R7:3424
[LOG_TRACE] 003424 100000: bpl 003426
[LOG_TRACE] R0:3420 R1:3450 R2:0 R3:11 R4:114160 R5:4716 R6:7772 R7:3426
[LOG_TRACE] 003426 000100: jmp R0
[LOG_TRACE] R0:3420 R1:3450 R2:0 R3:11 R4:114160 R5:4716 R6:7772 R7:3420
[LOG_TRACE] 003420 041415: bic (R4), (R5)
[LOG_TRACE] R0:3420 R1:3450 R2:0 R3:11 R4:114160 R5:4716 R6:7772 R7:3422
[LOG_TRACE] 003422 160104: sub R1, R4
[LOG_TRACE] R0:3420 R1:3450 R2:0 R3:11 R4:110510 R5:4716 R6:7772 R7:3424
[LOG_TRACE] 003424 100000: bpl 003426
[LOG_TRACE] R0:3420 R1:3450 R2:0 R3:11 R4:110510 R5:4716 R6:7772 R7:3426
[LOG_TRACE] 003426 000100: jmp R0
[LOG_TRACE] R0:3420 R1:3450 R2:0 R3:11 R4:110510 R5:4716 R6:7772 R7:3420
[LOG_TRACE] 003420 041415: bic (R4), (R5)
[LOG_TRACE] R0:3420 R1:3450 R2:0 R3:11 R4:110510 R5:4716 R6:7772 R7:3422
[LOG_TRACE] 003422 160104: sub R1, R4
[LOG_TRACE] R0:3420 R1:3450 R2:0 R3:11 R4:105040 R5:4716 R6:7772 R7:3424
[LOG_TRACE] 003424 100000: bpl 003426
[LOG_TRACE] R0:3420 R1:3450 R2:0 R3:11 R4:105040 R5:4716 R6:7772 R7:3426
[LOG_TRACE] 003426 000100: jmp R0
[LOG_TRACE] R0:3420 R1:3450 R2:0 R3:11 R4:105040 R5:4716 R6:7772 R7:3420
[LOG_TRACE] 003420 041415: bic (R4), (R5)
[LOG_TRACE] R0:3420 R1:3450 R2:0 R3:11 R4:105040 R5:4716 R6:7772 R7:3422
[LOG_TRACE] 003422 160104: sub R1, R4
[LOG_TRACE] R0:3420 R1:3450 R2:0 R3:11 R4:101370 R5:4716 R6:7772 R7:3424
[LOG_TRACE] 003424 100000: bpl 003426
[LOG_TRACE] R0:3420 R1:3450 R2:0 R3:11 R4:101370 R5:4716 R6:7772 R7:3426
[LOG_TRACE] 003426 000100: jmp R0
[LOG_TRACE] R0:3420 R1:3450 R2:0 R3:11 R4:101370 R5:4716 R6:7772 R7:3420
[LOG_TRACE] 003420 041415: bic (R4), (R5)
[LOG_TRACE] R0:3420 R1:3450 R2:0 R3:11 R4:101370 R5:4716 R6:7772 R7:3422
[LOG_TRACE] 003422 160104: sub R1, R4
[LOG_TRACE] R0:3420 R1:3450 R2:0 R3:11 R4:75720 R5:4716 R6:7772 R7:3424
[LOG_TRACE] 003424 100000: bpl 003426
[LOG_TRACE] R0:3420 R1:3450 R2:0 R3:11 R4:75720 R5:4716 R6:7772 R7:3426
[LOG_TRACE] 003426 000100: jmp R0
[LOG_TRACE] R0:3420 R1:3450 R2:0 R3:11 R4:75720 R5:4716 R6:7772 R7:3420
[LOG_TRACE] 003420 041415: bic (R4), (R5)
[LOG_TRACE] R0:3420 R1:3450 R2:0 R3:11 R4:75720 R5:4716 R6:7772 R7:3422
[LOG_TRACE] 003422 160104: sub R1, R4
[LOG_TRACE] R0:3420 R1:3450 R2:0 R3:11 R4:72250 R5:4716 R6:7772 R7:3424
[LOG_TRACE] 003424 100000: bpl 003426
[LOG_TRACE] R0:3420 R1:3450 R2:0 R3:11 R4:72250 R5:4716 R6:7772 R7:3426
[LOG_TRACE] 003426 000100: jmp R0
[LOG_TRACE] R0:3420 R1:3450 R2:0 R3:11 R4:72250 R5:4716 R6:7772 R7:3420
[LOG_TRACE] 003420 041415: bic (R4), (R5)
[LOG_TRACE] R0:3420 R1:3450 R2:0 R3:11 R4:72250 R5:4716 R6:7772 R7:3422
[LOG_TRACE] 003422 160104: sub R1, R4
[LOG_TRACE] R0:3420 R1:3450 R2:0 R3:11 R4:66600 R5:4716 R6:7772 R7:3424
[LOG_TRACE] 003424 100000: bpl 003426
[LOG_TRACE] R0:3420 R1:3450 R2:0 R3:11 R4:66600 R5:4716 R6:7772 R7:3426
[LOG_TRACE] 003426 000100: jmp R0
[LOG_TRACE] R0:3420 R1:3450 R2:0 R3:11 R4:66600 R5:4716 R6:7772 R7:3420
[LOG_TRACE] 003420 041415: bic (R4), (R5)
[LOG_TRACE] R0:3420 R1:3450 R2:0 R3:11 R4:66600 R5:4716 R6:7772 R7:3422
[LOG_TRACE] 003422 160104: sub R1, R4
[LOG_TRACE] R0:3420 R1:3450 R2:0 R3:11 R4:63130 R5:4716 R6:7772 R7:3424
[LOG_TRACE] 003424 100000: bpl 003426
[LOG_TRACE] R0:3420 R1:3450 R2:0 R3:11 R4:63130 R5:4716 R6:7772 R7:3426
[LOG_TRACE] 003426 000100: jmp R0
[LOG_TRACE] R0:3420 R1:3450 R2:0 R3:11 R4:63130 R5:4716 R6:7772 R7:3420
[LOG_TRACE] 003420 041415: bic (R4), (R5)
[LOG_TRACE] R0:3420 R1:3450 R2:0 R3:11 R4:63130 R5:4716 R6:7772 R7:3422
[LOG_TRACE] 003422 160104: sub R1, R4
[LOG_TRACE] R0:3420 R1:3450 R2:0 R3:11 R4:57460 R5:4716 R6:7772 R7:3424
[LOG_TRACE] 003424 100000: bpl 003426
[LOG_TRACE] R0:3420 R1:3450 R2:0 R3:11 R4:57460 R5:4716 R6:7772 R7:3426
[LOG_TRACE] 003426 000100: jmp R0
[LOG_TRACE] R0:3420 R1:3450 R2:0 R3:11 R4:57460 R5:4716 R6:7772 R7:3420
[LOG_TRACE] 003420 041415: bic (R4), (R5)
[LOG_TRACE] R0:3420 R1:3450 R2:0 R3:11 R4:57460 R5:4716 R6:7772 R7:3422
[LOG_TRACE] 003422 160104: sub R1, R4
[LOG_TRACE] R0:3420 R1:3450 R2:0 R3:11 R4:54010 R5:4716 R6:7772 R7:3424
[LOG_TRACE] 003424 100000: bpl 003426
[LOG_TRACE] R0:3420 R1:3450 R2:0 R3:11 R4:54010 R5:4716 R6:7772 R7:3426
[LOG_TRACE] 003426 000100: jmp R0
[LOG_TRACE] R0:3420 R1:3450 R2:0 R3:11 R4:54010 R5:4716 R6:7772 R7:3420
[LOG_TRACE] 003420 041415: bic (R4), (R5)
[LOG_TRACE] R0:3420 R1:3450 R2:0 R3:11 R4:54010 R5:4716 R6:7772 R7:3422
[LOG_TRACE] 003422 160104: sub R1, R4
[LOG_TRACE] R0:3420 R1:3450 R2:0 R3:11 R4:50340 R5:4716 R6:7772 R7:3424
[LOG_TRACE] 003424 100000: bpl 003426
[LOG_TRACE] R0:3420 R1:3450 R2:0 R3:11 R4:50340 R5:4716 R6:7772 R7:3426
[LOG_TRACE] 003426 000100: jmp R0
[LOG_TRACE] R0:3420 R1:3450 R2:0 R3:11 R4:50340 R5:4716 R6:7772 R7:3420
[LOG_TRACE] 003420 041415: bic (R4), (R5)
[LOG_TRACE] R0:3420 R1:3450 R2:0 R3:11 R4:50340 R5:4716 R6:7772 R7:3422
[LOG_TRACE] 003422 160104: sub R1, R4
[LOG_TRACE] R0:3420 R1:3450 R2:0 R3:11 R4:44670 R5:4716 R6:7772 R7:3424
[LOG_TRACE] 003424 100000: bpl 003426
[LOG_TRACE] R0:3420 R1:3450 R2:0 R3:11 R4:44670 R5:4716 R6:7772 R7:3426
[LOG_TRACE] 003426 000100: jmp R0
[LOG_TRACE] R0:3420 R1:3450 R2:0 R3:11 R4:44670 R5:4716 R6:7772 R7:3420
[LOG_TRACE] 003420 041415: bic (R4), (R5)
[LOG_TRACE] R0:3420 R1:3450 R2:0 R3:11 R4:44670 R5:4716 R6:7772 R7:3422
[LOG_TRACE] 003422 160104: sub R1, R4
[LOG_TRACE] R0:3420 R1:3450 R2:0 R3:11 R4:41220 R5:4716 R6:7772 R7:3424
[LOG_TRACE] 003424 100000: bpl 003426
[LOG_TRACE] R0:3420 R1:3450 R2:0 R3:11 R4:41220 R5:4716 R6:7772 R7:3426
[LOG_TRACE] 003426 000100: jmp R0
[LOG_TRACE] R0:3420 R1:3450 R2:0 R3:11 R4:41220 R5:4716 R6:7772 R7:3420
[LOG_TRACE] 003420 041415: bic (R4), (R5)
[LOG_TRACE] R0:3420 R1:3450 R2:0 R3:11 R4:41220 R5:4716 R6:7772 R7:3422
[LOG_TRACE] 003422 160104: sub R1, R4
[LOG_TRACE] R0:3420 R1:3450 R2:0 R3:11 R4:35550 R5:4716 R6:7772 R7:3424
[LOG_TRACE] 003424 100000: bpl 003426
[LOG_TRACE] R0:3420 R1:3450 R2:0 R3:11 R4:35550 R5:4716 R6:7772 R7:3426
[LOG_TRACE] 003426 000100: jmp R0
[LOG_TRACE] R0:3420 R1:3450 R2:0 R3:11 R4:35550 R5:4716 R6:7772 R7:3420
[LOG_TRACE] 003420 041415: bic (R4), (R5)
[LOG_TRACE] R0:3420 R1:3450 R2:0 R3:11 R4:35550 R5:4716 R6:7772 R7:3422
[LOG_TRACE] 003422 160104: sub R1, R4
[LOG_TRACE] R0:3420 R1:3450 R2:0 R3:11 R4:32100 R5:4716 R6:7772 R7:3424
[LOG_TRACE] 003424 100000: bpl 003426
[LOG_TRACE] R0:3420 R1:3450 R2:0 R3:11 R4:32100 R5:4716 R6:7772 R7:3426
[LOG_TRACE] 003426 000100: jmp R0
[LOG_TRACE] R0:3420 R1:3450 R2:0 R3:11 R4:32100 R5:4716 R6:7772 R7:3420
[LOG_TRACE] 003420 041415: bic (R4), (R5)
[LOG_TRACE] R0:3420 R1:3450 R2:0 R3:11 R4:32100 R5:4716 R6:7772 R7:3422
[LOG_TRACE] 003422 160104: sub R1, R4
[LOG_TRACE] R0:3420 R1:3450 R2:0 R3:11 R4:26430 R5:4716 R6:7772 R7:3424
[LOG_TRACE] 003424 100000: bpl 003426
[LOG_TRACE] R0:3420 R1:3450 R2:0 R3:11 R4:26430 R5:4716 R6:7772 R7:3426
[LOG_TRACE] 003426 000100: jmp R0
[LOG_TRACE] R0:3420 R1:3450 R2:0 R3:11 R4:26430 R5:4716 R6:7772 R7:3420
[LOG_TRACE] 003420 041415: bic (R4), (R5)
[LOG_TRACE] R0:3420 R1:3450 R2:0 R3:11 R4:26430 R5:4716 R6:7772 R7:3422
[LOG_TRACE] 003422 160104: sub R1, R4
[LOG_TRACE] R0:3420 R1:3450 R2:0 R3:11 R4:22760 R5:4716 R6:7772 R7:3424
[LOG_TRACE] 003424 100000: bpl 003426
[LOG_TRACE] R0:3420 R1:3450 R2:0 R3:11 R4:22760 R5:4716 R6:7772 R7:3426
[LOG_TRACE] 003426 000100: jmp R0
[LOG_TRACE] R0:3420 R1:3450 R2:0 R3:11 R4:22760 R5:4716 R6:7772 R7:3420
[LOG_TRACE] 003420 041415: bic (R4), (R5)
[LOG_TRACE] R0:3420 R1:3450 R2:0 R3:11 R4:22760 R5:4716 R6:7772 R7:3422
[LOG_TRACE] 003422 160104: sub R1, R4
[LOG_TRACE] R0:3420 R1:3450 R2:0 R3:11 R4:17310 R5:4716 R6:7772 R7:3424
[LOG_TRACE] 003424 100000: bpl 003426
[LOG_TRACE] R0:3420 R1:3450 R2:0 R3:11 R4:17310 R5:4716 R6:7772 R7:3426
[LOG_TRACE] 003426 000100: jmp R0
[LOG_TRACE] R0:3420 R1:3450 R2:0 R3:11 R4:17310 R5:4716 R6:7772 R7:3420
[LOG_TRACE] 003420 041415: bic (R4), (R5)
[LOG_TRACE] R0:3420 R1:3450 R2:0 R3:11 R4:17310 R5:4716 R6:7772 R7:3422
[LOG_TRACE] 003422 160104: sub R1, R4
[LOG_TRACE] R0:3420 R1:3450 R2:0 R3:11 R4:13640 R5:4716 R6:7772 R7:3424
[LOG_TRACE] 003424 100000: bpl 003426
[LOG_TRACE] R0:3420 R1:3450 R2:0 R3:11 R4:13640 R5:4716 R6:7772 R7:3426
[LOG_TRACE] 003426 000100: jmp R0
[LOG_TRACE] R0:3420 R1:3450 R2:0 R3:11 R4:13640 R5:4716 R6:7772 R7:3420
[LOG_TRACE] 003420 041415: bic (R4), (R5)
[LOG_TRACE] R0:3420 R1:3450 R2:0 R3:11 R4:13640 R5:4716 R6:7772 R7:3422
[LOG_TRACE] 003422 160104: sub R1, R4
[LOG_TRACE] R0:3420 R1:3450 R2:0 R3:11 R4:10170 R5:4716 R6:7772 R7:3424
[LOG_TRACE] 003424 100000: bpl 003426
[LOG_TRACE] R0:3420 R1:3450 R2:0 R3:11 R4:10170 R5:4716 R6:7772 R7:3426
[LOG_TRACE] 003426 000100: jmp R0
[LOG_TRACE] R0:3420 R1:3450 R2:0 R3:11 R4:10170 R5:4716 R6:7772 R7:3420
[LOG_TRACE] 003420 041415: bic (R4), (R5)
[LOG_TRACE] R0:3420 R1:3450 R2:0 R3:11 R4:10170 R5:4716 R6:7772 R7:3422
[LOG_TRACE] 003422 160104: sub R1, R4
[LOG_TRACE] R0:3420 R1:3450 R2:0 R3:11 R4:4520 R5:4716 R6:7772 R7:3424
[LOG_TRACE] 003424 100000: bpl 003426
[LOG_TRACE] R0:3420 R1:3450 R2:0 R3:11 R4:4520 R5:4716 R6:7772 R7:3426
[LOG_TRACE] 003426 000100: jmp R0
[LOG_TRACE] R0:3420 R1:3450 R2:0 R3:11 R4:4520 R5:4716 R6:7772 R7:3420
[LOG_TRACE] 003420 041415: bic (R4), (R5)
[LOG_TRACE] R0:3420 R1:3450 R2:0 R3:11 R4:4520 R5:4716 R6:7772 R7:3422
[LOG_TRACE] 003422 160104: sub R1, R4
[LOG_TRACE] R0:3420 R1:3450 R2:0 R3:11 R4:1050 R5:4716 R6:7772 R7:3424
[LOG_TRACE] 003424 100000: bpl 003426
[LOG_TRACE] R0:3420 R1:3450 R2:0 R3:11 R4:1050 R5:4716 R6:7772 R7:3426
[LOG_TRACE] 003426 000100: jmp R0
[LOG_TRACE] R0:3420 R1:3450 R2:0 R3:11 R4:1050 R5:4716 R6:7772 R7:3420
[LOG_TRACE] 003420 041415: bic (R4), (R5)
[LOG_TRACE] R0:3420 R1:3450 R2:0 R3:11 R4:1050 R5:4716 R6:7772 R7:3422
[LOG_TRACE] 003422 160104: sub R1, R4
[LOG_TRACE] R0:3420 R1:3450 R2:0 R3:11 R4:175400 R5:4716 R6:7772 R7:3424
[LOG_TRACE] 003424 100000: bpl 003426
[LOG_TRACE] R0:3420 R1:3450 R2:0 R3:11 R4:175400 R5:4716 R6:7772 R7:3426
[LOG_TRACE] 003426 000100: jmp R0
[LOG_TRACE] R0:3420 R1:3450 R2:0 R3:11 R4:175400 R5:4716 R6:7772 R7:3420
[LOG_TRACE] >>> BUS ERROR TRAP: Saving context and branching to Vector 4...
[LOG_TRACE] 003172 005011: clr (R1)
[LOG_TRACE] R0:3420 R1:3450 R2:0 R3:11 R4:175400 R5:4716 R6:7766 R7:3174
[LOG_TRACE] 003174 000002: rti (R4), (R1)
[LOG_TRACE] >>> RTI: Returned from interrupt. Restored PC: 003422
[LOG_TRACE] R0:3420 R1:3450 R2:0 R3:11 R4:175400 R5:4716 R6:7772 R7:3422
[LOG_TRACE] 003422 160104: sub R1, R4
[LOG_TRACE] R0:3420 R1:3450 R2:0 R3:11 R4:171730 R5:4716 R6:7772 R7:3424
[LOG_TRACE] 003424 100000: bpl 003426
[LOG_TRACE] R0:3420 R1:3450 R2:0 R3:11 R4:171730 R5:4716 R6:7772 R7:3426
[LOG_TRACE] 003426 000100: jmp R0
[LOG_TRACE] R0:3420 R1:3450 R2:0 R3:11 R4:171730 R5:4716 R6:7772 R7:3420
[LOG_TRACE] >>> BUS ERROR TRAP: Saving context and branching to Vector 4...
[LOG_TRACE] 003172 005011: clr (R1)
[LOG_TRACE] R0:3420 R1:3450 R2:0 R3:11 R4:171730 R5:4716 R6:7766 R7:3174
[LOG_TRACE] 003174 000002: rti (R4), (R1)
[LOG_TRACE] >>> RTI: Returned from interrupt. Restored PC: 003422
[LOG_TRACE] R0:3420 R1:3450 R2:0 R3:11 R4:171730 R5:4716 R6:7772 R7:3422
[LOG_TRACE] 003422 160104: sub R1, R4
[LOG_TRACE] R0:3420 R1:3450 R2:0 R3:11 R4:166260 R5:4716 R6:7772 R7:3424
[LOG_TRACE] 003424 100000: bpl 003426
[LOG_TRACE] R0:3420 R1:3450 R2:0 R3:11 R4:166260 R5:4716 R6:7772 R7:3426
[LOG_TRACE] 003426 000100: jmp R0
[LOG_TRACE] R0:3420 R1:3450 R2:0 R3:11 R4:166260 R5:4716 R6:7772 R7:3420
[LOG_TRACE] >>> BUS ERROR TRAP: Saving context and branching to Vector 4...
[LOG_TRACE] 003172 005011: clr (R1)
[LOG_TRACE] R0:3420 R1:3450 R2:0 R3:11 R4:166260 R5:4716 R6:7766 R7:3174
[LOG_TRACE] 003174 000002: rti (R4), (R1)
[LOG_TRACE] >>> RTI: Returned from interrupt. Restored PC: 003422
[LOG_TRACE] R0:3420 R1:3450 R2:0 R3:11 R4:166260 R5:4716 R6:7772 R7:3422
[LOG_TRACE] 003422 160104: sub R1, R4
[LOG_TRACE] R0:3420 R1:3450 R2:0 R3:11 R4:162610 R5:4716 R6:7772 R7:3424
[LOG_TRACE] 003424 100000: bpl 003426
[LOG_TRACE] R0:3420 R1:3450 R2:0 R3:11 R4:162610 R5:4716 R6:7772 R7:3426
[LOG_TRACE] 003426 000100: jmp R0
[LOG_TRACE] R0:3420 R1:3450 R2:0 R3:11 R4:162610 R5:4716 R6:7772 R7:3420
[LOG_TRACE] >>> BUS ERROR TRAP: Saving context and branching to Vector 4...
[LOG_TRACE] 003172 005011: clr (R1)
[LOG_TRACE] R0:3420 R1:3450 R2:0 R3:11 R4:162610 R5:4716 R6:7766 R7:3174
[LOG_TRACE] 003174 000002: rti (R4), (R1)
[LOG_TRACE] >>> RTI: Returned from interrupt. Restored PC: 003422
[LOG_TRACE] R0:3420 R1:3450 R2:0 R3:11 R4:162610 R5:4716 R6:7772 R7:3422
[LOG_TRACE] 003422 160104: sub R1, R4
[LOG_TRACE] R0:3420 R1:3450 R2:0 R3:11 R4:157140 R5:4716 R6:7772 R7:3424
[LOG_TRACE] 003424 100000: bpl 003426
[LOG_TRACE] R0:3420 R1:3450 R2:0 R3:11 R4:157140 R5:4716 R6:7772 R7:3426
[LOG_TRACE] 003426 000100: jmp R0
[LOG_TRACE] R0:3420 R1:3450 R2:0 R3:11 R4:157140 R5:4716 R6:7772 R7:3420
[LOG_TRACE] 003420 041415: bic (R4), (R5)
[LOG_TRACE] R0:3420 R1:3450 R2:0 R3:11 R4:157140 R5:4716 R6:7772 R7:3422
[LOG_TRACE] 003422 160104: sub R1, R4
[LOG_TRACE] R0:3420 R1:3450 R2:0 R3:11 R4:153470 R5:4716 R6:7772 R7:3424
[LOG_TRACE] 003424 100000: bpl 003426
[LOG_TRACE] R0:3420 R1:3450 R2:0 R3:11 R4:153470 R5:4716 R6:7772 R7:3426
[LOG_TRACE] 003426 000100: jmp R0
[LOG_TRACE] R0:3420 R1:3450 R2:0 R3:11 R4:153470 R5:4716 R6:7772 R7:3420
[LOG_TRACE] 003420 041415: bic (R4), (R5)
[LOG_TRACE] R0:3420 R1:3450 R2:0 R3:11 R4:153470 R5:4716 R6:7772 R7:3422
[LOG_TRACE] 003422 160104: sub R1, R4
[LOG_TRACE] R0:3420 R1:3450 R2:0 R3:11 R4:150020 R5:4716 R6:7772 R7:3424
[LOG_TRACE] 003424 100000: bpl 003426
[LOG_TRACE] R0:3420 R1:3450 R2:0 R3:11 R4:150020 R5:4716 R6:7772 R7:3426
[LOG_TRACE] 003426 000100: jmp R0
[LOG_TRACE] R0:3420 R1:3450 R2:0 R3:11 R4:150020 R5:4716 R6:7772 R7:3420
[LOG_TRACE] 003420 041415: bic (R4), (R5)
[LOG_TRACE] R0:3420 R1:3450 R2:0 R3:11 R4:150020 R5:4716 R6:7772 R7:3422
[LOG_TRACE] 003422 160104: sub R1, R4
[LOG_TRACE] R0:3420 R1:3450 R2:0 R3:11 R4:144350 R5:4716 R6:7772 R7:3424
[LOG_TRACE] 003424 100000: bpl 003426
[LOG_TRACE] R0:3420 R1:3450 R2:0 R3:11 R4:144350 R5:4716 R6:7772 R7:3426
[LOG_TRACE] 003426 000100: jmp R0
[LOG_TRACE] R0:3420 R1:3450 R2:0 R3:11 R4:144350 R5:4716 R6:7772 R7:3420
[LOG_TRACE] 003420 041415: bic (R4), (R5)
[LOG_TRACE] R0:3420 R1:3450 R2:0 R3:11 R4:144350 R5:4716 R6:7772 R7:3422
[LOG_TRACE] 003422 160104: sub R1, R4
[LOG_TRACE] R0:3420 R1:3450 R2:0 R3:11 R4:140700 R5:4716 R6:7772 R7:3424
[LOG_TRACE] 003424 100000: bpl 003426
[LOG_TRACE] R0:3420 R1:3450 R2:0 R3:11 R4:140700 R5:4716 R6:7772 R7:3426
[LOG_TRACE] 003426 000100: jmp R0
[LOG_TRACE] R0:3420 R1:3450 R2:0 R3:11 R4:140700 R5:4716 R6:7772 R7:3420
[LOG_TRACE] 003420 041415: bic (R4), (R5)
[LOG_TRACE] R0:3420 R1:3450 R2:0 R3:11 R4:140700 R5:4716 R6:7772 R7:3422
[LOG_TRACE] 003422 160104: sub R1, R4
[LOG_TRACE] R0:3420 R1:3450 R2:0 R3:11 R4:135230 R5:4716 R6:7772 R7:3424
[LOG_TRACE] 003424 100000: bpl 003426
[LOG_TRACE] R0:3420 R1:3450 R2:0 R3:11 R4:135230 R5:4716 R6:7772 R7:3426
[LOG_TRACE] 003426 000100: jmp R0
[LOG_TRACE] R0:3420 R1:3450 R2:0 R3:11 R4:135230 R5:4716 R6:7772 R7:3420
[LOG_TRACE] 003420 041415: bic (R4), (R5)
[LOG_TRACE] R0:3420 R1:3450 R2:0 R3:11 R4:135230 R5:4716 R6:7772 R7:3422
[LOG_TRACE] 003422 160104: sub R1, R4
[LOG_TRACE] R0:3420 R1:3450 R2:0 R3:11 R4:131560 R5:4716 R6:7772 R7:3424
[LOG_TRACE] 003424 100000: bpl 003426
[LOG_TRACE] R0:3420 R1:3450 R2:0 R3:11 R4:131560 R5:4716 R6:7772 R7:3426
[LOG_TRACE] 003426 000100: jmp R0
[LOG_TRACE] R0:3420 R1:3450 R2:0 R3:11 R4:131560 R5:4716 R6:7772 R7:3420
[LOG_TRACE] 003420 041415: bic (R4), (R5)
[LOG_TRACE] R0:3420 R1:3450 R2:0 R3:11 R4:131560 R5:4716 R6:7772 R7:3422
[LOG_TRACE] 003422 160104: sub R1, R4
[LOG_TRACE] R0:3420 R1:3450 R2:0 R3:11 R4:126110 R5:4716 R6:7772 R7:3424
[LOG_TRACE] 003424 100000: bpl 003426
[LOG_TRACE] R0:3420 R1:3450 R2:0 R3:11 R4:126110 R5:4716 R6:7772 R7:3426
[LOG_TRACE] 003426 000100: jmp R0
[LOG_TRACE] R0:3420 R1:3450 R2:0 R3:11 R4:126110 R5:4716 R6:7772 R7:3420
[LOG_TRACE] 003420 041415: bic (R4), (R5)
[LOG_TRACE] R0:3420 R1:3450 R2:0 R3:11 R4:126110 R5:4716 R6:7772 R7:3422
[LOG_TRACE] 003422 160104: sub R1, R4
[LOG_TRACE] R0:3420 R1:3450 R2:0 R3:11 R4:122440 R5:4716 R6:7772 R7:3424
[LOG_TRACE] 003424 100000: bpl 003426
[LOG_TRACE] R0:3420 R1:3450 R2:0 R3:11 R4:122440 R5:4716 R6:7772 R7:3426
[LOG_TRACE] 003426 000100: jmp R0
[LOG_TRACE] R0:3420 R1:3450 R2:0 R3:11 R4:122440 R5:4716 R6:7772 R7:3420
[LOG_TRACE] 003420 041415: bic (R4), (R5)
[LOG_TRACE] R0:3420 R1:3450 R2:0 R3:11 R4:122440 R5:4716 R6:7772 R7:3422
[LOG_TRACE] 003422 160104: sub R1, R4
[LOG_TRACE] R0:3420 R1:3450 R2:0 R3:11 R4:116770 R5:4716 R6:7772 R7:3424
[LOG_TRACE] 003424 100000: bpl 003426
[LOG_TRACE] R0:3420 R1:3450 R2:0 R3:11 R4:116770 R5:4716 R6:7772 R7:3426
[LOG_TRACE] 003426 000100: jmp R0
[LOG_TRACE] R0:3420 R1:3450 R2:0 R3:11 R4:116770 R5:4716 R6:7772 R7:3420
[LOG_TRACE] 003420 041415: bic (R4), (R5)
[LOG_TRACE] R0:3420 R1:3450 R2:0 R3:11 R4:116770 R5:4716 R6:7772 R7:3422
[LOG_TRACE] 003422 160104: sub R1, R4
[LOG_TRACE] R0:3420 R1:3450 R2:0 R3:11 R4:113320 R5:4716 R6:7772 R7:3424
[LOG_TRACE] 003424 100000: bpl 003426
[LOG_TRACE] R0:3420 R1:3450 R2:0 R3:11 R4:113320 R5:4716 R6:7772 R7:3426
[LOG_TRACE] 003426 000100: jmp R0
[LOG_TRACE] R0:3420 R1:3450 R2:0 R3:11 R4:113320 R5:4716 R6:7772 R7:3420
[LOG_TRACE] 003420 041415: bic (R4), (R5)
[LOG_TRACE] R0:3420 R1:3450 R2:0 R3:11 R4:113320 R5:4716 R6:7772 R7:3422
[LOG_TRACE] 003422 160104: sub R1, R4
[LOG_TRACE] R0:3420 R1:3450 R2:0 R3:11 R4:107650 R5:4716 R6:7772 R7:3424
[LOG_TRACE] 003424 100000: bpl 003426
[LOG_TRACE] R0:3420 R1:3450 R2:0 R3:11 R4:107650 R5:4716 R6:7772 R7:3426
[LOG_TRACE] 003426 000100: jmp R0
[LOG_TRACE] R0:3420 R1:3450 R2:0 R3:11 R4:107650 R5:4716 R6:7772 R7:3420
[LOG_TRACE] 003420 041415: bic (R4), (R5)
[LOG_TRACE] R0:3420 R1:3450 R2:0 R3:11 R4:107650 R5:4716 R6:7772 R7:3422
[LOG_TRACE] 003422 160104: sub R1, R4
[LOG_TRACE] R0:3420 R1:3450 R2:0 R3:11 R4:104200 R5:4716 R6:7772 R7:3424
[LOG_TRACE] 003424 100000: bpl 003426
[LOG_TRACE] R0:3420 R1:3450 R2:0 R3:11 R4:104200 R5:4716 R6:7772 R7:3426
[LOG_TRACE] 003426 000100: jmp R0
[LOG_TRACE] R0:3420 R1:3450 R2:0 R3:11 R4:104200 R5:4716 R6:7772 R7:3420
[LOG_TRACE] 003420 041415: bic (R4), (R5)
[LOG_TRACE] R0:3420 R1:3450 R2:0 R3:11 R4:104200 R5:4716 R6:7772 R7:3422
[LOG_TRACE] 003422 160104: sub R1, R4
[LOG_TRACE] R0:3420 R1:3450 R2:0 R3:11 R4:100530 R5:4716 R6:7772 R7:3424
[LOG_TRACE] 003424 100000: bpl 003426
[LOG_TRACE] R0:3420 R1:3450 R2:0 R3:11 R4:100530 R5:4716 R6:7772 R7:3426
[LOG_TRACE] 003426 000100: jmp R0
[LOG_TRACE] R0:3420 R1:3450 R2:0 R3:11 R4:100530 R5:4716 R6:7772 R7:3420
[LOG_TRACE] 003420 041415: bic (R4), (R5)
[LOG_TRACE] R0:3420 R1:3450 R2:0 R3:11 R4:100530 R5:4716 R6:7772 R7:3422
[LOG_TRACE] 003422 160104: sub R1, R4
[LOG_TRACE] R0:3420 R1:3450 R2:0 R3:11 R4:75060 R5:4716 R6:7772 R7:3424
[LOG_TRACE] 003424 100000: bpl 003426
[LOG_TRACE] R0:3420 R1:3450 R2:0 R3:11 R4:75060 R5:4716 R6:7772 R7:3426
[LOG_TRACE] 003426 000100: jmp R0
[LOG_TRACE] R0:3420 R1:3450 R2:0 R3:11 R4:75060 R5:4716 R6:7772 R7:3420
[LOG_TRACE] 003420 041415: bic (R4), (R5)
[LOG_TRACE] R0:3420 R1:3450 R2:0 R3:11 R4:75060 R5:4716 R6:7772 R7:3422
[LOG_TRACE] 003422 160104: sub R1, R4
[LOG_TRACE] R0:3420 R1:3450 R2:0 R3:11 R4:71410 R5:4716 R6:7772 R7:3424
[LOG_TRACE] 003424 100000: bpl 003426
[LOG_TRACE] R0:3420 R1:3450 R2:0 R3:11 R4:71410 R5:4716 R6:7772 R7:3426
[LOG_TRACE] 003426 000100: jmp R0
[LOG_TRACE] R0:3420 R1:3450 R2:0 R3:11 R4:71410 R5:4716 R6:7772 R7:3420
[LOG_TRACE] 003420 041415: bic (R4), (R5)
[LOG_TRACE] R0:3420 R1:3450 R2:0 R3:11 R4:71410 R5:4716 R6:7772 R7:3422
[LOG_TRACE] 003422 160104: sub R1, R4
[LOG_TRACE] R0:3420 R1:3450 R2:0 R3:11 R4:65740 R5:4716 R6:7772 R7:3424
[LOG_TRACE] 003424 100000: bpl 003426
[LOG_TRACE] R0:3420 R1:3450 R2:0 R3:11 R4:65740 R5:4716 R6:7772 R7:3426
[LOG_TRACE] 003426 000100: jmp R0
[LOG_TRACE] R0:3420 R1:3450 R2:0 R3:11 R4:65740 R5:4716 R6:7772 R7:3420
[LOG_TRACE] 003420 041415: bic (R4), (R5)
[LOG_TRACE] R0:3420 R1:3450 R2:0 R3:11 R4:65740 R5:4716 R6:7772 R7:3422
[LOG_TRACE] 003422 160104: sub R1, R4
[LOG_TRACE] R0:3420 R1:3450 R2:0 R3:11 R4:62270 R5:4716 R6:7772 R7:3424
[LOG_TRACE] 003424 100000: bpl 003426
[LOG_TRACE] R0:3420 R1:3450 R2:0 R3:11 R4:62270 R5:4716 R6:7772 R7:3426
[LOG_TRACE] 003426 000100: jmp R0
[LOG_TRACE] R0:3420 R1:3450 R2:0 R3:11 R4:62270 R5:4716 R6:7772 R7:3420
[LOG_TRACE] 003420 041415: bic (R4), (R5)
[LOG_TRACE] R0:3420 R1:3450 R2:0 R3:11 R4:62270 R5:4716 R6:7772 R7:3422
[LOG_TRACE] 003422 160104: sub R1, R4
[LOG_TRACE] R0:3420 R1:3450 R2:0 R3:11 R4:56620 R5:4716 R6:7772 R7:3424
[LOG_TRACE] 003424 100000: bpl 003426
[LOG_TRACE] R0:3420 R1:3450 R2:0 R3:11 R4:56620 R5:4716 R6:7772 R7:3426
[LOG_TRACE] 003426 000100: jmp R0
[LOG_TRACE] R0:3420 R1:3450 R2:0 R3:11 R4:56620 R5:4716 R6:7772 R7:3420
[LOG_TRACE] 003420 041415: bic (R4), (R5)
[LOG_TRACE] R0:3420 R1:3450 R2:0 R3:11 R4:56620 R5:4716 R6:7772 R7:3422
[LOG_TRACE] 003422 160104: sub R1, R4
[LOG_TRACE] R0:3420 R1:3450 R2:0 R3:11 R4:53150 R5:4716 R6:7772 R7:3424
[LOG_TRACE] 003424 100000: bpl 003426
[LOG_TRACE] R0:3420 R1:3450 R2:0 R3:11 R4:53150 R5:4716 R6:7772 R7:3426
[LOG_TRACE] 003426 000100: jmp R0
[LOG_TRACE] R0:3420 R1:3450 R2:0 R3:11 R4:53150 R5:4716 R6:7772 R7:3420
[LOG_TRACE] 003420 041415: bic (R4), (R5)
[LOG_TRACE] R0:3420 R1:3450 R2:0 R3:11 R4:53150 R5:4716 R6:7772 R7:3422
[LOG_TRACE] 003422 160104: sub R1, R4
[LOG_TRACE] R0:3420 R1:3450 R2:0 R3:11 R4:47500 R5:4716 R6:7772 R7:3424
[LOG_TRACE] 003424 100000: bpl 003426
[LOG_TRACE] R0:3420 R1:3450 R2:0 R3:11 R4:47500 R5:4716 R6:7772 R7:3426
[LOG_TRACE] 003426 000100: jmp R0
[LOG_TRACE] R0:3420 R1:3450 R2:0 R3:11 R4:47500 R5:4716 R6:7772 R7:3420
[LOG_TRACE] 003420 041415: bic (R4), (R5)
[LOG_TRACE] R0:3420 R1:3450 R2:0 R3:11 R4:47500 R5:4716 R6:7772 R7:3422
[LOG_TRACE] 003422 160104: sub R1, R4
[LOG_TRACE] R0:3420 R1:3450 R2:0 R3:11 R4:44030 R5:4716 R6:7772 R7:3424
[LOG_TRACE] 003424 100000: bpl 003426
[LOG_TRACE] R0:3420 R1:3450 R2:0 R3:11 R4:44030 R5:4716 R6:7772 R7:3426
[LOG_TRACE] 003426 000100: jmp R0
[LOG_TRACE] R0:3420 R1:3450 R2:0 R3:11 R4:44030 R5:4716 R6:7772 R7:3420
[LOG_TRACE] 003420 041415: bic (R4), (R5)
[LOG_TRACE] R0:3420 R1:3450 R2:0 R3:11 R4:44030 R5:4716 R6:7772 R7:3422
[LOG_TRACE] 003422 160104: sub R1, R4
[LOG_TRACE] R0:3420 R1:3450 R2:0 R3:11 R4:40360 R5:4716 R6:7772 R7:3424
[LOG_TRACE] 003424 100000: bpl 003426
[LOG_TRACE] R0:3420 R1:3450 R2:0 R3:11 R4:40360 R5:4716 R6:7772 R7:3426
[LOG_TRACE] 003426 000100: jmp R0
[LOG_TRACE] R0:3420 R1:3450 R2:0 R3:11 R4:40360 R5:4716 R6:7772 R7:3420
[LOG_TRACE] 003420 041415: bic (R4), (R5)
[LOG_TRACE] R0:3420 R1:3450 R2:0 R3:11 R4:40360 R5:4716 R6:7772 R7:3422
[LOG_TRACE] 003422 160104: sub R1, R4
[LOG_TRACE] R0:3420 R1:3450 R2:0 R3:11 R4:34710 R5:4716 R6:7772 R7:3424
[LOG_TRACE] 003424 100000: bpl 003426
[LOG_TRACE] R0:3420 R1:3450 R2:0 R3:11 R4:34710 R5:4716 R6:7772 R7:3426
[LOG_TRACE] 003426 000100: jmp R0
[LOG_TRACE] R0:3420 R1:3450 R2:0 R3:11 R4:34710 R5:4716 R6:7772 R7:3420
[LOG_TRACE] 003420 041415: bic (R4), (R5)
[LOG_TRACE] R0:3420 R1:3450 R2:0 R3:11 R4:34710 R5:4716 R6:7772 R7:3422
[LOG_TRACE] 003422 160104: sub R1, R4
[LOG_TRACE] R0:3420 R1:3450 R2:0 R3:11 R4:31240 R5:4716 R6:7772 R7:3424
[LOG_TRACE] 003424 100000: bpl 003426
[LOG_TRACE] R0:3420 R1:3450 R2:0 R3:11 R4:31240 R5:4716 R6:7772 R7:3426
[LOG_TRACE] 003426 000100: jmp R0
[LOG_TRACE] R0:3420 R1:3450 R2:0 R3:11 R4:31240 R5:4716 R6:7772 R7:3420
[LOG_TRACE] 003420 041415: bic (R4), (R5)
[LOG_TRACE] R0:3420 R1:3450 R2:0 R3:11 R4:31240 R5:4716 R6:7772 R7:3422
[LOG_TRACE] 003422 160104: sub R1, R4
[LOG_TRACE] R0:3420 R1:3450 R2:0 R3:11 R4:25570 R5:4716 R6:7772 R7:3424
[LOG_TRACE] 003424 100000: bpl 003426
[LOG_TRACE] R0:3420 R1:3450 R2:0 R3:11 R4:25570 R5:4716 R6:7772 R7:3426
[LOG_TRACE] 003426 000100: jmp R0
[LOG_TRACE] R0:3420 R1:3450 R2:0 R3:11 R4:25570 R5:4716 R6:7772 R7:3420
[LOG_TRACE] 003420 041415: bic (R4), (R5)
[LOG_TRACE] R0:3420 R1:3450 R2:0 R3:11 R4:25570 R5:4716 R6:7772 R7:3422
[LOG_TRACE] 003422 160104: sub R1, R4
[LOG_TRACE] R0:3420 R1:3450 R2:0 R3:11 R4:22120 R5:4716 R6:7772 R7:3424
[LOG_TRACE] 003424 100000: bpl 003426
[LOG_TRACE] R0:3420 R1:3450 R2:0 R3:11 R4:22120 R5:4716 R6:7772 R7:3426
[LOG_TRACE] 003426 000100: jmp R0
[LOG_TRACE] R0:3420 R1:3450 R2:0 R3:11 R4:22120 R5:4716 R6:7772 R7:3420
[LOG_TRACE] 003420 041415: bic (R4), (R5)
[LOG_TRACE] R0:3420 R1:3450 R2:0 R3:11 R4:22120 R5:4716 R6:7772 R7:3422
[LOG_TRACE] 003422 160104: sub R1, R4
[LOG_TRACE] R0:3420 R1:3450 R2:0 R3:11 R4:16450 R5:4716 R6:7772 R7:3424
[LOG_TRACE] 003424 100000: bpl 003426
[LOG_TRACE] R0:3420 R1:3450 R2:0 R3:11 R4:16450 R5:4716 R6:7772 R7:3426
[LOG_TRACE] 003426 000100: jmp R0
[LOG_TRACE] R0:3420 R1:3450 R2:0 R3:11 R4:16450 R5:4716 R6:7772 R7:3420
[LOG_TRACE] 003420 041415: bic (R4), (R5)
[LOG_TRACE] R0:3420 R1:3450 R2:0 R3:11 R4:16450 R5:4716 R6:7772 R7:3422
[LOG_TRACE] 003422 160104: sub R1, R4
[LOG_TRACE] R0:3420 R1:3450 R2:0 R3:11 R4:13000 R5:4716 R6:7772 R7:3424
[LOG_TRACE] 003424 100000: bpl 003426
[LOG_TRACE] R0:3420 R1:3450 R2:0 R3:11 R4:13000 R5:4716 R6:7772 R7:3426
[LOG_TRACE] 003426 000100: jmp R0
[LOG_TRACE] R0:3420 R1:3450 R2:0 R3:11 R4:13000 R5:4716 R6:7772 R7:3420
[LOG_TRACE] 003420 041415: bic (R4), (R5)
[LOG_TRACE] R0:3420 R1:3450 R2:0 R3:11 R4:13000 R5:4716 R6:7772 R7:3422
[LOG_TRACE] 003422 160104: sub R1, R4
[LOG_TRACE] R0:3420 R1:3450 R2:0 R3:11 R4:7330 R5:4716 R6:7772 R7:3424
[LOG_TRACE] 003424 100000: bpl 003426
[LOG_TRACE] R0:3420 R1:3450 R2:0 R3:11 R4:7330 R5:4716 R6:7772 R7:3426
[LOG_TRACE] 003426 000100: jmp R0
[LOG_TRACE] R0:3420 R1:3450 R2:0 R3:11 R4:7330 R5:4716 R6:7772 R7:3420
[LOG_TRACE] 003420 041415: bic (R4), (R5)
[LOG_TRACE] R0:3420 R1:3450 R2:0 R3:11 R4:7330 R5:4716 R6:7772 R7:3422
[LOG_TRACE] 003422 160104: sub R1, R4
[LOG_TRACE] R0:3420 R1:3450 R2:0 R3:11 R4:3660 R5:4716 R6:7772 R7:3424
[LOG_TRACE] 003424 100000: bpl 003426
[LOG_TRACE] R0:3420 R1:3450 R2:0 R3:11 R4:3660 R5:4716 R6:7772 R7:3426
[LOG_TRACE] 003426 000100: jmp R0
[LOG_TRACE] R0:3420 R1:3450 R2:0 R3:11 R4:3660 R5:4716 R6:7772 R7:3420
[LOG_TRACE] 003420 041415: bic (R4), (R5)
[LOG_TRACE] R0:3420 R1:3450 R2:0 R3:11 R4:3660 R5:4716 R6:7772 R7:3422
[LOG_TRACE] 003422 160104: sub R1, R4
[LOG_TRACE] R0:3420 R1:3450 R2:0 R3:11 R4:210 R5:4716 R6:7772 R7:3424
[LOG_TRACE] 003424 100000: bpl 003426
[LOG_TRACE] R0:3420 R1:3450 R2:0 R3:11 R4:210 R5:4716 R6:7772 R7:3426
[LOG_TRACE] 003426 000100: jmp R0
[LOG_TRACE] R0:3420 R1:3450 R2:0 R3:11 R4:210 R5:4716 R6:7772 R7:3420
[LOG_TRACE] 003420 041415: bic (R4), (R5)
[LOG_TRACE] R0:3420 R1:3450 R2:0 R3:11 R4:210 R5:4716 R6:7772 R7:3422
[LOG_TRACE] 003422 160104: sub R1, R4
[LOG_TRACE] R0:3420 R1:3450 R2:0 R3:11 R4:174540 R5:4716 R6:7772 R7:3424
[LOG_TRACE] 003424 100000: bpl 003426
[LOG_TRACE] R0:3420 R1:3450 R2:0 R3:11 R4:174540 R5:4716 R6:7772 R7:3426
[LOG_TRACE] 003426 000100: jmp R0
[LOG_TRACE] R0:3420 R1:3450 R2:0 R3:11 R4:174540 R5:4716 R6:7772 R7:3420
[LOG_TRACE] >>> BUS ERROR TRAP: Saving context and branching to Vector 4...
[LOG_TRACE] 003172 005011: clr (R1)
[LOG_TRACE] R0:3420 R1:3450 R2:0 R3:11 R4:174540 R5:4716 R6:7766 R7:3174
[LOG_TRACE] 003174 000002: rti (R4), (R1)
[LOG_TRACE] >>> RTI: Returned from interrupt. Restored PC: 003422
[LOG_TRACE] R0:3420 R1:3450 R2:0 R3:11 R4:174540 R5:4716 R6:7772 R7:3422
[LOG_TRACE] 003422 160104: sub R1, R4
[LOG_TRACE] R0:3420 R1:3450 R2:0 R3:11 R4:171070 R5:4716 R6:7772 R7:3424
[LOG_TRACE] 003424 100000: bpl 003426
[LOG_TRACE] R0:3420 R1:3450 R2:0 R3:11 R4:171070 R5:4716 R6:7772 R7:3426
[LOG_TRACE] 003426 000100: jmp R0
[LOG_TRACE] R0:3420 R1:3450 R2:0 R3:11 R4:171070 R5:4716 R6:7772 R7:3420
[LOG_TRACE] >>> BUS ERROR TRAP: Saving context and branching to Vector 4...
[LOG_TRACE] 003172 005011: clr (R1)
[LOG_TRACE] R0:3420 R1:3450 R2:0 R3:11 R4:171070 R5:4716 R6:7766 R7:3174
[LOG_TRACE] 003174 000002: rti (R4), (R1)
[LOG_TRACE] >>> RTI: Returned from interrupt. Restored PC: 003422
[LOG_TRACE] R0:3420 R1:3450 R2:0 R3:11 R4:171070 R5:4716 R6:7772 R7:3422
[LOG_TRACE] 003422 160104: sub R1, R4
[LOG_TRACE] R0:3420 R1:3450 R2:0 R3:11 R4:165420 R5:4716 R6:7772 R7:3424
[LOG_TRACE] 003424 100000: bpl 003426
[LOG_TRACE] R0:3420 R1:3450 R2:0 R3:11 R4:165420 R5:4716 R6:7772 R7:3426
[LOG_TRACE] 003426 000100: jmp R0
[LOG_TRACE] R0:3420 R1:3450 R2:0 R3:11 R4:165420 R5:4716 R6:7772 R7:3420
[LOG_TRACE] >>> BUS ERROR TRAP: Saving context and branching to Vector 4...
[LOG_TRACE] 003172 005011: clr (R1)
[LOG_TRACE] R0:3420 R1:3450 R2:0 R3:11 R4:165420 R5:4716 R6:7766 R7:3174
[LOG_TRACE] 003174 000002: rti (R4), (R1)
[LOG_TRACE] >>> RTI: Returned from interrupt. Restored PC: 003422
[LOG_TRACE] R0:3420 R1:3450 R2:0 R3:11 R4:165420 R5:4716 R6:7772 R7:3422
[LOG_TRACE] 003422 160104: sub R1, R4
[LOG_TRACE] R0:3420 R1:3450 R2:0 R3:11 R4:161750 R5:4716 R6:7772 R7:3424
[LOG_TRACE] 003424 100000: bpl 003426
[LOG_TRACE] R0:3420 R1:3450 R2:0 R3:11 R4:161750 R5:4716 R6:7772 R7:3426
[LOG_TRACE] 003426 000100: jmp R0
[LOG_TRACE] R0:3420 R1:3450 R2:0 R3:11 R4:161750 R5:4716 R6:7772 R7:3420
[LOG_TRACE] >>> BUS ERROR TRAP: Saving context and branching to Vector 4...
[LOG_TRACE] 003172 005011: clr (R1)
[LOG_TRACE] R0:3420 R1:3450 R2:0 R3:11 R4:161750 R5:4716 R6:7766 R7:3174
[LOG_TRACE] 003174 000002: rti (R4), (R1)
[LOG_TRACE] >>> RTI: Returned from interrupt. Restored PC: 003422
[LOG_TRACE] R0:3420 R1:3450 R2:0 R3:11 R4:161750 R5:4716 R6:7772 R7:3422
[LOG_TRACE] 003422 160104: sub R1, R4
[LOG_TRACE] R0:3420 R1:3450 R2:0 R3:11 R4:156300 R5:4716 R6:7772 R7:3424
[LOG_TRACE] 003424 100000: bpl 003426
[LOG_TRACE] R0:3420 R1:3450 R2:0 R3:11 R4:156300 R5:4716 R6:7772 R7:3426
[LOG_TRACE] 003426 000100: jmp R0
[LOG_TRACE] R0:3420 R1:3450 R2:0 R3:11 R4:156300 R5:4716 R6:7772 R7:3420
[LOG_TRACE] 003420 041415: bic (R4), (R5)
[LOG_TRACE] R0:3420 R1:3450 R2:0 R3:11 R4:156300 R5:4716 R6:7772 R7:3422
[LOG_TRACE] 003422 160104: sub R1, R4
[LOG_TRACE] R0:3420 R1:3450 R2:0 R3:11 R4:152630 R5:4716 R6:7772 R7:3424
[LOG_TRACE] 003424 100000: bpl 003426
[LOG_TRACE] R0:3420 R1:3450 R2:0 R3:11 R4:152630 R5:4716 R6:7772 R7:3426
[LOG_TRACE] 003426 000100: jmp R0
[LOG_TRACE] R0:3420 R1:3450 R2:0 R3:11 R4:152630 R5:4716 R6:7772 R7:3420
[LOG_TRACE] 003420 041415: bic (R4), (R5)
[LOG_TRACE] R0:3420 R1:3450 R2:0 R3:11 R4:152630 R5:4716 R6:7772 R7:3422
[LOG_TRACE] 003422 160104: sub R1, R4
[LOG_TRACE] R0:3420 R1:3450 R2:0 R3:11 R4:147160 R5:4716 R6:7772 R7:3424
[LOG_TRACE] 003424 100000: bpl 003426
[LOG_TRACE] R0:3420 R1:3450 R2:0 R3:11 R4:147160 R5:4716 R6:7772 R7:3426
[LOG_TRACE] 003426 000100: jmp R0
[LOG_TRACE] R0:3420 R1:3450 R2:0 R3:11 R4:147160 R5:4716 R6:7772 R7:3420
[LOG_TRACE] 003420 041415: bic (R4), (R5)
[LOG_TRACE] R0:3420 R1:3450 R2:0 R3:11 R4:147160 R5:4716 R6:7772 R7:3422
[LOG_TRACE] 003422 160104: sub R1, R4
[LOG_TRACE] R0:3420 R1:3450 R2:0 R3:11 R4:143510 R5:4716 R6:7772 R7:3424
[LOG_TRACE] 003424 100000: bpl 003426
[LOG_TRACE] R0:3420 R1:3450 R2:0 R3:11 R4:143510 R5:4716 R6:7772 R7:3426
[LOG_TRACE] 003426 000100: jmp R0
[LOG_TRACE] R0:3420 R1:3450 R2:0 R3:11 R4:143510 R5:4716 R6:7772 R7:3420
[LOG_TRACE] 003420 041415: bic (R4), (R5)
[LOG_TRACE] R0:3420 R1:3450 R2:0 R3:11 R4:143510 R5:4716 R6:7772 R7:3422
[LOG_TRACE] 003422 160104: sub R1, R4
[LOG_TRACE] R0:3420 R1:3450 R2:0 R3:11 R4:140040 R5:4716 R6:7772 R7:3424
[LOG_TRACE] 003424 100000: bpl 003426
[LOG_TRACE] R0:3420 R1:3450 R2:0 R3:11 R4:140040 R5:4716 R6:7772 R7:3426
[LOG_TRACE] 003426 000100: jmp R0
[LOG_TRACE] R0:3420 R1:3450 R2:0 R3:11 R4:140040 R5:4716 R6:7772 R7:3420
[LOG_TRACE] 003420 041415: bic (R4), (R5)
[LOG_TRACE] R0:3420 R1:3450 R2:0 R3:11 R4:140040 R5:4716 R6:7772 R7:3422
[LOG_TRACE] 003422 160104: sub R1, R4
[LOG_TRACE] R0:3420 R1:3450 R2:0 R3:11 R4:134370 R5:4716 R6:7772 R7:3424
[LOG_TRACE] 003424 100000: bpl 003426
[LOG_TRACE] R0:3420 R1:3450 R2:0 R3:11 R4:134370 R5:4716 R6:7772 R7:3426
[LOG_TRACE] 003426 000100: jmp R0
[LOG_TRACE] R0:3420 R1:3450 R2:0 R3:11 R4:134370 R5:4716 R6:7772 R7:3420
[LOG_TRACE] 003420 041415: bic (R4), (R5)
[LOG_TRACE] R0:3420 R1:3450 R2:0 R3:11 R4:134370 R5:4716 R6:7772 R7:3422
[LOG_TRACE] 003422 160104: sub R1, R4
[LOG_TRACE] R0:3420 R1:3450 R2:0 R3:11 R4:130720 R5:4716 R6:7772 R7:3424
[LOG_TRACE] 003424 100000: bpl 003426
[LOG_TRACE] R0:3420 R1:3450 R2:0 R3:11 R4:130720 R5:4716 R6:7772 R7:3426
[LOG_TRACE] 003426 000100: jmp R0
[LOG_TRACE] R0:3420 R1:3450 R2:0 R3:11 R4:130720 R5:4716 R6:7772 R7:3420
[LOG_TRACE] 003420 041415: bic (R4), (R5)
[LOG_TRACE] R0:3420 R1:3450 R2:0 R3:11 R4:130720 R5:4716 R6:7772 R7:3422
[LOG_TRACE] 003422 160104: sub R1, R4
[LOG_TRACE] R0:3420 R1:3450 R2:0 R3:11 R4:125250 R5:4716 R6:7772 R7:3424
[LOG_TRACE] 003424 100000: bpl 003426
[LOG_TRACE] R0:3420 R1:3450 R2:0 R3:11 R4:125250 R5:4716 R6:7772 R7:3426
[LOG_TRACE] 003426 000100: jmp R0
[LOG_TRACE] R0:3420 R1:3450 R2:0 R3:11 R4:125250 R5:4716 R6:7772 R7:3420
[LOG_TRACE] 003420 041415: bic (R4), (R5)
[LOG_TRACE] R0:3420 R1:3450 R2:0 R3:11 R4:125250 R5:4716 R6:7772 R7:3422
[LOG_TRACE] 003422 160104: sub R1, R4
[LOG_TRACE] R0:3420 R1:3450 R2:0 R3:11 R4:121600 R5:4716 R6:7772 R7:3424
[LOG_TRACE] 003424 100000: bpl 003426
[LOG_TRACE] R0:3420 R1:3450 R2:0 R3:11 R4:121600 R5:4716 R6:7772 R7:3426
[LOG_TRACE] 003426 000100: jmp R0
[LOG_TRACE] R0:3420 R1:3450 R2:0 R3:11 R4:121600 R5:4716 R6:7772 R7:3420
[LOG_TRACE] 003420 041415: bic (R4), (R5)
[LOG_TRACE] R0:3420 R1:3450 R2:0 R3:11 R4:121600 R5:4716 R6:7772 R7:3422
[LOG_TRACE] 003422 160104: sub R1, R4
[LOG_TRACE] R0:3420 R1:3450 R2:0 R3:11 R4:116130 R5:4716 R6:7772 R7:3424
[LOG_TRACE] 003424 100000: bpl 003426
[LOG_TRACE] R0:3420 R1:3450 R2:0 R3:11 R4:116130 R5:4716 R6:7772 R7:3426
[LOG_TRACE] 003426 000100: jmp R0
[LOG_TRACE] R0:3420 R1:3450 R2:0 R3:11 R4:116130 R5:4716 R6:7772 R7:3420
[LOG_TRACE] 003420 041415: bic (R4), (R5)
[LOG_TRACE] R0:3420 R1:3450 R2:0 R3:11 R4:116130 R5:4716 R6:7772 R7:3422
[LOG_TRACE] 003422 160104: sub R1, R4
[LOG_TRACE] R0:3420 R1:3450 R2:0 R3:11 R4:112460 R5:4716 R6:7772 R7:3424
[LOG_TRACE] 003424 100000: bpl 003426
[LOG_TRACE] R0:3420 R1:3450 R2:0 R3:11 R4:112460 R5:4716 R6:7772 R7:3426
[LOG_TRACE] 003426 000100: jmp R0
[LOG_TRACE] R0:3420 R1:3450 R2:0 R3:11 R4:112460 R5:4716 R6:7772 R7:3420
[LOG_TRACE] 003420 041415: bic (R4), (R5)
[LOG_TRACE] R0:3420 R1:3450 R2:0 R3:11 R4:112460 R5:4716 R6:7772 R7:3422
[LOG_TRACE] 003422 160104: sub R1, R4
[LOG_TRACE] R0:3420 R1:3450 R2:0 R3:11 R4:107010 R5:4716 R6:7772 R7:3424
[LOG_TRACE] 003424 100000: bpl 003426
[LOG_TRACE] R0:3420 R1:3450 R2:0 R3:11 R4:107010 R5:4716 R6:7772 R7:3426
[LOG_TRACE] 003426 000100: jmp R0
[LOG_TRACE] R0:3420 R1:3450 R2:0 R3:11 R4:107010 R5:4716 R6:7772 R7:3420
[LOG_TRACE] 003420 041415: bic (R4), (R5)
[LOG_TRACE] R0:3420 R1:3450 R2:0 R3:11 R4:107010 R5:4716 R6:7772 R7:3422
[LOG_TRACE] 003422 160104: sub R1, R4
[LOG_TRACE] R0:3420 R1:3450 R2:0 R3:11 R4:103340 R5:4716 R6:7772 R7:3424
[LOG_TRACE] 003424 100000: bpl 003426
[LOG_TRACE] R0:3420 R1:3450 R2:0 R3:11 R4:103340 R5:4716 R6:7772 R7:3426
[LOG_TRACE] 003426 000100: jmp R0
[LOG_TRACE] R0:3420 R1:3450 R2:0 R3:11 R4:103340 R5:4716 R6:7772 R7:3420
[LOG_TRACE] 003420 041415: bic (R4), (R5)
[LOG_TRACE] R0:3420 R1:3450 R2:0 R3:11 R4:103340 R5:4716 R6:7772 R7:3422
[LOG_TRACE] 003422 160104: sub R1, R4
[LOG_TRACE] R0:3420 R1:3450 R2:0 R3:11 R4:77670 R5:4716 R6:7772 R7:3424
[LOG_TRACE] 003424 100000: bpl 003426
[LOG_TRACE] R0:3420 R1:3450 R2:0 R3:11 R4:77670 R5:4716 R6:7772 R7:3426
[LOG_TRACE] 003426 000100: jmp R0
[LOG_TRACE] R0:3420 R1:3450 R2:0 R3:11 R4:77670 R5:4716 R6:7772 R7:3420
[LOG_TRACE] 003420 041415: bic (R4), (R5)
[LOG_TRACE] R0:3420 R1:3450 R2:0 R3:11 R4:77670 R5:4716 R6:7772 R7:3422
[LOG_TRACE] 003422 160104: sub R1, R4
[LOG_TRACE] R0:3420 R1:3450 R2:0 R3:11 R4:74220 R5:4716 R6:7772 R7:3424
[LOG_TRACE] 003424 100000: bpl 003426
[LOG_TRACE] R0:3420 R1:3450 R2:0 R3:11 R4:74220 R5:4716 R6:7772 R7:3426
[LOG_TRACE] 003426 000100: jmp R0
[LOG_TRACE] R0:3420 R1:3450 R2:0 R3:11 R4:74220 R5:4716 R6:7772 R7:3420
[LOG_TRACE] 003420 041415: bic (R4), (R5)
[LOG_TRACE] R0:3420 R1:3450 R2:0 R3:11 R4:74220 R5:4716 R6:7772 R7:3422
[LOG_TRACE] 003422 160104: sub R1, R4
[LOG_TRACE] R0:3420 R1:3450 R2:0 R3:11 R4:70550 R5:4716 R6:7772 R7:3424
[LOG_TRACE] 003424 100000: bpl 003426
[LOG_TRACE] R0:3420 R1:3450 R2:0 R3:11 R4:70550 R5:4716 R6:7772 R7:3426
[LOG_TRACE] 003426 000100: jmp R0
[LOG_TRACE] R0:3420 R1:3450 R2:0 R3:11 R4:70550 R5:4716 R6:7772 R7:3420
[LOG_TRACE] 003420 041415: bic (R4), (R5)
[LOG_TRACE] R0:3420 R1:3450 R2:0 R3:11 R4:70550 R5:4716 R6:7772 R7:3422
[LOG_TRACE] 003422 160104: sub R1, R4
[LOG_TRACE] R0:3420 R1:3450 R2:0 R3:11 R4:65100 R5:4716 R6:7772 R7:3424
[LOG_TRACE] 003424 100000: bpl 003426
[LOG_TRACE] R0:3420 R1:3450 R2:0 R3:11 R4:65100 R5:4716 R6:7772 R7:3426
[LOG_TRACE] 003426 000100: jmp R0
[LOG_TRACE] R0:3420 R1:3450 R2:0 R3:11 R4:65100 R5:4716 R6:7772 R7:3420
[LOG_TRACE] 003420 041415: bic (R4), (R5)
[LOG_TRACE] R0:3420 R1:3450 R2:0 R3:11 R4:65100 R5:4716 R6:7772 R7:3422
[LOG_TRACE] 003422 160104: sub R1, R4
[LOG_TRACE] R0:3420 R1:3450 R2:0 R3:11 R4:61430 R5:4716 R6:7772 R7:3424
[LOG_TRACE] 003424 100000: bpl 003426
[LOG_TRACE] R0:3420 R1:3450 R2:0 R3:11 R4:61430 R5:4716 R6:7772 R7:3426
[LOG_TRACE] 003426 000100: jmp R0
[LOG_TRACE] R0:3420 R1:3450 R2:0 R3:11 R4:61430 R5:4716 R6:7772 R7:3420
[LOG_TRACE] 003420 041415: bic (R4), (R5)
[LOG_TRACE] R0:3420 R1:3450 R2:0 R3:11 R4:61430 R5:4716 R6:7772 R7:3422
[LOG_TRACE] 003422 160104: sub R1, R4
[LOG_TRACE] R0:3420 R1:3450 R2:0 R3:11 R4:55760 R5:4716 R6:7772 R7:3424
[LOG_TRACE] 003424 100000: bpl 003426
[LOG_TRACE] R0:3420 R1:3450 R2:0 R3:11 R4:55760 R5:4716 R6:7772 R7:3426
[LOG_TRACE] 003426 000100: jmp R0
[LOG_TRACE] R0:3420 R1:3450 R2:0 R3:11 R4:55760 R5:4716 R6:7772 R7:3420
[LOG_TRACE] 003420 041415: bic (R4), (R5)
[LOG_TRACE] R0:3420 R1:3450 R2:0 R3:11 R4:55760 R5:4716 R6:7772 R7:3422
[LOG_TRACE] 003422 160104: sub R1, R4
[LOG_TRACE] R0:3420 R1:3450 R2:0 R3:11 R4:52310 R5:4716 R6:7772 R7:3424
[LOG_TRACE] 003424 100000: bpl 003426
[LOG_TRACE] R0:3420 R1:3450 R2:0 R3:11 R4:52310 R5:4716 R6:7772 R7:3426
[LOG_TRACE] 003426 000100: jmp R0
[LOG_TRACE] R0:3420 R1:3450 R2:0 R3:11 R4:52310 R5:4716 R6:7772 R7:3420
[LOG_TRACE] 003420 041415: bic (R4), (R5)
[LOG_TRACE] R0:3420 R1:3450 R2:0 R3:11 R4:52310 R5:4716 R6:7772 R7:3422
[LOG_TRACE] 003422 160104: sub R1, R4
[LOG_TRACE] R0:3420 R1:3450 R2:0 R3:11 R4:46640 R5:4716 R6:7772 R7:3424
[LOG_TRACE] 003424 100000: bpl 003426
[LOG_TRACE] R0:3420 R1:3450 R2:0 R3:11 R4:46640 R5:4716 R6:7772 R7:3426
[LOG_TRACE] 003426 000100: jmp R0
[LOG_TRACE] R0:3420 R1:3450 R2:0 R3:11 R4:46640 R5:4716 R6:7772 R7:3420
[LOG_TRACE] 003420 041415: bic (R4), (R5)
[LOG_TRACE] R0:3420 R1:3450 R2:0 R3:11 R4:46640 R5:4716 R6:7772 R7:3422
[LOG_TRACE] 003422 160104: sub R1, R4
[LOG_TRACE] R0:3420 R1:3450 R2:0 R3:11 R4:43170 R5:4716 R6:7772 R7:3424
[LOG_TRACE] 003424 100000: bpl 003426
[LOG_TRACE] R0:3420 R1:3450 R2:0 R3:11 R4:43170 R5:4716 R6:7772 R7:3426
[LOG_TRACE] 003426 000100: jmp R0
[LOG_TRACE] R0:3420 R1:3450 R2:0 R3:11 R4:43170 R5:4716 R6:7772 R7:3420
[LOG_TRACE] 003420 041415: bic (R4), (R5)
[LOG_TRACE] R0:3420 R1:3450 R2:0 R3:11 R4:43170 R5:4716 R6:7772 R7:3422
[LOG_TRACE] 003422 160104: sub R1, R4
[LOG_TRACE] R0:3420 R1:3450 R2:0 R3:11 R4:37520 R5:4716 R6:7772 R7:3424
[LOG_TRACE] 003424 100000: bpl 003426
[LOG_TRACE] R0:3420 R1:3450 R2:0 R3:11 R4:37520 R5:4716 R6:7772 R7:3426
[LOG_TRACE] 003426 000100: jmp R0
[LOG_TRACE] R0:3420 R1:3450 R2:0 R3:11 R4:37520 R5:4716 R6:7772 R7:3420
[LOG_TRACE] 003420 041415: bic (R4), (R5)
[LOG_TRACE] R0:3420 R1:3450 R2:0 R3:11 R4:37520 R5:4716 R6:7772 R7:3422
[LOG_TRACE] 003422 160104: sub R1, R4
[LOG_TRACE] R0:3420 R1:3450 R2:0 R3:11 R4:34050 R5:4716 R6:7772 R7:3424
[LOG_TRACE] 003424 100000: bpl 003426
[LOG_TRACE] R0:3420 R1:3450 R2:0 R3:11 R4:34050 R5:4716 R6:7772 R7:3426
[LOG_TRACE] 003426 000100: jmp R0
[LOG_TRACE] R0:3420 R1:3450 R2:0 R3:11 R4:34050 R5:4716 R6:7772 R7:3420
[LOG_TRACE] 003420 041415: bic (R4), (R5)
[LOG_TRACE] R0:3420 R1:3450 R2:0 R3:11 R4:34050 R5:4716 R6:7772 R7:3422
[LOG_TRACE] 003422 160104: sub R1, R4
[LOG_TRACE] R0:3420 R1:3450 R2:0 R3:11 R4:30400 R5:4716 R6:7772 R7:3424
[LOG_TRACE] 003424 100000: bpl 003426
[LOG_TRACE] R0:3420 R1:3450 R2:0 R3:11 R4:30400 R5:4716 R6:7772 R7:3426
[LOG_TRACE] 003426 000100: jmp R0
[LOG_TRACE] R0:3420 R1:3450 R2:0 R3:11 R4:30400 R5:4716 R6:7772 R7:3420
[LOG_TRACE] 003420 041415: bic (R4), (R5)
[LOG_TRACE] R0:3420 R1:3450 R2:0 R3:11 R4:30400 R5:4716 R6:7772 R7:3422
[LOG_TRACE] 003422 160104: sub R1, R4
[LOG_TRACE] R0:3420 R1:3450 R2:0 R3:11 R4:24730 R5:4716 R6:7772 R7:3424
[LOG_TRACE] 003424 100000: bpl 003426
[LOG_TRACE] R0:3420 R1:3450 R2:0 R3:11 R4:24730 R5:4716 R6:7772 R7:3426
[LOG_TRACE] 003426 000100: jmp R0
[LOG_TRACE] R0:3420 R1:3450 R2:0 R3:11 R4:24730 R5:4716 R6:7772 R7:3420
[LOG_TRACE] 003420 041415: bic (R4), (R5)
[LOG_TRACE] R0:3420 R1:3450 R2:0 R3:11 R4:24730 R5:4716 R6:7772 R7:3422
[LOG_TRACE] 003422 160104: sub R1, R4
[LOG_TRACE] R0:3420 R1:3450 R2:0 R3:11 R4:21260 R5:4716 R6:7772 R7:3424
[LOG_TRACE] 003424 100000: bpl 003426
[LOG_TRACE] R0:3420 R1:3450 R2:0 R3:11 R4:21260 R5:4716 R6:7772 R7:3426
[LOG_TRACE] 003426 000100: jmp R0
[LOG_TRACE] R0:3420 R1:3450 R2:0 R3:11 R4:21260 R5:4716 R6:7772 R7:3420
[LOG_TRACE] 003420 041415: bic (R4), (R5)
[LOG_TRACE] R0:3420 R1:3450 R2:0 R3:11 R4:21260 R5:4716 R6:7772 R7:3422
[LOG_TRACE] 003422 160104: sub R1, R4
[LOG_TRACE] R0:3420 R1:3450 R2:0 R3:11 R4:15610 R5:4716 R6:7772 R7:3424
[LOG_TRACE] 003424 100000: bpl 003426
[LOG_TRACE] R0:3420 R1:3450 R2:0 R3:11 R4:15610 R5:4716 R6:7772 R7:3426
[LOG_TRACE] 003426 000100: jmp R0
[LOG_TRACE] R0:3420 R1:3450 R2:0 R3:11 R4:15610 R5:4716 R6:7772 R7:3420
[LOG_TRACE] 003420 041415: bic (R4), (R5)
[LOG_TRACE] R0:3420 R1:3450 R2:0 R3:11 R4:15610 R5:4716 R6:7772 R7:3422
[LOG_TRACE] 003422 160104: sub R1, R4
[LOG_TRACE] R0:3420 R1:3450 R2:0 R3:11 R4:12140 R5:4716 R6:7772 R7:3424
[LOG_TRACE] 003424 100000: bpl 003426
[LOG_TRACE] R0:3420 R1:3450 R2:0 R3:11 R4:12140 R5:4716 R6:7772 R7:3426
[LOG_TRACE] 003426 000100: jmp R0
[LOG_TRACE] R0:3420 R1:3450 R2:0 R3:11 R4:12140 R5:4716 R6:7772 R7:3420
[LOG_TRACE] 003420 041415: bic (R4), (R5)
[LOG_TRACE] R0:3420 R1:3450 R2:0 R3:11 R4:12140 R5:4716 R6:7772 R7:3422
[LOG_TRACE] 003422 160104: sub R1, R4
[LOG_TRACE] R0:3420 R1:3450 R2:0 R3:11 R4:6470 R5:4716 R6:7772 R7:3424
[LOG_TRACE] 003424 100000: bpl 003426
[LOG_TRACE] R0:3420 R1:3450 R2:0 R3:11 R4:6470 R5:4716 R6:7772 R7:3426
[LOG_TRACE] 003426 000100: jmp R0
[LOG_TRACE] R0:3420 R1:3450 R2:0 R3:11 R4:6470 R5:4716 R6:7772 R7:3420
[LOG_TRACE] 003420 041415: bic (R4), (R5)
[LOG_TRACE] R0:3420 R1:3450 R2:0 R3:11 R4:6470 R5:4716 R6:7772 R7:3422
[LOG_TRACE] 003422 160104: sub R1, R4
[LOG_TRACE] R0:3420 R1:3450 R2:0 R3:11 R4:3020 R5:4716 R6:7772 R7:3424
[LOG_TRACE] 003424 100000: bpl 003426
[LOG_TRACE] R0:3420 R1:3450 R2:0 R3:11 R4:3020 R5:4716 R6:7772 R7:3426
[LOG_TRACE] 003426 000100: jmp R0
[LOG_TRACE] R0:3420 R1:3450 R2:0 R3:11 R4:3020 R5:4716 R6:7772 R7:3420
[LOG_TRACE] 003420 041415: bic (R4), (R5)
[LOG_TRACE] R0:3420 R1:3450 R2:0 R3:11 R4:3020 R5:4716 R6:7772 R7:3422
[LOG_TRACE] 003422 160104: sub R1, R4
[LOG_TRACE] R0:3420 R1:3450 R2:0 R3:11 R4:177350 R5:4716 R6:7772 R7:3424
[LOG_TRACE] 003424 100000: bpl 003426
[LOG_TRACE] R0:3420 R1:3450 R2:0 R3:11 R4:177350 R5:4716 R6:7772 R7:3426
[LOG_TRACE] 003426 000100: jmp R0
[LOG_TRACE] R0:3420 R1:3450 R2:0 R3:11 R4:177350 R5:4716 R6:7772 R7:3420
[LOG_TRACE] >>> BUS ERROR TRAP: Saving context and branching to Vector 4...
[LOG_TRACE] 003172 005011: clr (R1)
[LOG_TRACE] R0:3420 R1:3450 R2:0 R3:11 R4:177350 R5:4716 R6:7766 R7:3174
[LOG_TRACE] 003174 000002: rti (R4), (R1)
[LOG_TRACE] >>> RTI: Returned from interrupt. Restored PC: 003422
[LOG_TRACE] R0:3420 R1:3450 R2:0 R3:11 R4:177350 R5:4716 R6:7772 R7:3422
[LOG_TRACE] 003422 160104: sub R1, R4
[LOG_TRACE] R0:3420 R1:3450 R2:0 R3:11 R4:173700 R5:4716 R6:7772 R7:3424
[LOG_TRACE] 003424 100000: bpl 003426
[LOG_TRACE] R0:3420 R1:3450 R2:0 R3:11 R4:173700 R5:4716 R6:7772 R7:3426
[LOG_TRACE] 003426 000100: jmp R0
[LOG_TRACE] R0:3420 R1:3450 R2:0 R3:11 R4:173700 R5:4716 R6:7772 R7:3420
[LOG_TRACE] >>> BUS ERROR TRAP: Saving context and branching to Vector 4...
[LOG_TRACE] 003172 005011: clr (R1)
[LOG_TRACE] R0:3420 R1:3450 R2:0 R3:11 R4:173700 R5:4716 R6:7766 R7:3174
[LOG_TRACE] 003174 000002: rti (R4), (R1)
[LOG_TRACE] >>> RTI: Returned from interrupt. Restored PC: 003422
[LOG_TRACE] R0:3420 R1:3450 R2:0 R3:11 R4:173700 R5:4716 R6:7772 R7:3422
[LOG_TRACE] 003422 160104: sub R1, R4
[LOG_TRACE] R0:3420 R1:3450 R2:0 R3:11 R4:170230 R5:4716 R6:7772 R7:3424
[LOG_TRACE] 003424 100000: bpl 003426
[LOG_TRACE] R0:3420 R1:3450 R2:0 R3:11 R4:170230 R5:4716 R6:7772 R7:3426
[LOG_TRACE] 003426 000100: jmp R0
[LOG_TRACE] R0:3420 R1:3450 R2:0 R3:11 R4:170230 R5:4716 R6:7772 R7:3420
[LOG_TRACE] >>> BUS ERROR TRAP: Saving context and branching to Vector 4...
[LOG_TRACE] 003172 005011: clr (R1)
[LOG_TRACE] R0:3420 R1:3450 R2:0 R3:11 R4:170230 R5:4716 R6:7766 R7:3174
[LOG_TRACE] 003174 000002: rti (R4), (R1)
[LOG_TRACE] >>> RTI: Returned from interrupt. Restored PC: 003422
[LOG_TRACE] R0:3420 R1:3450 R2:0 R3:11 R4:170230 R5:4716 R6:7772 R7:3422
[LOG_TRACE] 003422 160104: sub R1, R4
[LOG_TRACE] R0:3420 R1:3450 R2:0 R3:11 R4:164560 R5:4716 R6:7772 R7:3424
[LOG_TRACE] 003424 100000: bpl 003426
[LOG_TRACE] R0:3420 R1:3450 R2:0 R3:11 R4:164560 R5:4716 R6:7772 R7:3426
[LOG_TRACE] 003426 000100: jmp R0
[LOG_TRACE] R0:3420 R1:3450 R2:0 R3:11 R4:164560 R5:4716 R6:7772 R7:3420
[LOG_TRACE] >>> BUS ERROR TRAP: Saving context and branching to Vector 4...
[LOG_TRACE] 003172 005011: clr (R1)
[LOG_TRACE] R0:3420 R1:3450 R2:0 R3:11 R4:164560 R5:4716 R6:7766 R7:3174
[LOG_TRACE] 003174 000002: rti (R4), (R1)
[LOG_TRACE] >>> RTI: Returned from interrupt. Restored PC: 003422
[LOG_TRACE] R0:3420 R1:3450 R2:0 R3:11 R4:164560 R5:4716 R6:7772 R7:3422
[LOG_TRACE] 003422 160104: sub R1, R4
[LOG_TRACE] R0:3420 R1:3450 R2:0 R3:11 R4:161110 R5:4716 R6:7772 R7:3424
[LOG_TRACE] 003424 100000: bpl 003426
[LOG_TRACE] R0:3420 R1:3450 R2:0 R3:11 R4:161110 R5:4716 R6:7772 R7:3426
[LOG_TRACE] 003426 000100: jmp R0
[LOG_TRACE] R0:3420 R1:3450 R2:0 R3:11 R4:161110 R5:4716 R6:7772 R7:3420
[LOG_TRACE] >>> BUS ERROR TRAP: Saving context and branching to Vector 4...
[LOG_TRACE] 003172 005011: clr (R1)
[LOG_TRACE] R0:3420 R1:3450 R2:0 R3:11 R4:161110 R5:4716 R6:7766 R7:3174
[LOG_TRACE] 003174 000002: rti (R4), (R1)
[LOG_TRACE] >>> RTI: Returned from interrupt. Restored PC: 003422
[LOG_TRACE] R0:3420 R1:3450 R2:0 R3:11 R4:161110 R5:4716 R6:7772 R7:3422
[LOG_TRACE] 003422 160104: sub R1, R4
[LOG_TRACE] R0:3420 R1:3450 R2:0 R3:11 R4:155440 R5:4716 R6:7772 R7:3424
[LOG_TRACE] 003424 100000: bpl 003426
[LOG_TRACE] R0:3420 R1:3450 R2:0 R3:11 R4:155440 R5:4716 R6:7772 R7:3426
[LOG_TRACE] 003426 000100: jmp R0
[LOG_TRACE] R0:3420 R1:3450 R2:0 R3:11 R4:155440 R5:4716 R6:7772 R7:3420
[LOG_TRACE] 003420 041415: bic (R4), (R5)
[LOG_TRACE] R0:3420 R1:3450 R2:0 R3:11 R4:155440 R5:4716 R6:7772 R7:3422
[LOG_TRACE] 003422 160104: sub R1, R4
[LOG_TRACE] R0:3420 R1:3450 R2:0 R3:11 R4:151770 R5:4716 R6:7772 R7:3424
[LOG_TRACE] 003424 100000: bpl 003426
[LOG_TRACE] R0:3420 R1:3450 R2:0 R3:11 R4:151770 R5:4716 R6:7772 R7:3426
[LOG_TRACE] 003426 000100: jmp R0
[LOG_TRACE] R0:3420 R1:3450 R2:0 R3:11 R4:151770 R5:4716 R6:7772 R7:3420
[LOG_TRACE] 003420 041415: bic (R4), (R5)
[LOG_TRACE] R0:3420 R1:3450 R2:0 R3:11 R4:151770 R5:4716 R6:7772 R7:3422
[LOG_TRACE] 003422 160104: sub R1, R4
[LOG_TRACE] R0:3420 R1:3450 R2:0 R3:11 R4:146320 R5:4716 R6:7772 R7:3424
[LOG_TRACE] 003424 100000: bpl 003426
[LOG_TRACE] R0:3420 R1:3450 R2:0 R3:11 R4:146320 R5:4716 R6:7772 R7:3426
[LOG_TRACE] 003426 000100: jmp R0
[LOG_TRACE] R0:3420 R1:3450 R2:0 R3:11 R4:146320 R5:4716 R6:7772 R7:3420
[LOG_TRACE] 003420 041415: bic (R4), (R5)
[LOG_TRACE] R0:3420 R1:3450 R2:0 R3:11 R4:146320 R5:4716 R6:7772 R7:3422
[LOG_TRACE] 003422 160104: sub R1, R4
[LOG_TRACE] R0:3420 R1:3450 R2:0 R3:11 R4:142650 R5:4716 R6:7772 R7:3424
[LOG_TRACE] 003424 100000: bpl 003426
[LOG_TRACE] R0:3420 R1:3450 R2:0 R3:11 R4:142650 R5:4716 R6:7772 R7:3426
[LOG_TRACE] 003426 000100: jmp R0
[LOG_TRACE] R0:3420 R1:3450 R2:0 R3:11 R4:142650 R5:4716 R6:7772 R7:3420
[LOG_TRACE] 003420 041415: bic (R4), (R5)
[LOG_TRACE] R0:3420 R1:3450 R2:0 R3:11 R4:142650 R5:4716 R6:7772 R7:3422
[LOG_TRACE] 003422 160104: sub R1, R4
[LOG_TRACE] R0:3420 R1:3450 R2:0 R3:11 R4:137200 R5:4716 R6:7772 R7:3424
[LOG_TRACE] 003424 100000: bpl 003426
[LOG_TRACE] R0:3420 R1:3450 R2:0 R3:11 R4:137200 R5:4716 R6:7772 R7:3426
[LOG_TRACE] 003426 000100: jmp R0
[LOG_TRACE] R0:3420 R1:3450 R2:0 R3:11 R4:137200 R5:4716 R6:7772 R7:3420
[LOG_TRACE] 003420 041415: bic (R4), (R5)
[LOG_TRACE] R0:3420 R1:3450 R2:0 R3:11 R4:137200 R5:4716 R6:7772 R7:3422
[LOG_TRACE] 003422 160104: sub R1, R4
[LOG_TRACE] R0:3420 R1:3450 R2:0 R3:11 R4:133530 R5:4716 R6:7772 R7:3424
[LOG_TRACE] 003424 100000: bpl 003426
[LOG_TRACE] R0:3420 R1:3450 R2:0 R3:11 R4:133530 R5:4716 R6:7772 R7:3426
[LOG_TRACE] 003426 000100: jmp R0
[LOG_TRACE] R0:3420 R1:3450 R2:0 R3:11 R4:133530 R5:4716 R6:7772 R7:3420
[LOG_TRACE] 003420 041415: bic (R4), (R5)
[LOG_TRACE] R0:3420 R1:3450 R2:0 R3:11 R4:133530 R5:4716 R6:7772 R7:3422
[LOG_TRACE] 003422 160104: sub R1, R4
[LOG_TRACE] R0:3420 R1:3450 R2:0 R3:11 R4:130060 R5:4716 R6:7772 R7:3424
[LOG_TRACE] 003424 100000: bpl 003426
[LOG_TRACE] R0:3420 R1:3450 R2:0 R3:11 R4:130060 R5:4716 R6:7772 R7:3426
[LOG_TRACE] 003426 000100: jmp R0
[LOG_TRACE] R0:3420 R1:3450 R2:0 R3:11 R4:130060 R5:4716 R6:7772 R7:3420
[LOG_TRACE] 003420 041415: bic (R4), (R5)
[LOG_TRACE] R0:3420 R1:3450 R2:0 R3:11 R4:130060 R5:4716 R6:7772 R7:3422
[LOG_TRACE] 003422 160104: sub R1, R4
[LOG_TRACE] R0:3420 R1:3450 R2:0 R3:11 R4:124410 R5:4716 R6:7772 R7:3424
[LOG_TRACE] 003424 100000: bpl 003426
[LOG_TRACE] R0:3420 R1:3450 R2:0 R3:11 R4:124410 R5:4716 R6:7772 R7:3426
[LOG_TRACE] 003426 000100: jmp R0
[LOG_TRACE] R0:3420 R1:3450 R2:0 R3:11 R4:124410 R5:4716 R6:7772 R7:3420
[LOG_TRACE] 003420 041415: bic (R4), (R5)
[LOG_TRACE] R0:3420 R1:3450 R2:0 R3:11 R4:124410 R5:4716 R6:7772 R7:3422
[LOG_TRACE] 003422 160104: sub R1, R4
[LOG_TRACE] R0:3420 R1:3450 R2:0 R3:11 R4:120740 R5:4716 R6:7772 R7:3424
[LOG_TRACE] 003424 100000: bpl 003426
[LOG_TRACE] R0:3420 R1:3450 R2:0 R3:11 R4:120740 R5:4716 R6:7772 R7:3426
[LOG_TRACE] 003426 000100: jmp R0
[LOG_TRACE] R0:3420 R1:3450 R2:0 R3:11 R4:120740 R5:4716 R6:7772 R7:3420
[LOG_TRACE] 003420 041415: bic (R4), (R5)
[LOG_TRACE] R0:3420 R1:3450 R2:0 R3:11 R4:120740 R5:4716 R6:7772 R7:3422
[LOG_TRACE] 003422 160104: sub R1, R4
[LOG_TRACE] R0:3420 R1:3450 R2:0 R3:11 R4:115270 R5:4716 R6:7772 R7:3424
[LOG_TRACE] 003424 100000: bpl 003426
[LOG_TRACE] R0:3420 R1:3450 R2:0 R3:11 R4:115270 R5:4716 R6:7772 R7:3426
[LOG_TRACE] 003426 000100: jmp R0
[LOG_TRACE] R0:3420 R1:3450 R2:0 R3:11 R4:115270 R5:4716 R6:7772 R7:3420
[LOG_TRACE] 003420 041415: bic (R4), (R5)
[LOG_TRACE] R0:3420 R1:3450 R2:0 R3:11 R4:115270 R5:4716 R6:7772 R7:3422
[LOG_TRACE] 003422 160104: sub R1, R4
[LOG_TRACE] R0:3420 R1:3450 R2:0 R3:11 R4:111620 R5:4716 R6:7772 R7:3424
[LOG_TRACE] 003424 100000: bpl 003426
[LOG_TRACE] R0:3420 R1:3450 R2:0 R3:11 R4:111620 R5:4716 R6:7772 R7:3426
[LOG_TRACE] 003426 000100: jmp R0
[LOG_TRACE] R0:3420 R1:3450 R2:0 R3:11 R4:111620 R5:4716 R6:7772 R7:3420
[LOG_TRACE] 003420 041415: bic (R4), (R5)
[LOG_TRACE] R0:3420 R1:3450 R2:0 R3:11 R4:111620 R5:4716 R6:7772 R7:3422
[LOG_TRACE] 003422 160104: sub R1, R4
[LOG_TRACE] R0:3420 R1:3450 R2:0 R3:11 R4:106150 R5:4716 R6:7772 R7:3424
[LOG_TRACE] 003424 100000: bpl 003426
[LOG_TRACE] R0:3420 R1:3450 R2:0 R3:11 R4:106150 R5:4716 R6:7772 R7:3426
[LOG_TRACE] 003426 000100: jmp R0
[LOG_TRACE] R0:3420 R1:3450 R2:0 R3:11 R4:106150 R5:4716 R6:7772 R7:3420
[LOG_TRACE] 003420 041415: bic (R4), (R5)
[LOG_TRACE] R0:3420 R1:3450 R2:0 R3:11 R4:106150 R5:4716 R6:7772 R7:3422
[LOG_TRACE] 003422 160104: sub R1, R4
[LOG_TRACE] R0:3420 R1:3450 R2:0 R3:11 R4:102500 R5:4716 R6:7772 R7:3424
[LOG_TRACE] 003424 100000: bpl 003426
[LOG_TRACE] R0:3420 R1:3450 R2:0 R3:11 R4:102500 R5:4716 R6:7772 R7:3426
[LOG_TRACE] 003426 000100: jmp R0
[LOG_TRACE] R0:3420 R1:3450 R2:0 R3:11 R4:102500 R5:4716 R6:7772 R7:3420
[LOG_TRACE] 003420 041415: bic (R4), (R5)
[LOG_TRACE] R0:3420 R1:3450 R2:0 R3:11 R4:102500 R5:4716 R6:7772 R7:3422
[LOG_TRACE] 003422 160104: sub R1, R4
[LOG_TRACE] R0:3420 R1:3450 R2:0 R3:11 R4:77030 R5:4716 R6:7772 R7:3424
[LOG_TRACE] 003424 100000: bpl 003426
[LOG_TRACE] R0:3420 R1:3450 R2:0 R3:11 R4:77030 R5:4716 R6:7772 R7:3426
[LOG_TRACE] 003426 000100: jmp R0
[LOG_TRACE] R0:3420 R1:3450 R2:0 R3:11 R4:77030 R5:4716 R6:7772 R7:3420
[LOG_TRACE] 003420 041415: bic (R4), (R5)
[LOG_TRACE] R0:3420 R1:3450 R2:0 R3:11 R4:77030 R5:4716 R6:7772 R7:3422
[LOG_TRACE] 003422 160104: sub R1, R4
[LOG_TRACE] R0:3420 R1:3450 R2:0 R3:11 R4:73360 R5:4716 R6:7772 R7:3424
[LOG_TRACE] 003424 100000: bpl 003426
[LOG_TRACE] R0:3420 R1:3450 R2:0 R3:11 R4:73360 R5:4716 R6:7772 R7:3426
[LOG_TRACE] 003426 000100: jmp R0
[LOG_TRACE] R0:3420 R1:3450 R2:0 R3:11 R4:73360 R5:4716 R6:7772 R7:3420
[LOG_TRACE] 003420 041415: bic (R4), (R5)
[LOG_TRACE] R0:3420 R1:3450 R2:0 R3:11 R4:73360 R5:4716 R6:7772 R7:3422
[LOG_TRACE] 003422 160104: sub R1, R4
[LOG_TRACE] R0:3420 R1:3450 R2:0 R3:11 R4:67710 R5:4716 R6:7772 R7:3424
[LOG_TRACE] 003424 100000: bpl 003426
[LOG_TRACE] R0:3420 R1:3450 R2:0 R3:11 R4:67710 R5:4716 R6:7772 R7:3426
[LOG_TRACE] 003426 000100: jmp R0
[LOG_TRACE] R0:3420 R1:3450 R2:0 R3:11 R4:67710 R5:4716 R6:7772 R7:3420
[LOG_TRACE] 003420 041415: bic (R4), (R5)
[LOG_TRACE] R0:3420 R1:3450 R2:0 R3:11 R4:67710 R5:4716 R6:7772 R7:3422
[LOG_TRACE] 003422 160104: sub R1, R4
[LOG_TRACE] R0:3420 R1:3450 R2:0 R3:11 R4:64240 R5:4716 R6:7772 R7:3424
[LOG_TRACE] 003424 100000: bpl 003426
[LOG_TRACE] R0:3420 R1:3450 R2:0 R3:11 R4:64240 R5:4716 R6:7772 R7:3426
[LOG_TRACE] 003426 000100: jmp R0
[LOG_TRACE] R0:3420 R1:3450 R2:0 R3:11 R4:64240 R5:4716 R6:7772 R7:3420
[LOG_TRACE] 003420 041415: bic (R4), (R5)
[LOG_TRACE] R0:3420 R1:3450 R2:0 R3:11 R4:64240 R5:4716 R6:7772 R7:3422
[LOG_TRACE] 003422 160104: sub R1, R4
[LOG_TRACE] R0:3420 R1:3450 R2:0 R3:11 R4:60570 R5:4716 R6:7772 R7:3424
[LOG_TRACE] 003424 100000: bpl 003426
[LOG_TRACE] R0:3420 R1:3450 R2:0 R3:11 R4:60570 R5:4716 R6:7772 R7:3426
[LOG_TRACE] 003426 000100: jmp R0
[LOG_TRACE] R0:3420 R1:3450 R2:0 R3:11 R4:60570 R5:4716 R6:7772 R7:3420
[LOG_TRACE] 003420 041415: bic (R4), (R5)
[LOG_TRACE] R0:3420 R1:3450 R2:0 R3:11 R4:60570 R5:4716 R6:7772 R7:3422
[LOG_TRACE] 003422 160104: sub R1, R4
[LOG_TRACE] R0:3420 R1:3450 R2:0 R3:11 R4:55120 R5:4716 R6:7772 R7:3424
[LOG_TRACE] 003424 100000: bpl 003426
[LOG_TRACE] R0:3420 R1:3450 R2:0 R3:11 R4:55120 R5:4716 R6:7772 R7:3426
[LOG_TRACE] 003426 000100: jmp R0
[LOG_TRACE] R0:3420 R1:3450 R2:0 R3:11 R4:55120 R5:4716 R6:7772 R7:3420
[LOG_TRACE] 003420 041415: bic (R4), (R5)
[LOG_TRACE] R0:3420 R1:3450 R2:0 R3:11 R4:55120 R5:4716 R6:7772 R7:3422
[LOG_TRACE] 003422 160104: sub R1, R4
[LOG_TRACE] R0:3420 R1:3450 R2:0 R3:11 R4:51450 R5:4716 R6:7772 R7:3424
[LOG_TRACE] 003424 100000: bpl 003426
[LOG_TRACE] R0:3420 R1:3450 R2:0 R3:11 R4:51450 R5:4716 R6:7772 R7:3426
[LOG_TRACE] 003426 000100: jmp R0
[LOG_TRACE] R0:3420 R1:3450 R2:0 R3:11 R4:51450 R5:4716 R6:7772 R7:3420
[LOG_TRACE] 003420 041415: bic (R4), (R5)
[LOG_TRACE] R0:3420 R1:3450 R2:0 R3:11 R4:51450 R5:4716 R6:7772 R7:3422
[LOG_TRACE] 003422 160104: sub R1, R4
[LOG_TRACE] R0:3420 R1:3450 R2:0 R3:11 R4:46000 R5:4716 R6:7772 R7:3424
[LOG_TRACE] 003424 100000: bpl 003426
[LOG_TRACE] R0:3420 R1:3450 R2:0 R3:11 R4:46000 R5:4716 R6:7772 R7:3426
[LOG_TRACE] 003426 000100: jmp R0
[LOG_TRACE] R0:3420 R1:3450 R2:0 R3:11 R4:46000 R5:4716 R6:7772 R7:3420
[LOG_TRACE] 003420 041415: bic (R4), (R5)
[LOG_TRACE] R0:3420 R1:3450 R2:0 R3:11 R4:46000 R5:4716 R6:7772 R7:3422
[LOG_TRACE] 003422 160104: sub R1, R4
[LOG_TRACE] R0:3420 R1:3450 R2:0 R3:11 R4:42330 R5:4716 R6:7772 R7:3424
[LOG_TRACE] 003424 100000: bpl 003426
[LOG_TRACE] R0:3420 R1:3450 R2:0 R3:11 R4:42330 R5:4716 R6:7772 R7:3426
[LOG_TRACE] 003426 000100: jmp R0
[LOG_TRACE] R0:3420 R1:3450 R2:0 R3:11 R4:42330 R5:4716 R6:7772 R7:3420
[LOG_TRACE] 003420 041415: bic (R4), (R5)
[LOG_TRACE] R0:3420 R1:3450 R2:0 R3:11 R4:42330 R5:4716 R6:7772 R7:3422
[LOG_TRACE] 003422 160104: sub R1, R4
[LOG_TRACE] R0:3420 R1:3450 R2:0 R3:11 R4:36660 R5:4716 R6:7772 R7:3424
[LOG_TRACE] 003424 100000: bpl 003426
[LOG_TRACE] R0:3420 R1:3450 R2:0 R3:11 R4:36660 R5:4716 R6:7772 R7:3426
[LOG_TRACE] 003426 000100: jmp R0
[LOG_TRACE] R0:3420 R1:3450 R2:0 R3:11 R4:36660 R5:4716 R6:7772 R7:3420
[LOG_TRACE] 003420 041415: bic (R4), (R5)
[LOG_TRACE] R0:3420 R1:3450 R2:0 R3:11 R4:36660 R5:4716 R6:7772 R7:3422
[LOG_TRACE] 003422 160104: sub R1, R4
[LOG_TRACE] R0:3420 R1:3450 R2:0 R3:11 R4:33210 R5:4716 R6:7772 R7:3424
[LOG_TRACE] 003424 100000: bpl 003426
[LOG_TRACE] R0:3420 R1:3450 R2:0 R3:11 R4:33210 R5:4716 R6:7772 R7:3426
[LOG_TRACE] 003426 000100: jmp R0
[LOG_TRACE] R0:3420 R1:3450 R2:0 R3:11 R4:33210 R5:4716 R6:7772 R7:3420
[LOG_TRACE] 003420 041415: bic (R4), (R5)
[LOG_TRACE] R0:3420 R1:3450 R2:0 R3:11 R4:33210 R5:4716 R6:7772 R7:3422
[LOG_TRACE] 003422 160104: sub R1, R4
[LOG_TRACE] R0:3420 R1:3450 R2:0 R3:11 R4:27540 R5:4716 R6:7772 R7:3424
[LOG_TRACE] 003424 100000: bpl 003426
[LOG_TRACE] R0:3420 R1:3450 R2:0 R3:11 R4:27540 R5:4716 R6:7772 R7:3426
[LOG_TRACE] 003426 000100: jmp R0
[LOG_TRACE] R0:3420 R1:3450 R2:0 R3:11 R4:27540 R5:4716 R6:7772 R7:3420
[LOG_TRACE] 003420 041415: bic (R4), (R5)
[LOG_TRACE] R0:3420 R1:3450 R2:0 R3:11 R4:27540 R5:4716 R6:7772 R7:3422
[LOG_TRACE] 003422 160104: sub R1, R4
[LOG_TRACE] R0:3420 R1:3450 R2:0 R3:11 R4:24070 R5:4716 R6:7772 R7:3424
[LOG_TRACE] 003424 100000: bpl 003426
[LOG_TRACE] R0:3420 R1:3450 R2:0 R3:11 R4:24070 R5:4716 R6:7772 R7:3426
[LOG_TRACE] 003426 000100: jmp R0
[LOG_TRACE] R0:3420 R1:3450 R2:0 R3:11 R4:24070 R5:4716 R6:7772 R7:3420
[LOG_TRACE] 003420 041415: bic (R4), (R5)
[LOG_TRACE] R0:3420 R1:3450 R2:0 R3:11 R4:24070 R5:4716 R6:7772 R7:3422
[LOG_TRACE] 003422 160104: sub R1, R4
[LOG_TRACE] R0:3420 R1:3450 R2:0 R3:11 R4:20420 R5:4716 R6:7772 R7:3424
[LOG_TRACE] 003424 100000: bpl 003426
[LOG_TRACE] R0:3420 R1:3450 R2:0 R3:11 R4:20420 R5:4716 R6:7772 R7:3426
[LOG_TRACE] 003426 000100: jmp R0
[LOG_TRACE] R0:3420 R1:3450 R2:0 R3:11 R4:20420 R5:4716 R6:7772 R7:3420
[LOG_TRACE] 003420 041415: bic (R4), (R5)
[LOG_TRACE] R0:3420 R1:3450 R2:0 R3:11 R4:20420 R5:4716 R6:7772 R7:3422
[LOG_TRACE] 003422 160104: sub R1, R4
[LOG_TRACE] R0:3420 R1:3450 R2:0 R3:11 R4:14750 R5:4716 R6:7772 R7:3424
[LOG_TRACE] 003424 100000: bpl 003426
[LOG_TRACE] R0:3420 R1:3450 R2:0 R3:11 R4:14750 R5:4716 R6:7772 R7:3426
[LOG_TRACE] 003426 000100: jmp R0
[LOG_TRACE] R0:3420 R1:3450 R2:0 R3:11 R4:14750 R5:4716 R6:7772 R7:3420
[LOG_TRACE] 003420 041415: bic (R4), (R5)
[LOG_TRACE] R0:3420 R1:3450 R2:0 R3:11 R4:14750 R5:4716 R6:7772 R7:3422
[LOG_TRACE] 003422 160104: sub R1, R4
[LOG_TRACE] R0:3420 R1:3450 R2:0 R3:11 R4:11300 R5:4716 R6:7772 R7:3424
[LOG_TRACE] 003424 100000: bpl 003426
[LOG_TRACE] R0:3420 R1:3450 R2:0 R3:11 R4:11300 R5:4716 R6:7772 R7:3426
[LOG_TRACE] 003426 000100: jmp R0
[LOG_TRACE] R0:3420 R1:3450 R2:0 R3:11 R4:11300 R5:4716 R6:7772 R7:3420
[LOG_TRACE] 003420 041415: bic (R4), (R5)
[LOG_TRACE] R0:3420 R1:3450 R2:0 R3:11 R4:11300 R5:4716 R6:7772 R7:3422
[LOG_TRACE] 003422 160104: sub R1, R4
[LOG_TRACE] R0:3420 R1:3450 R2:0 R3:11 R4:5630 R5:4716 R6:7772 R7:3424
[LOG_TRACE] 003424 100000: bpl 003426
[LOG_TRACE] R0:3420 R1:3450 R2:0 R3:11 R4:5630 R5:4716 R6:7772 R7:3426
[LOG_TRACE] 003426 000100: jmp R0
[LOG_TRACE] R0:3420 R1:3450 R2:0 R3:11 R4:5630 R5:4716 R6:7772 R7:3420
[LOG_TRACE] 003420 041415: bic (R4), (R5)
[LOG_TRACE] R0:3420 R1:3450 R2:0 R3:11 R4:5630 R5:4716 R6:7772 R7:3422
[LOG_TRACE] 003422 160104: sub R1, R4
[LOG_TRACE] R0:3420 R1:3450 R2:0 R3:11 R4:2160 R5:4716 R6:7772 R7:3424
[LOG_TRACE] 003424 100000: bpl 003426
[LOG_TRACE] R0:3420 R1:3450 R2:0 R3:11 R4:2160 R5:4716 R6:7772 R7:3426
[LOG_TRACE] 003426 000100: jmp R0
[LOG_TRACE] R0:3420 R1:3450 R2:0 R3:11 R4:2160 R5:4716 R6:7772 R7:3420
[LOG_TRACE] 003420 041415: bic (R4), (R5)
[LOG_TRACE] R0:3420 R1:3450 R2:0 R3:11 R4:2160 R5:4716 R6:7772 R7:3422
[LOG_TRACE] 003422 160104: sub R1, R4
[LOG_TRACE] R0:3420 R1:3450 R2:0 R3:11 R4:176510 R5:4716 R6:7772 R7:3424
[LOG_TRACE] 003424 100000: bpl 003426
[LOG_TRACE] R0:3420 R1:3450 R2:0 R3:11 R4:176510 R5:4716 R6:7772 R7:3426
[LOG_TRACE] 003426 000100: jmp R0
[LOG_TRACE] R0:3420 R1:3450 R2:0 R3:11 R4:176510 R5:4716 R6:7772 R7:3420
[LOG_TRACE] >>> BUS ERROR TRAP: Saving context and branching to Vector 4...
[LOG_TRACE] 003172 005011: clr (R1)
[LOG_TRACE] R0:3420 R1:3450 R2:0 R3:11 R4:176510 R5:4716 R6:7766 R7:3174
[LOG_TRACE] 003174 000002: rti (R4), (R1)
[LOG_TRACE] >>> RTI: Returned from interrupt. Restored PC: 003422
[LOG_TRACE] R0:3420 R1:3450 R2:0 R3:11 R4:176510 R5:4716 R6:7772 R7:3422
[LOG_TRACE] 003422 160104: sub R1, R4
[LOG_TRACE] R0:3420 R1:3450 R2:0 R3:11 R4:173040 R5:4716 R6:7772 R7:3424
[LOG_TRACE] 003424 100000: bpl 003426
[LOG_TRACE] R0:3420 R1:3450 R2:0 R3:11 R4:173040 R5:4716 R6:7772 R7:3426
[LOG_TRACE] 003426 000100: jmp R0
[LOG_TRACE] R0:3420 R1:3450 R2:0 R3:11 R4:173040 R5:4716 R6:7772 R7:3420
[LOG_TRACE] >>> BUS ERROR TRAP: Saving context and branching to Vector 4...
[LOG_TRACE] 003172 005011: clr (R1)
[LOG_TRACE] R0:3420 R1:3450 R2:0 R3:11 R4:173040 R5:4716 R6:7766 R7:3174
[LOG_TRACE] 003174 000002: rti (R4), (R1)
[LOG_TRACE] >>> RTI: Returned from interrupt. Restored PC: 003422
[LOG_TRACE] R0:3420 R1:3450 R2:0 R3:11 R4:173040 R5:4716 R6:7772 R7:3422
[LOG_TRACE] 003422 160104: sub R1, R4
[LOG_TRACE] R0:3420 R1:3450 R2:0 R3:11 R4:167370 R5:4716 R6:7772 R7:3424
[LOG_TRACE] 003424 100000: bpl 003426
[LOG_TRACE] R0:3420 R1:3450 R2:0 R3:11 R4:167370 R5:4716 R6:7772 R7:3426
[LOG_TRACE] 003426 000100: jmp R0
[LOG_TRACE] R0:3420 R1:3450 R2:0 R3:11 R4:167370 R5:4716 R6:7772 R7:3420
[LOG_TRACE] >>> BUS ERROR TRAP: Saving context and branching to Vector 4...
[LOG_TRACE] 003172 005011: clr (R1)
[LOG_TRACE] R0:3420 R1:3450 R2:0 R3:11 R4:167370 R5:4716 R6:7766 R7:3174
[LOG_TRACE] 003174 000002: rti (R4), (R1)
[LOG_TRACE] >>> RTI: Returned from interrupt. Restored PC: 003422
[LOG_TRACE] R0:3420 R1:3450 R2:0 R3:11 R4:167370 R5:4716 R6:7772 R7:3422
[LOG_TRACE] 003422 160104: sub R1, R4
[LOG_TRACE] R0:3420 R1:3450 R2:0 R3:11 R4:163720 R5:4716 R6:7772 R7:3424
[LOG_TRACE] 003424 100000: bpl 003426
[LOG_TRACE] R0:3420 R1:3450 R2:0 R3:11 R4:163720 R5:4716 R6:7772 R7:3426
[LOG_TRACE] 003426 000100: jmp R0
[LOG_TRACE] R0:3420 R1:3450 R2:0 R3:11 R4:163720 R5:4716 R6:7772 R7:3420
[LOG_TRACE] >>> BUS ERROR TRAP: Saving context and branching to Vector 4...
[LOG_TRACE] 003172 005011: clr (R1)
[LOG_TRACE] R0:3420 R1:3450 R2:0 R3:11 R4:163720 R5:4716 R6:7766 R7:3174
[LOG_TRACE] 003174 000002: rti (R4), (R1)
[LOG_TRACE] >>> RTI: Returned from interrupt. Restored PC: 003422
[LOG_TRACE] R0:3420 R1:3450 R2:0 R3:11 R4:163720 R5:4716 R6:7772 R7:3422
[LOG_TRACE] 003422 160104: sub R1, R4
[LOG_TRACE] R0:3420 R1:3450 R2:0 R3:11 R4:160250 R5:4716 R6:7772 R7:3424
[LOG_TRACE] 003424 100000: bpl 003426
[LOG_TRACE] R0:3420 R1:3450 R2:0 R3:11 R4:160250 R5:4716 R6:7772 R7:3426
[LOG_TRACE] 003426 000100: jmp R0
[LOG_TRACE] R0:3420 R1:3450 R2:0 R3:11 R4:160250 R5:4716 R6:7772 R7:3420
[LOG_TRACE] >>> BUS ERROR TRAP: Saving context and branching to Vector 4...
[LOG_TRACE] 003172 005011: clr (R1)
[LOG_TRACE] R0:3420 R1:3450 R2:0 R3:11 R4:160250 R5:4716 R6:7766 R7:3174
[LOG_TRACE] 003174 000002: rti (R4), (R1)
[LOG_TRACE] >>> RTI: Returned from interrupt. Restored PC: 003422
[LOG_TRACE] R0:3420 R1:3450 R2:0 R3:11 R4:160250 R5:4716 R6:7772 R7:3422
[LOG_TRACE] 003422 160104: sub R1, R4
[LOG_TRACE] R0:3420 R1:3450 R2:0 R3:11 R4:154600 R5:4716 R6:7772 R7:3424
[LOG_TRACE] 003424 100000: bpl 003426
[LOG_TRACE] R0:3420 R1:3450 R2:0 R3:11 R4:154600 R5:4716 R6:7772 R7:3426
[LOG_TRACE] 003426 000100: jmp R0
[LOG_TRACE] R0:3420 R1:3450 R2:0 R3:11 R4:154600 R5:4716 R6:7772 R7:3420
[LOG_TRACE] 003420 041415: bic (R4), (R5)
[LOG_TRACE] R0:3420 R1:3450 R2:0 R3:11 R4:154600 R5:4716 R6:7772 R7:3422
[LOG_TRACE] 003422 160104: sub R1, R4
[LOG_TRACE] R0:3420 R1:3450 R2:0 R3:11 R4:151130 R5:4716 R6:7772 R7:3424
[LOG_TRACE] 003424 100000: bpl 003426
[LOG_TRACE] R0:3420 R1:3450 R2:0 R3:11 R4:151130 R5:4716 R6:7772 R7:3426
[LOG_TRACE] 003426 000100: jmp R0
[LOG_TRACE] R0:3420 R1:3450 R2:0 R3:11 R4:151130 R5:4716 R6:7772 R7:3420
[LOG_TRACE] 003420 041415: bic (R4), (R5)
[LOG_TRACE] R0:3420 R1:3450 R2:0 R3:11 R4:151130 R5:4716 R6:7772 R7:3422
[LOG_TRACE] 003422 160104: sub R1, R4
[LOG_TRACE] R0:3420 R1:3450 R2:0 R3:11 R4:145460 R5:4716 R6:7772 R7:3424
[LOG_TRACE] 003424 100000: bpl 003426
[LOG_TRACE] R0:3420 R1:3450 R2:0 R3:11 R4:145460 R5:4716 R6:7772 R7:3426
[LOG_TRACE] 003426 000100: jmp R0
[LOG_TRACE] R0:3420 R1:3450 R2:0 R3:11 R4:145460 R5:4716 R6:7772 R7:3420
[LOG_TRACE] 003420 041415: bic (R4), (R5)
[LOG_TRACE] R0:3420 R1:3450 R2:0 R3:11 R4:145460 R5:4716 R6:7772 R7:3422
[LOG_TRACE] 003422 160104: sub R1, R4
[LOG_TRACE] R0:3420 R1:3450 R2:0 R3:11 R4:142010 R5:4716 R6:7772 R7:3424
[LOG_TRACE] 003424 100000: bpl 003426
[LOG_TRACE] R0:3420 R1:3450 R2:0 R3:11 R4:142010 R5:4716 R6:7772 R7:3426
[LOG_TRACE] 003426 000100: jmp R0
[LOG_TRACE] R0:3420 R1:3450 R2:0 R3:11 R4:142010 R5:4716 R6:7772 R7:3420
[LOG_TRACE] 003420 041415: bic (R4), (R5)
[LOG_TRACE] R0:3420 R1:3450 R2:0 R3:11 R4:142010 R5:4716 R6:7772 R7:3422
[LOG_TRACE] 003422 160104: sub R1, R4
[LOG_TRACE] R0:3420 R1:3450 R2:0 R3:11 R4:136340 R5:4716 R6:7772 R7:3424
[LOG_TRACE] 003424 100000: bpl 003426
[LOG_TRACE] R0:3420 R1:3450 R2:0 R3:11 R4:136340 R5:4716 R6:7772 R7:3426
[LOG_TRACE] 003426 000100: jmp R0
[LOG_TRACE] R0:3420 R1:3450 R2:0 R3:11 R4:136340 R5:4716 R6:7772 R7:3420
[LOG_TRACE] 003420 041415: bic (R4), (R5)
[LOG_TRACE] R0:3420 R1:3450 R2:0 R3:11 R4:136340 R5:4716 R6:7772 R7:3422
[LOG_TRACE] 003422 160104: sub R1, R4
[LOG_TRACE] R0:3420 R1:3450 R2:0 R3:11 R4:132670 R5:4716 R6:7772 R7:3424
[LOG_TRACE] 003424 100000: bpl 003426
[LOG_TRACE] R0:3420 R1:3450 R2:0 R3:11 R4:132670 R5:4716 R6:7772 R7:3426
[LOG_TRACE] 003426 000100: jmp R0
[LOG_TRACE] R0:3420 R1:3450 R2:0 R3:11 R4:132670 R5:4716 R6:7772 R7:3420
[LOG_TRACE] 003420 041415: bic (R4), (R5)
[LOG_TRACE] R0:3420 R1:3450 R2:0 R3:11 R4:132670 R5:4716 R6:7772 R7:3422
[LOG_TRACE] 003422 160104: sub R1, R4
[LOG_TRACE] R0:3420 R1:3450 R2:0 R3:11 R4:127220 R5:4716 R6:7772 R7:3424
[LOG_TRACE] 003424 100000: bpl 003426
[LOG_TRACE] R0:3420 R1:3450 R2:0 R3:11 R4:127220 R5:4716 R6:7772 R7:3426
[LOG_TRACE] 003426 000100: jmp R0
[LOG_TRACE] R0:3420 R1:3450 R2:0 R3:11 R4:127220 R5:4716 R6:7772 R7:3420
[LOG_TRACE] 003420 041415: bic (R4), (R5)
[LOG_TRACE] R0:3420 R1:3450 R2:0 R3:11 R4:127220 R5:4716 R6:7772 R7:3422
[LOG_TRACE] 003422 160104: sub R1, R4
[LOG_TRACE] R0:3420 R1:3450 R2:0 R3:11 R4:123550 R5:4716 R6:7772 R7:3424
[LOG_TRACE] 003424 100000: bpl 003426
[LOG_TRACE] R0:3420 R1:3450 R2:0 R3:11 R4:123550 R5:4716 R6:7772 R7:3426
[LOG_TRACE] 003426 000100: jmp R0
[LOG_TRACE] R0:3420 R1:3450 R2:0 R3:11 R4:123550 R5:4716 R6:7772 R7:3420
[LOG_TRACE] 003420 041415: bic (R4), (R5)
[LOG_TRACE] R0:3420 R1:3450 R2:0 R3:11 R4:123550 R5:4716 R6:7772 R7:3422
[LOG_TRACE] 003422 160104: sub R1, R4
[LOG_TRACE] R0:3420 R1:3450 R2:0 R3:11 R4:120100 R5:4716 R6:7772 R7:3424
[LOG_TRACE] 003424 100000: bpl 003426
[LOG_TRACE] R0:3420 R1:3450 R2:0 R3:11 R4:120100 R5:4716 R6:7772 R7:3426
[LOG_TRACE] 003426 000100: jmp R0
[LOG_TRACE] R0:3420 R1:3450 R2:0 R3:11 R4:120100 R5:4716 R6:7772 R7:3420
[LOG_TRACE] 003420 041415: bic (R4), (R5)
[LOG_TRACE] R0:3420 R1:3450 R2:0 R3:11 R4:120100 R5:4716 R6:7772 R7:3422
[LOG_TRACE] 003422 160104: sub R1, R4
[LOG_TRACE] R0:3420 R1:3450 R2:0 R3:11 R4:114430 R5:4716 R6:7772 R7:3424
[LOG_TRACE] 003424 100000: bpl 003426
[LOG_TRACE] R0:3420 R1:3450 R2:0 R3:11 R4:114430 R5:4716 R6:7772 R7:3426
[LOG_TRACE] 003426 000100: jmp R0
[LOG_TRACE] R0:3420 R1:3450 R2:0 R3:11 R4:114430 R5:4716 R6:7772 R7:3420
[LOG_TRACE] 003420 041415: bic (R4), (R5)
[LOG_TRACE] R0:3420 R1:3450 R2:0 R3:11 R4:114430 R5:4716 R6:7772 R7:3422
[LOG_TRACE] 003422 160104: sub R1, R4
[LOG_TRACE] R0:3420 R1:3450 R2:0 R3:11 R4:110760 R5:4716 R6:7772 R7:3424
[LOG_TRACE] 003424 100000: bpl 003426
[LOG_TRACE] R0:3420 R1:3450 R2:0 R3:11 R4:110760 R5:4716 R6:7772 R7:3426
[LOG_TRACE] 003426 000100: jmp R0
[LOG_TRACE] R0:3420 R1:3450 R2:0 R3:11 R4:110760 R5:4716 R6:7772 R7:3420
[LOG_TRACE] 003420 041415: bic (R4), (R5)
[LOG_TRACE] R0:3420 R1:3450 R2:0 R3:11 R4:110760 R5:4716 R6:7772 R7:3422
[LOG_TRACE] 003422 160104: sub R1, R4
[LOG_TRACE] R0:3420 R1:3450 R2:0 R3:11 R4:105310 R5:4716 R6:7772 R7:3424
[LOG_TRACE] 003424 100000: bpl 003426
[LOG_TRACE] R0:3420 R1:3450 R2:0 R3:11 R4:105310 R5:4716 R6:7772 R7:3426
[LOG_TRACE] 003426 000100: jmp R0
[LOG_TRACE] R0:3420 R1:3450 R2:0 R3:11 R4:105310 R5:4716 R6:7772 R7:3420
[LOG_TRACE] 003420 041415: bic (R4), (R5)
[LOG_TRACE] R0:3420 R1:3450 R2:0 R3:11 R4:105310 R5:4716 R6:7772 R7:3422
[LOG_TRACE] 003422 160104: sub R1, R4
[LOG_TRACE] R0:3420 R1:3450 R2:0 R3:11 R4:101640 R5:4716 R6:7772 R7:3424
[LOG_TRACE] 003424 100000: bpl 003426
[LOG_TRACE] R0:3420 R1:3450 R2:0 R3:11 R4:101640 R5:4716 R6:7772 R7:3426
[LOG_TRACE] 003426 000100: jmp R0
[LOG_TRACE] R0:3420 R1:3450 R2:0 R3:11 R4:101640 R5:4716 R6:7772 R7:3420
[LOG_TRACE] 003420 041415: bic (R4), (R5)
[LOG_TRACE] R0:3420 R1:3450 R2:0 R3:11 R4:101640 R5:4716 R6:7772 R7:3422
[LOG_TRACE] 003422 160104: sub R1, R4
[LOG_TRACE] R0:3420 R1:3450 R2:0 R3:11 R4:76170 R5:4716 R6:7772 R7:3424
[LOG_TRACE] 003424 100000: bpl 003426
[LOG_TRACE] R0:3420 R1:3450 R2:0 R3:11 R4:76170 R5:4716 R6:7772 R7:3426
[LOG_TRACE] 003426 000100: jmp R0
[LOG_TRACE] R0:3420 R1:3450 R2:0 R3:11 R4:76170 R5:4716 R6:7772 R7:3420
[LOG_TRACE] 003420 041415: bic (R4), (R5)
[LOG_TRACE] R0:3420 R1:3450 R2:0 R3:11 R4:76170 R5:4716 R6:7772 R7:3422
[LOG_TRACE] 003422 160104: sub R1, R4
[LOG_TRACE] R0:3420 R1:3450 R2:0 R3:11 R4:72520 R5:4716 R6:7772 R7:3424
[LOG_TRACE] 003424 100000: bpl 003426
[LOG_TRACE] R0:3420 R1:3450 R2:0 R3:11 R4:72520 R5:4716 R6:7772 R7:3426
[LOG_TRACE] 003426 000100: jmp R0
[LOG_TRACE] R0:3420 R1:3450 R2:0 R3:11 R4:72520 R5:4716 R6:7772 R7:3420
[LOG_TRACE] 003420 041415: bic (R4), (R5)
[LOG_TRACE] R0:3420 R1:3450 R2:0 R3:11 R4:72520 R5:4716 R6:7772 R7:3422
[LOG_TRACE] 003422 160104: sub R1, R4
[LOG_TRACE] R0:3420 R1:3450 R2:0 R3:11 R4:67050 R5:4716 R6:7772 R7:3424
[LOG_TRACE] 003424 100000: bpl 003426
[LOG_TRACE] R0:3420 R1:3450 R2:0 R3:11 R4:67050 R5:4716 R6:7772 R7:3426
[LOG_TRACE] 003426 000100: jmp R0
[LOG_TRACE] R0:3420 R1:3450 R2:0 R3:11 R4:67050 R5:4716 R6:7772 R7:3420
[LOG_TRACE] 003420 041415: bic (R4), (R5)
[LOG_TRACE] R0:3420 R1:3450 R2:0 R3:11 R4:67050 R5:4716 R6:7772 R7:3422
[LOG_TRACE] 003422 160104: sub R1, R4
[LOG_TRACE] R0:3420 R1:3450 R2:0 R3:11 R4:63400 R5:4716 R6:7772 R7:3424
[LOG_TRACE] 003424 100000: bpl 003426
[LOG_TRACE] R0:3420 R1:3450 R2:0 R3:11 R4:63400 R5:4716 R6:7772 R7:3426
[LOG_TRACE] 003426 000100: jmp R0
[LOG_TRACE] R0:3420 R1:3450 R2:0 R3:11 R4:63400 R5:4716 R6:7772 R7:3420
[LOG_TRACE] 003420 041415: bic (R4), (R5)
[LOG_TRACE] R0:3420 R1:3450 R2:0 R3:11 R4:63400 R5:4716 R6:7772 R7:3422
[LOG_TRACE] 003422 160104: sub R1, R4
[LOG_TRACE] R0:3420 R1:3450 R2:0 R3:11 R4:57730 R5:4716 R6:7772 R7:3424
[LOG_TRACE] 003424 100000: bpl 003426
[LOG_TRACE] R0:3420 R1:3450 R2:0 R3:11 R4:57730 R5:4716 R6:7772 R7:3426
[LOG_TRACE] 003426 000100: jmp R0
[LOG_TRACE] R0:3420 R1:3450 R2:0 R3:11 R4:57730 R5:4716 R6:7772 R7:3420
[LOG_TRACE] 003420 041415: bic (R4), (R5)
[LOG_TRACE] R0:3420 R1:3450 R2:0 R3:11 R4:57730 R5:4716 R6:7772 R7:3422
[LOG_TRACE] 003422 160104: sub R1, R4
[LOG_TRACE] R0:3420 R1:3450 R2:0 R3:11 R4:54260 R5:4716 R6:7772 R7:3424
[LOG_TRACE] 003424 100000: bpl 003426
[LOG_TRACE] R0:3420 R1:3450 R2:0 R3:11 R4:54260 R5:4716 R6:7772 R7:3426
[LOG_TRACE] 003426 000100: jmp R0
[LOG_TRACE] R0:3420 R1:3450 R2:0 R3:11 R4:54260 R5:4716 R6:7772 R7:3420
[LOG_TRACE] 003420 041415: bic (R4), (R5)
[LOG_TRACE] R0:3420 R1:3450 R2:0 R3:11 R4:54260 R5:4716 R6:7772 R7:3422
[LOG_TRACE] 003422 160104: sub R1, R4
[LOG_TRACE] R0:3420 R1:3450 R2:0 R3:11 R4:50610 R5:4716 R6:7772 R7:3424
[LOG_TRACE] 003424 100000: bpl 003426
[LOG_TRACE] R0:3420 R1:3450 R2:0 R3:11 R4:50610 R5:4716 R6:7772 R7:3426
[LOG_TRACE] 003426 000100: jmp R0
[LOG_TRACE] R0:3420 R1:3450 R2:0 R3:11 R4:50610 R5:4716 R6:7772 R7:3420
[LOG_TRACE] 003420 041415: bic (R4), (R5)
[LOG_TRACE] R0:3420 R1:3450 R2:0 R3:11 R4:50610 R5:4716 R6:7772 R7:3422
[LOG_TRACE] 003422 160104: sub R1, R4
[LOG_TRACE] R0:3420 R1:3450 R2:0 R3:11 R4:45140 R5:4716 R6:7772 R7:3424
[LOG_TRACE] 003424 100000: bpl 003426
[LOG_TRACE] R0:3420 R1:3450 R2:0 R3:11 R4:45140 R5:4716 R6:7772 R7:3426
[LOG_TRACE] 003426 000100: jmp R0
[LOG_TRACE] R0:3420 R1:3450 R2:0 R3:11 R4:45140 R5:4716 R6:7772 R7:3420
[LOG_TRACE] 003420 041415: bic (R4), (R5)
[LOG_TRACE] R0:3420 R1:3450 R2:0 R3:11 R4:45140 R5:4716 R6:7772 R7:3422
[LOG_TRACE] 003422 160104: sub R1, R4
[LOG_TRACE] R0:3420 R1:3450 R2:0 R3:11 R4:41470 R5:4716 R6:7772 R7:3424
[LOG_TRACE] 003424 100000: bpl 003426
[LOG_TRACE] R0:3420 R1:3450 R2:0 R3:11 R4:41470 R5:4716 R6:7772 R7:3426
[LOG_TRACE] 003426 000100: jmp R0
[LOG_TRACE] R0:3420 R1:3450 R2:0 R3:11 R4:41470 R5:4716 R6:7772 R7:3420
[LOG_TRACE] 003420 041415: bic (R4), (R5)
[LOG_TRACE] R0:3420 R1:3450 R2:0 R3:11 R4:41470 R5:4716 R6:7772 R7:3422
[LOG_TRACE] 003422 160104: sub R1, R4
[LOG_TRACE] R0:3420 R1:3450 R2:0 R3:11 R4:36020 R5:4716 R6:7772 R7:3424
[LOG_TRACE] 003424 100000: bpl 003426
[LOG_TRACE] R0:3420 R1:3450 R2:0 R3:11 R4:36020 R5:4716 R6:7772 R7:3426
[LOG_TRACE] 003426 000100: jmp R0
[LOG_TRACE] R0:3420 R1:3450 R2:0 R3:11 R4:36020 R5:4716 R6:7772 R7:3420
[LOG_TRACE] 003420 041415: bic (R4), (R5)
[LOG_TRACE] R0:3420 R1:3450 R2:0 R3:11 R4:36020 R5:4716 R6:7772 R7:3422
[LOG_TRACE] 003422 160104: sub R1, R4
[LOG_TRACE] R0:3420 R1:3450 R2:0 R3:11 R4:32350 R5:4716 R6:7772 R7:3424
[LOG_TRACE] 003424 100000: bpl 003426
[LOG_TRACE] R0:3420 R1:3450 R2:0 R3:11 R4:32350 R5:4716 R6:7772 R7:3426
[LOG_TRACE] 003426 000100: jmp R0
[LOG_TRACE] R0:3420 R1:3450 R2:0 R3:11 R4:32350 R5:4716 R6:7772 R7:3420
[LOG_TRACE] 003420 041415: bic (R4), (R5)
[LOG_TRACE] R0:3420 R1:3450 R2:0 R3:11 R4:32350 R5:4716 R6:7772 R7:3422
[LOG_TRACE] 003422 160104: sub R1, R4
[LOG_TRACE] R0:3420 R1:3450 R2:0 R3:11 R4:26700 R5:4716 R6:7772 R7:3424
[LOG_TRACE] 003424 100000: bpl 003426
[LOG_TRACE] R0:3420 R1:3450 R2:0 R3:11 R4:26700 R5:4716 R6:7772 R7:3426
[LOG_TRACE] 003426 000100: jmp R0
[LOG_TRACE] R0:3420 R1:3450 R2:0 R3:11 R4:26700 R5:4716 R6:7772 R7:3420
[LOG_TRACE] 003420 041415: bic (R4), (R5)
[LOG_TRACE] R0:3420 R1:3450 R2:0 R3:11 R4:26700 R5:4716 R6:7772 R7:3422
[LOG_TRACE] 003422 160104: sub R1, R4
[LOG_TRACE] R0:3420 R1:3450 R2:0 R3:11 R4:23230 R5:4716 R6:7772 R7:3424
[LOG_TRACE] 003424 100000: bpl 003426
[LOG_TRACE] R0:3420 R1:3450 R2:0 R3:11 R4:23230 R5:4716 R6:7772 R7:3426
[LOG_TRACE] 003426 000100: jmp R0
[LOG_TRACE] R0:3420 R1:3450 R2:0 R3:11 R4:23230 R5:4716 R6:7772 R7:3420
[LOG_TRACE] 003420 041415: bic (R4), (R5)
[LOG_TRACE] R0:3420 R1:3450 R2:0 R3:11 R4:23230 R5:4716 R6:7772 R7:3422
[LOG_TRACE] 003422 160104: sub R1, R4
[LOG_TRACE] R0:3420 R1:3450 R2:0 R3:11 R4:17560 R5:4716 R6:7772 R7:3424
[LOG_TRACE] 003424 100000: bpl 003426
[LOG_TRACE] R0:3420 R1:3450 R2:0 R3:11 R4:17560 R5:4716 R6:7772 R7:3426
[LOG_TRACE] 003426 000100: jmp R0
[LOG_TRACE] R0:3420 R1:3450 R2:0 R3:11 R4:17560 R5:4716 R6:7772 R7:3420
[LOG_TRACE] 003420 041415: bic (R4), (R5)
[LOG_TRACE] R0:3420 R1:3450 R2:0 R3:11 R4:17560 R5:4716 R6:7772 R7:3422
[LOG_TRACE] 003422 160104: sub R1, R4
[LOG_TRACE] R0:3420 R1:3450 R2:0 R3:11 R4:14110 R5:4716 R6:7772 R7:3424
[LOG_TRACE] 003424 100000: bpl 003426
[LOG_TRACE] R0:3420 R1:3450 R2:0 R3:11 R4:14110 R5:4716 R6:7772 R7:3426
[LOG_TRACE] 003426 000100: jmp R0
[LOG_TRACE] R0:3420 R1:3450 R2:0 R3:11 R4:14110 R5:4716 R6:7772 R7:3420
[LOG_TRACE] 003420 041415: bic (R4), (R5)
[LOG_TRACE] R0:3420 R1:3450 R2:0 R3:11 R4:14110 R5:4716 R6:7772 R7:3422
[LOG_TRACE] 003422 160104: sub R1, R4
[LOG_TRACE] R0:3420 R1:3450 R2:0 R3:11 R4:10440 R5:4716 R6:7772 R7:3424
[LOG_TRACE] 003424 100000: bpl 003426
[LOG_TRACE] R0:3420 R1:3450 R2:0 R3:11 R4:10440 R5:4716 R6:7772 R7:3426
[LOG_TRACE] 003426 000100: jmp R0
[LOG_TRACE] R0:3420 R1:3450 R2:0 R3:11 R4:10440 R5:4716 R6:7772 R7:3420
[LOG_TRACE] 003420 041415: bic (R4), (R5)
[LOG_TRACE] R0:3420 R1:3450 R2:0 R3:11 R4:10440 R5:4716 R6:7772 R7:3422
[LOG_TRACE] 003422 160104: sub R1, R4
[LOG_TRACE] R0:3420 R1:3450 R2:0 R3:11 R4:4770 R5:4716 R6:7772 R7:3424
[LOG_TRACE] 003424 100000: bpl 003426
[LOG_TRACE] R0:3420 R1:3450 R2:0 R3:11 R4:4770 R5:4716 R6:7772 R7:3426
[LOG_TRACE] 003426 000100: jmp R0
[LOG_TRACE] R0:3420 R1:3450 R2:0 R3:11 R4:4770 R5:4716 R6:7772 R7:3420
[LOG_TRACE] 003420 041415: bic (R4), (R5)
[LOG_TRACE] R0:3420 R1:3450 R2:0 R3:11 R4:4770 R5:4716 R6:7772 R7:3422
[LOG_TRACE] 003422 160104: sub R1, R4
[LOG_TRACE] R0:3420 R1:3450 R2:0 R3:11 R4:1320 R5:4716 R6:7772 R7:3424
[LOG_TRACE] 003424 100000: bpl 003426
[LOG_TRACE] R0:3420 R1:3450 R2:0 R3:11 R4:1320 R5:4716 R6:7772 R7:3426
[LOG_TRACE] 003426 000100: jmp R0
[LOG_TRACE] R0:3420 R1:3450 R2:0 R3:11 R4:1320 R5:4716 R6:7772 R7:3420
[LOG_TRACE] 003420 041415: bic (R4), (R5)
[LOG_TRACE] R0:3420 R1:3450 R2:0 R3:11 R4:1320 R5:4716 R6:7772 R7:3422
[LOG_TRACE] 003422 160104: sub R1, R4
[LOG_TRACE] R0:3420 R1:3450 R2:0 R3:11 R4:175650 R5:4716 R6:7772 R7:3424
[LOG_TRACE] 003424 100000: bpl 003426
[LOG_TRACE] R0:3420 R1:3450 R2:0 R3:11 R4:175650 R5:4716 R6:7772 R7:3426
[LOG_TRACE] 003426 000100: jmp R0
[LOG_TRACE] R0:3420 R1:3450 R2:0 R3:11 R4:175650 R5:4716 R6:7772 R7:3420
[LOG_TRACE] >>> BUS ERROR TRAP: Saving context and branching to Vector 4...
[LOG_TRACE] 003172 005011: clr (R1)
[LOG_TRACE] R0:3420 R1:3450 R2:0 R3:11 R4:175650 R5:4716 R6:7766 R7:3174
[LOG_TRACE] 003174 000002: rti (R4), (R1)
[LOG_TRACE] >>> RTI: Returned from interrupt. Restored PC: 003422
[LOG_TRACE] R0:3420 R1:3450 R2:0 R3:11 R4:175650 R5:4716 R6:7772 R7:3422
[LOG_TRACE] 003422 160104: sub R1, R4
[LOG_TRACE] R0:3420 R1:3450 R2:0 R3:11 R4:172200 R5:4716 R6:7772 R7:3424
[LOG_TRACE] 003424 100000: bpl 003426
[LOG_TRACE] R0:3420 R1:3450 R2:0 R3:11 R4:172200 R5:4716 R6:7772 R7:3426
[LOG_TRACE] 003426 000100: jmp R0
[LOG_TRACE] R0:3420 R1:3450 R2:0 R3:11 R4:172200 R5:4716 R6:7772 R7:3420
[LOG_TRACE] >>> BUS ERROR TRAP: Saving context and branching to Vector 4...
[LOG_TRACE] 003172 005011: clr (R1)
[LOG_TRACE] R0:3420 R1:3450 R2:0 R3:11 R4:172200 R5:4716 R6:7766 R7:3174
[LOG_TRACE] 003174 000002: rti (R4), (R1)
[LOG_TRACE] >>> RTI: Returned from interrupt. Restored PC: 003422
[LOG_TRACE] R0:3420 R1:3450 R2:0 R3:11 R4:172200 R5:4716 R6:7772 R7:3422
[LOG_TRACE] 003422 160104: sub R1, R4
[LOG_TRACE] R0:3420 R1:3450 R2:0 R3:11 R4:166530 R5:4716 R6:7772 R7:3424
[LOG_TRACE] 003424 100000: bpl 003426
[LOG_TRACE] R0:3420 R1:3450 R2:0 R3:11 R4:166530 R5:4716 R6:7772 R7:3426
[LOG_TRACE] 003426 000100: jmp R0
[LOG_TRACE] R0:3420 R1:3450 R2:0 R3:11 R4:166530 R5:4716 R6:7772 R7:3420
[LOG_TRACE] >>> BUS ERROR TRAP: Saving context and branching to Vector 4...
[LOG_TRACE] 003172 005011: clr (R1)
[LOG_TRACE] R0:3420 R1:3450 R2:0 R3:11 R4:166530 R5:4716 R6:7766 R7:3174
[LOG_TRACE] 003174 000002: rti (R4), (R1)
[LOG_TRACE] >>> RTI: Returned from interrupt. Restored PC: 003422
[LOG_TRACE] R0:3420 R1:3450 R2:0 R3:11 R4:166530 R5:4716 R6:7772 R7:3422
[LOG_TRACE] 003422 160104: sub R1, R4
[LOG_TRACE] R0:3420 R1:3450 R2:0 R3:11 R4:163060 R5:4716 R6:7772 R7:3424
[LOG_TRACE] 003424 100000: bpl 003426
[LOG_TRACE] R0:3420 R1:3450 R2:0 R3:11 R4:163060 R5:4716 R6:7772 R7:3426
[LOG_TRACE] 003426 000100: jmp R0
[LOG_TRACE] R0:3420 R1:3450 R2:0 R3:11 R4:163060 R5:4716 R6:7772 R7:3420
[LOG_TRACE] >>> BUS ERROR TRAP: Saving context and branching to Vector 4...
[LOG_TRACE] 003172 005011: clr (R1)
[LOG_TRACE] R0:3420 R1:3450 R2:0 R3:11 R4:163060 R5:4716 R6:7766 R7:3174
[LOG_TRACE] 003174 000002: rti (R4), (R1)
[LOG_TRACE] >>> RTI: Returned from interrupt. Restored PC: 003422
[LOG_TRACE] R0:3420 R1:3450 R2:0 R3:11 R4:163060 R5:4716 R6:7772 R7:3422
[LOG_TRACE] 003422 160104: sub R1, R4
[LOG_TRACE] R0:3420 R1:3450 R2:0 R3:11 R4:157410 R5:4716 R6:7772 R7:3424
[LOG_TRACE] 003424 100000: bpl 003426
[LOG_TRACE] R0:3420 R1:3450 R2:0 R3:11 R4:157410 R5:4716 R6:7772 R7:3426
[LOG_TRACE] 003426 000100: jmp R0
[LOG_TRACE] R0:3420 R1:3450 R2:0 R3:11 R4:157410 R5:4716 R6:7772 R7:3420
[LOG_TRACE] 003420 041415: bic (R4), (R5)
[LOG_TRACE] R0:3420 R1:3450 R2:0 R3:11 R4:157410 R5:4716 R6:7772 R7:3422
[LOG_TRACE] 003422 160104: sub R1, R4
[LOG_TRACE] R0:3420 R1:3450 R2:0 R3:11 R4:153740 R5:4716 R6:7772 R7:3424
[LOG_TRACE] 003424 100000: bpl 003426
[LOG_TRACE] R0:3420 R1:3450 R2:0 R3:11 R4:153740 R5:4716 R6:7772 R7:3426
[LOG_TRACE] 003426 000100: jmp R0
[LOG_TRACE] R0:3420 R1:3450 R2:0 R3:11 R4:153740 R5:4716 R6:7772 R7:3420
[LOG_TRACE] 003420 041415: bic (R4), (R5)
[LOG_TRACE] R0:3420 R1:3450 R2:0 R3:11 R4:153740 R5:4716 R6:7772 R7:3422
[LOG_TRACE] 003422 160104: sub R1, R4
[LOG_TRACE] R0:3420 R1:3450 R2:0 R3:11 R4:150270 R5:4716 R6:7772 R7:3424
[LOG_TRACE] 003424 100000: bpl 003426
[LOG_TRACE] R0:3420 R1:3450 R2:0 R3:11 R4:150270 R5:4716 R6:7772 R7:3426
[LOG_TRACE] 003426 000100: jmp R0
[LOG_TRACE] R0:3420 R1:3450 R2:0 R3:11 R4:150270 R5:4716 R6:7772 R7:3420
[LOG_TRACE] 003420 041415: bic (R4), (R5)
[LOG_TRACE] R0:3420 R1:3450 R2:0 R3:11 R4:150270 R5:4716 R6:7772 R7:3422
[LOG_TRACE] 003422 160104: sub R1, R4
[LOG_TRACE] R0:3420 R1:3450 R2:0 R3:11 R4:144620 R5:4716 R6:7772 R7:3424
[LOG_TRACE] 003424 100000: bpl 003426
[LOG_TRACE] R0:3420 R1:3450 R2:0 R3:11 R4:144620 R5:4716 R6:7772 R7:3426
[LOG_TRACE] 003426 000100: jmp R0
[LOG_TRACE] R0:3420 R1:3450 R2:0 R3:11 R4:144620 R5:4716 R6:7772 R7:3420
[LOG_TRACE] 003420 041415: bic (R4), (R5)
[LOG_TRACE] R0:3420 R1:3450 R2:0 R3:11 R4:144620 R5:4716 R6:7772 R7:3422
[LOG_TRACE] 003422 160104: sub R1, R4
[LOG_TRACE] R0:3420 R1:3450 R2:0 R3:11 R4:141150 R5:4716 R6:7772 R7:3424
[LOG_TRACE] 003424 100000: bpl 003426
[LOG_TRACE] R0:3420 R1:3450 R2:0 R3:11 R4:141150 R5:4716 R6:7772 R7:3426
[LOG_TRACE] 003426 000100: jmp R0
[LOG_TRACE] R0:3420 R1:3450 R2:0 R3:11 R4:141150 R5:4716 R6:7772 R7:3420
[LOG_TRACE] 003420 041415: bic (R4), (R5)
[LOG_TRACE] R0:3420 R1:3450 R2:0 R3:11 R4:141150 R5:4716 R6:7772 R7:3422
[LOG_TRACE] 003422 160104: sub R1, R4
[LOG_TRACE] R0:3420 R1:3450 R2:0 R3:11 R4:135500 R5:4716 R6:7772 R7:3424
[LOG_TRACE] 003424 100000: bpl 003426
[LOG_TRACE] R0:3420 R1:3450 R2:0 R3:11 R4:135500 R5:4716 R6:7772 R7:3426
[LOG_TRACE] 003426 000100: jmp R0
[LOG_TRACE] R0:3420 R1:3450 R2:0 R3:11 R4:135500 R5:4716 R6:7772 R7:3420
[LOG_TRACE] 003420 041415: bic (R4), (R5)
[LOG_TRACE] R0:3420 R1:3450 R2:0 R3:11 R4:135500 R5:4716 R6:7772 R7:3422
[LOG_TRACE] 003422 160104: sub R1, R4
[LOG_TRACE] R0:3420 R1:3450 R2:0 R3:11 R4:132030 R5:4716 R6:7772 R7:3424
[LOG_TRACE] 003424 100000: bpl 003426
[LOG_TRACE] R0:3420 R1:3450 R2:0 R3:11 R4:132030 R5:4716 R6:7772 R7:3426
[LOG_TRACE] 003426 000100: jmp R0
[LOG_TRACE] R0:3420 R1:3450 R2:0 R3:11 R4:132030 R5:4716 R6:7772 R7:3420
[LOG_TRACE] 003420 041415: bic (R4), (R5)
[LOG_TRACE] R0:3420 R1:3450 R2:0 R3:11 R4:132030 R5:4716 R6:7772 R7:3422
[LOG_TRACE] 003422 160104: sub R1, R4
[LOG_TRACE] R0:3420 R1:3450 R2:0 R3:11 R4:126360 R5:4716 R6:7772 R7:3424
[LOG_TRACE] 003424 100000: bpl 003426
[LOG_TRACE] R0:3420 R1:3450 R2:0 R3:11 R4:126360 R5:4716 R6:7772 R7:3426
[LOG_TRACE] 003426 000100: jmp R0
[LOG_TRACE] R0:3420 R1:3450 R2:0 R3:11 R4:126360 R5:4716 R6:7772 R7:3420
[LOG_TRACE] 003420 041415: bic (R4), (R5)
[LOG_TRACE] R0:3420 R1:3450 R2:0 R3:11 R4:126360 R5:4716 R6:7772 R7:3422
[LOG_TRACE] 003422 160104: sub R1, R4
[LOG_TRACE] R0:3420 R1:3450 R2:0 R3:11 R4:122710 R5:4716 R6:7772 R7:3424
[LOG_TRACE] 003424 100000: bpl 003426
[LOG_TRACE] R0:3420 R1:3450 R2:0 R3:11 R4:122710 R5:4716 R6:7772 R7:3426
[LOG_TRACE] 003426 000100: jmp R0
[LOG_TRACE] R0:3420 R1:3450 R2:0 R3:11 R4:122710 R5:4716 R6:7772 R7:3420
[LOG_TRACE] 003420 041415: bic (R4), (R5)
[LOG_TRACE] R0:3420 R1:3450 R2:0 R3:11 R4:122710 R5:4716 R6:7772 R7:3422
[LOG_TRACE] 003422 160104: sub R1, R4
[LOG_TRACE] R0:3420 R1:3450 R2:0 R3:11 R4:117240 R5:4716 R6:7772 R7:3424
[LOG_TRACE] 003424 100000: bpl 003426
[LOG_TRACE] R0:3420 R1:3450 R2:0 R3:11 R4:117240 R5:4716 R6:7772 R7:3426
[LOG_TRACE] 003426 000100: jmp R0
[LOG_TRACE] R0:3420 R1:3450 R2:0 R3:11 R4:117240 R5:4716 R6:7772 R7:3420
[LOG_TRACE] 003420 041415: bic (R4), (R5)
[LOG_TRACE] R0:3420 R1:3450 R2:0 R3:11 R4:117240 R5:4716 R6:7772 R7:3422
[LOG_TRACE] 003422 160104: sub R1, R4
[LOG_TRACE] R0:3420 R1:3450 R2:0 R3:11 R4:113570 R5:4716 R6:7772 R7:3424
[LOG_TRACE] 003424 100000: bpl 003426
[LOG_TRACE] R0:3420 R1:3450 R2:0 R3:11 R4:113570 R5:4716 R6:7772 R7:3426
[LOG_TRACE] 003426 000100: jmp R0
[LOG_TRACE] R0:3420 R1:3450 R2:0 R3:11 R4:113570 R5:4716 R6:7772 R7:3420
[LOG_TRACE] 003420 041415: bic (R4), (R5)
[LOG_TRACE] R0:3420 R1:3450 R2:0 R3:11 R4:113570 R5:4716 R6:7772 R7:3422
[LOG_TRACE] 003422 160104: sub R1, R4
[LOG_TRACE] R0:3420 R1:3450 R2:0 R3:11 R4:110120 R5:4716 R6:7772 R7:3424
[LOG_TRACE] 003424 100000: bpl 003426
[LOG_TRACE] R0:3420 R1:3450 R2:0 R3:11 R4:110120 R5:4716 R6:7772 R7:3426
[LOG_TRACE] 003426 000100: jmp R0
[LOG_TRACE] R0:3420 R1:3450 R2:0 R3:11 R4:110120 R5:4716 R6:7772 R7:3420
[LOG_TRACE] 003420 041415: bic (R4), (R5)
[LOG_TRACE] R0:3420 R1:3450 R2:0 R3:11 R4:110120 R5:4716 R6:7772 R7:3422
[LOG_TRACE] 003422 160104: sub R1, R4
[LOG_TRACE] R0:3420 R1:3450 R2:0 R3:11 R4:104450 R5:4716 R6:7772 R7:3424
[LOG_TRACE] 003424 100000: bpl 003426
[LOG_TRACE] R0:3420 R1:3450 R2:0 R3:11 R4:104450 R5:4716 R6:7772 R7:3426
[LOG_TRACE] 003426 000100: jmp R0
[LOG_TRACE] R0:3420 R1:3450 R2:0 R3:11 R4:104450 R5:4716 R6:7772 R7:3420
[LOG_TRACE] 003420 041415: bic (R4), (R5)
[LOG_TRACE] R0:3420 R1:3450 R2:0 R3:11 R4:104450 R5:4716 R6:7772 R7:3422
[LOG_TRACE] 003422 160104: sub R1, R4
[LOG_TRACE] R0:3420 R1:3450 R2:0 R3:11 R4:101000 R5:4716 R6:7772 R7:3424
[LOG_TRACE] 003424 100000: bpl 003426
[LOG_TRACE] R0:3420 R1:3450 R2:0 R3:11 R4:101000 R5:4716 R6:7772 R7:3426
[LOG_TRACE] 003426 000100: jmp R0
[LOG_TRACE] R0:3420 R1:3450 R2:0 R3:11 R4:101000 R5:4716 R6:7772 R7:3420
[LOG_TRACE] 003420 041415: bic (R4), (R5)
[LOG_TRACE] R0:3420 R1:3450 R2:0 R3:11 R4:101000 R5:4716 R6:7772 R7:3422
[LOG_TRACE] 003422 160104: sub R1, R4
[LOG_TRACE] R0:3420 R1:3450 R2:0 R3:11 R4:75330 R5:4716 R6:7772 R7:3424
[LOG_TRACE] 003424 100000: bpl 003426
[LOG_TRACE] R0:3420 R1:3450 R2:0 R3:11 R4:75330 R5:4716 R6:7772 R7:3426
[LOG_TRACE] 003426 000100: jmp R0
[LOG_TRACE] R0:3420 R1:3450 R2:0 R3:11 R4:75330 R5:4716 R6:7772 R7:3420
[LOG_TRACE] 003420 041415: bic (R4), (R5)
[LOG_TRACE] R0:3420 R1:3450 R2:0 R3:11 R4:75330 R5:4716 R6:7772 R7:3422
[LOG_TRACE] 003422 160104: sub R1, R4
[LOG_TRACE] R0:3420 R1:3450 R2:0 R3:11 R4:71660 R5:4716 R6:7772 R7:3424
[LOG_TRACE] 003424 100000: bpl 003426
[LOG_TRACE] R0:3420 R1:3450 R2:0 R3:11 R4:71660 R5:4716 R6:7772 R7:3426
[LOG_TRACE] 003426 000100: jmp R0
[LOG_TRACE] R0:3420 R1:3450 R2:0 R3:11 R4:71660 R5:4716 R6:7772 R7:3420
[LOG_TRACE] 003420 041415: bic (R4), (R5)
[LOG_TRACE] R0:3420 R1:3450 R2:0 R3:11 R4:71660 R5:4716 R6:7772 R7:3422
[LOG_TRACE] 003422 160104: sub R1, R4
[LOG_TRACE] R0:3420 R1:3450 R2:0 R3:11 R4:66210 R5:4716 R6:7772 R7:3424
[LOG_TRACE] 003424 100000: bpl 003426
[LOG_TRACE] R0:3420 R1:3450 R2:0 R3:11 R4:66210 R5:4716 R6:7772 R7:3426
[LOG_TRACE] 003426 000100: jmp R0
[LOG_TRACE] R0:3420 R1:3450 R2:0 R3:11 R4:66210 R5:4716 R6:7772 R7:3420
[LOG_TRACE] 003420 041415: bic (R4), (R5)
[LOG_TRACE] R0:3420 R1:3450 R2:0 R3:11 R4:66210 R5:4716 R6:7772 R7:3422
[LOG_TRACE] 003422 160104: sub R1, R4
[LOG_TRACE] R0:3420 R1:3450 R2:0 R3:11 R4:62540 R5:4716 R6:7772 R7:3424
[LOG_TRACE] 003424 100000: bpl 003426
[LOG_TRACE] R0:3420 R1:3450 R2:0 R3:11 R4:62540 R5:4716 R6:7772 R7:3426
[LOG_TRACE] 003426 000100: jmp R0
[LOG_TRACE] R0:3420 R1:3450 R2:0 R3:11 R4:62540 R5:4716 R6:7772 R7:3420
[LOG_TRACE] 003420 041415: bic (R4), (R5)
[LOG_TRACE] R0:3420 R1:3450 R2:0 R3:11 R4:62540 R5:4716 R6:7772 R7:3422
[LOG_TRACE] 003422 160104: sub R1, R4
[LOG_TRACE] R0:3420 R1:3450 R2:0 R3:11 R4:57070 R5:4716 R6:7772 R7:3424
[LOG_TRACE] 003424 100000: bpl 003426
[LOG_TRACE] R0:3420 R1:3450 R2:0 R3:11 R4:57070 R5:4716 R6:7772 R7:3426
[LOG_TRACE] 003426 000100: jmp R0
[LOG_TRACE] R0:3420 R1:3450 R2:0 R3:11 R4:57070 R5:4716 R6:7772 R7:3420
[LOG_TRACE] 003420 041415: bic (R4), (R5)
[LOG_TRACE] R0:3420 R1:3450 R2:0 R3:11 R4:57070 R5:4716 R6:7772 R7:3422
[LOG_TRACE] 003422 160104: sub R1, R4
[LOG_TRACE] R0:3420 R1:3450 R2:0 R3:11 R4:53420 R5:4716 R6:7772 R7:3424
[LOG_TRACE] 003424 100000: bpl 003426
[LOG_TRACE] R0:3420 R1:3450 R2:0 R3:11 R4:53420 R5:4716 R6:7772 R7:3426
[LOG_TRACE] 003426 000100: jmp R0
[LOG_TRACE] R0:3420 R1:3450 R2:0 R3:11 R4:53420 R5:4716 R6:7772 R7:3420
[LOG_TRACE] 003420 041415: bic (R4), (R5)
[LOG_TRACE] R0:3420 R1:3450 R2:0 R3:11 R4:53420 R5:4716 R6:7772 R7:3422
[LOG_TRACE] 003422 160104: sub R1, R4
[LOG_TRACE] R0:3420 R1:3450 R2:0 R3:11 R4:47750 R5:4716 R6:7772 R7:3424
[LOG_TRACE] 003424 100000: bpl 003426
[LOG_TRACE] R0:3420 R1:3450 R2:0 R3:11 R4:47750 R5:4716 R6:7772 R7:3426
[LOG_TRACE] 003426 000100: jmp R0
[LOG_TRACE] R0:3420 R1:3450 R2:0 R3:11 R4:47750 R5:4716 R6:7772 R7:3420
[LOG_TRACE] 003420 041415: bic (R4), (R5)
[LOG_TRACE] R0:3420 R1:3450 R2:0 R3:11 R4:47750 R5:4716 R6:7772 R7:3422
[LOG_TRACE] 003422 160104: sub R1, R4
[LOG_TRACE] R0:3420 R1:3450 R2:0 R3:11 R4:44300 R5:4716 R6:7772 R7:3424
[LOG_TRACE] 003424 100000: bpl 003426
[LOG_TRACE] R0:3420 R1:3450 R2:0 R3:11 R4:44300 R5:4716 R6:7772 R7:3426
[LOG_TRACE] 003426 000100: jmp R0
[LOG_TRACE] R0:3420 R1:3450 R2:0 R3:11 R4:44300 R5:4716 R6:7772 R7:3420
[LOG_TRACE] 003420 041415: bic (R4), (R5)
[LOG_TRACE] R0:3420 R1:3450 R2:0 R3:11 R4:44300 R5:4716 R6:7772 R7:3422
[LOG_TRACE] 003422 160104: sub R1, R4
[LOG_TRACE] R0:3420 R1:3450 R2:0 R3:11 R4:40630 R5:4716 R6:7772 R7:3424
[LOG_TRACE] 003424 100000: bpl 003426
[LOG_TRACE] R0:3420 R1:3450 R2:0 R3:11 R4:40630 R5:4716 R6:7772 R7:3426
[LOG_TRACE] 003426 000100: jmp R0
[LOG_TRACE] R0:3420 R1:3450 R2:0 R3:11 R4:40630 R5:4716 R6:7772 R7:3420
[LOG_TRACE] 003420 041415: bic (R4), (R5)
[LOG_TRACE] R0:3420 R1:3450 R2:0 R3:11 R4:40630 R5:4716 R6:7772 R7:3422
[LOG_TRACE] 003422 160104: sub R1, R4
[LOG_TRACE] R0:3420 R1:3450 R2:0 R3:11 R4:35160 R5:4716 R6:7772 R7:3424
[LOG_TRACE] 003424 100000: bpl 003426
[LOG_TRACE] R0:3420 R1:3450 R2:0 R3:11 R4:35160 R5:4716 R6:7772 R7:3426
[LOG_TRACE] 003426 000100: jmp R0
[LOG_TRACE] R0:3420 R1:3450 R2:0 R3:11 R4:35160 R5:4716 R6:7772 R7:3420
[LOG_TRACE] 003420 041415: bic (R4), (R5)
[LOG_TRACE] R0:3420 R1:3450 R2:0 R3:11 R4:35160 R5:4716 R6:7772 R7:3422
[LOG_TRACE] 003422 160104: sub R1, R4
[LOG_TRACE] R0:3420 R1:3450 R2:0 R3:11 R4:31510 R5:4716 R6:7772 R7:3424
[LOG_TRACE] 003424 100000: bpl 003426
[LOG_TRACE] R0:3420 R1:3450 R2:0 R3:11 R4:31510 R5:4716 R6:7772 R7:3426
[LOG_TRACE] 003426 000100: jmp R0
[LOG_TRACE] R0:3420 R1:3450 R2:0 R3:11 R4:31510 R5:4716 R6:7772 R7:3420
[LOG_TRACE] 003420 041415: bic (R4), (R5)
[LOG_TRACE] R0:3420 R1:3450 R2:0 R3:11 R4:31510 R5:4716 R6:7772 R7:3422
[LOG_TRACE] 003422 160104: sub R1, R4
[LOG_TRACE] R0:3420 R1:3450 R2:0 R3:11 R4:26040 R5:4716 R6:7772 R7:3424
[LOG_TRACE] 003424 100000: bpl 003426
[LOG_TRACE] R0:3420 R1:3450 R2:0 R3:11 R4:26040 R5:4716 R6:7772 R7:3426
[LOG_TRACE] 003426 000100: jmp R0
[LOG_TRACE] R0:3420 R1:3450 R2:0 R3:11 R4:26040 R5:4716 R6:7772 R7:3420
[LOG_TRACE] 003420 041415: bic (R4), (R5)
[LOG_TRACE] R0:3420 R1:3450 R2:0 R3:11 R4:26040 R5:4716 R6:7772 R7:3422
[LOG_TRACE] 003422 160104: sub R1, R4
[LOG_TRACE] R0:3420 R1:3450 R2:0 R3:11 R4:22370 R5:4716 R6:7772 R7:3424
[LOG_TRACE] 003424 100000: bpl 003426
[LOG_TRACE] R0:3420 R1:3450 R2:0 R3:11 R4:22370 R5:4716 R6:7772 R7:3426
[LOG_TRACE] 003426 000100: jmp R0
[LOG_TRACE] R0:3420 R1:3450 R2:0 R3:11 R4:22370 R5:4716 R6:7772 R7:3420
[LOG_TRACE] 003420 041415: bic (R4), (R5)
[LOG_TRACE] R0:3420 R1:3450 R2:0 R3:11 R4:22370 R5:4716 R6:7772 R7:3422
[LOG_TRACE] 003422 160104: sub R1, R4
[LOG_TRACE] R0:3420 R1:3450 R2:0 R3:11 R4:16720 R5:4716 R6:7772 R7:3424
[LOG_TRACE] 003424 100000: bpl 003426
[LOG_TRACE] R0:3420 R1:3450 R2:0 R3:11 R4:16720 R5:4716 R6:7772 R7:3426
[LOG_TRACE] 003426 000100: jmp R0
[LOG_TRACE] R0:3420 R1:3450 R2:0 R3:11 R4:16720 R5:4716 R6:7772 R7:3420
[LOG_TRACE] 003420 041415: bic (R4), (R5)
[LOG_TRACE] R0:3420 R1:3450 R2:0 R3:11 R4:16720 R5:4716 R6:7772 R7:3422
[LOG_TRACE] 003422 160104: sub R1, R4
[LOG_TRACE] R0:3420 R1:3450 R2:0 R3:11 R4:13250 R5:4716 R6:7772 R7:3424
[LOG_TRACE] 003424 100000: bpl 003426
[LOG_TRACE] R0:3420 R1:3450 R2:0 R3:11 R4:13250 R5:4716 R6:7772 R7:3426
[LOG_TRACE] 003426 000100: jmp R0
[LOG_TRACE] R0:3420 R1:3450 R2:0 R3:11 R4:13250 R5:4716 R6:7772 R7:3420
[LOG_TRACE] 003420 041415: bic (R4), (R5)
[LOG_TRACE] R0:3420 R1:3450 R2:0 R3:11 R4:13250 R5:4716 R6:7772 R7:3422
[LOG_TRACE] 003422 160104: sub R1, R4
[LOG_TRACE] R0:3420 R1:3450 R2:0 R3:11 R4:7600 R5:4716 R6:7772 R7:3424
[LOG_TRACE] 003424 100000: bpl 003426
[LOG_TRACE] R0:3420 R1:3450 R2:0 R3:11 R4:7600 R5:4716 R6:7772 R7:3426
[LOG_TRACE] 003426 000100: jmp R0
[LOG_TRACE] R0:3420 R1:3450 R2:0 R3:11 R4:7600 R5:4716 R6:7772 R7:3420
[LOG_TRACE] 003420 041415: bic (R4), (R5)
[LOG_TRACE] R0:3420 R1:3450 R2:0 R3:11 R4:7600 R5:4716 R6:7772 R7:3422
[LOG_TRACE] 003422 160104: sub R1, R4
[LOG_TRACE] R0:3420 R1:3450 R2:0 R3:11 R4:4130 R5:4716 R6:7772 R7:3424
[LOG_TRACE] 003424 100000: bpl 003426
[LOG_TRACE] R0:3420 R1:3450 R2:0 R3:11 R4:4130 R5:4716 R6:7772 R7:3426
[LOG_TRACE] 003426 000100: jmp R0
[LOG_TRACE] R0:3420 R1:3450 R2:0 R3:11 R4:4130 R5:4716 R6:7772 R7:3420
[LOG_TRACE] 003420 041415: bic (R4), (R5)
[LOG_TRACE] R0:3420 R1:3450 R2:0 R3:11 R4:4130 R5:4716 R6:7772 R7:3422
[LOG_TRACE] 003422 160104: sub R1, R4
[LOG_TRACE] R0:3420 R1:3450 R2:0 R3:11 R4:460 R5:4716 R6:7772 R7:3424
[LOG_TRACE] 003424 100000: bpl 003426
[LOG_TRACE] R0:3420 R1:3450 R2:0 R3:11 R4:460 R5:4716 R6:7772 R7:3426
[LOG_TRACE] 003426 000100: jmp R0
[LOG_TRACE] R0:3420 R1:3450 R2:0 R3:11 R4:460 R5:4716 R6:7772 R7:3420
[LOG_TRACE] 003420 041415: bic (R4), (R5)
[LOG_TRACE] R0:3420 R1:3450 R2:0 R3:11 R4:460 R5:4716 R6:7772 R7:3422
[LOG_TRACE] 003422 160104: sub R1, R4
[LOG_TRACE] R0:3420 R1:3450 R2:0 R3:11 R4:175010 R5:4716 R6:7772 R7:3424
[LOG_TRACE] 003424 100000: bpl 003426
[LOG_TRACE] R0:3420 R1:3450 R2:0 R3:11 R4:175010 R5:4716 R6:7772 R7:3426
[LOG_TRACE] 003426 000100: jmp R0
[LOG_TRACE] R0:3420 R1:3450 R2:0 R3:11 R4:175010 R5:4716 R6:7772 R7:3420
[LOG_TRACE] >>> BUS ERROR TRAP: Saving context and branching to Vector 4...
[LOG_TRACE] 003172 005011: clr (R1)
[LOG_TRACE] R0:3420 R1:3450 R2:0 R3:11 R4:175010 R5:4716 R6:7766 R7:3174
[LOG_TRACE] 003174 000002: rti (R4), (R1)
[LOG_TRACE] >>> RTI: Returned from interrupt. Restored PC: 003422
[LOG_TRACE] R0:3420 R1:3450 R2:0 R3:11 R4:175010 R5:4716 R6:7772 R7:3422
[LOG_TRACE] 003422 160104: sub R1, R4
[LOG_TRACE] R0:3420 R1:3450 R2:0 R3:11 R4:171340 R5:4716 R6:7772 R7:3424
[LOG_TRACE] 003424 100000: bpl 003426
[LOG_TRACE] R0:3420 R1:3450 R2:0 R3:11 R4:171340 R5:4716 R6:7772 R7:3426
[LOG_TRACE] 003426 000100: jmp R0
[LOG_TRACE] R0:3420 R1:3450 R2:0 R3:11 R4:171340 R5:4716 R6:7772 R7:3420
[LOG_TRACE] >>> BUS ERROR TRAP: Saving context and branching to Vector 4...
[LOG_TRACE] 003172 005011: clr (R1)
[LOG_TRACE] R0:3420 R1:3450 R2:0 R3:11 R4:171340 R5:4716 R6:7766 R7:3174
[LOG_TRACE] 003174 000002: rti (R4), (R1)
[LOG_TRACE] >>> RTI: Returned from interrupt. Restored PC: 003422
[LOG_TRACE] R0:3420 R1:3450 R2:0 R3:11 R4:171340 R5:4716 R6:7772 R7:3422
[LOG_TRACE] 003422 160104: sub R1, R4
[LOG_TRACE] R0:3420 R1:3450 R2:0 R3:11 R4:165670 R5:4716 R6:7772 R7:3424
[LOG_TRACE] 003424 100000: bpl 003426
[LOG_TRACE] R0:3420 R1:3450 R2:0 R3:11 R4:165670 R5:4716 R6:7772 R7:3426
[LOG_TRACE] 003426 000100: jmp R0
[LOG_TRACE] R0:3420 R1:3450 R2:0 R3:11 R4:165670 R5:4716 R6:7772 R7:3420
[LOG_TRACE] >>> BUS ERROR TRAP: Saving context and branching to Vector 4...
[LOG_TRACE] 003172 005011: clr (R1)
[LOG_TRACE] R0:3420 R1:3450 R2:0 R3:11 R4:165670 R5:4716 R6:7766 R7:3174
[LOG_TRACE] 003174 000002: rti (R4), (R1)
[LOG_TRACE] >>> RTI: Returned from interrupt. Restored PC: 003422
[LOG_TRACE] R0:3420 R1:3450 R2:0 R3:11 R4:165670 R5:4716 R6:7772 R7:3422
[LOG_TRACE] 003422 160104: sub R1, R4
[LOG_TRACE] R0:3420 R1:3450 R2:0 R3:11 R4:162220 R5:4716 R6:7772 R7:3424
[LOG_TRACE] 003424 100000: bpl 003426
[LOG_TRACE] R0:3420 R1:3450 R2:0 R3:11 R4:162220 R5:4716 R6:7772 R7:3426
[LOG_TRACE] 003426 000100: jmp R0
[LOG_TRACE] R0:3420 R1:3450 R2:0 R3:11 R4:162220 R5:4716 R6:7772 R7:3420
[LOG_TRACE] >>> BUS ERROR TRAP: Saving context and branching to Vector 4...
[LOG_TRACE] 003172 005011: clr (R1)
[LOG_TRACE] R0:3420 R1:3450 R2:0 R3:11 R4:162220 R5:4716 R6:7766 R7:3174
[LOG_TRACE] 003174 000002: rti (R4), (R1)
[LOG_TRACE] >>> RTI: Returned from interrupt. Restored PC: 003422
[LOG_TRACE] R0:3420 R1:3450 R2:0 R3:11 R4:162220 R5:4716 R6:7772 R7:3422
[LOG_TRACE] 003422 160104: sub R1, R4
[LOG_TRACE] R0:3420 R1:3450 R2:0 R3:11 R4:156550 R5:4716 R6:7772 R7:3424
[LOG_TRACE] 003424 100000: bpl 003426
[LOG_TRACE] R0:3420 R1:3450 R2:0 R3:11 R4:156550 R5:4716 R6:7772 R7:3426
[LOG_TRACE] 003426 000100: jmp R0
[LOG_TRACE] R0:3420 R1:3450 R2:0 R3:11 R4:156550 R5:4716 R6:7772 R7:3420
[LOG_TRACE] 003420 041415: bic (R4), (R5)
[LOG_TRACE] R0:3420 R1:3450 R2:0 R3:11 R4:156550 R5:4716 R6:7772 R7:3422
[LOG_TRACE] 003422 160104: sub R1, R4
[LOG_TRACE] R0:3420 R1:3450 R2:0 R3:11 R4:153100 R5:4716 R6:7772 R7:3424
[LOG_TRACE] 003424 100000: bpl 003426
[LOG_TRACE] R0:3420 R1:3450 R2:0 R3:11 R4:153100 R5:4716 R6:7772 R7:3426
[LOG_TRACE] 003426 000100: jmp R0
[LOG_TRACE] R0:3420 R1:3450 R2:0 R3:11 R4:153100 R5:4716 R6:7772 R7:3420
[LOG_TRACE] 003420 041415: bic (R4), (R5)
[LOG_TRACE] R0:3420 R1:3450 R2:0 R3:11 R4:153100 R5:4716 R6:7772 R7:3422
[LOG_TRACE] 003422 160104: sub R1, R4
[LOG_TRACE] R0:3420 R1:3450 R2:0 R3:11 R4:147430 R5:4716 R6:7772 R7:3424
[LOG_TRACE] 003424 100000: bpl 003426
[LOG_TRACE] R0:3420 R1:3450 R2:0 R3:11 R4:147430 R5:4716 R6:7772 R7:3426
[LOG_TRACE] 003426 000100: jmp R0
[LOG_TRACE] R0:3420 R1:3450 R2:0 R3:11 R4:147430 R5:4716 R6:7772 R7:3420
[LOG_TRACE] 003420 041415: bic (R4), (R5)
[LOG_TRACE] R0:3420 R1:3450 R2:0 R3:11 R4:147430 R5:4716 R6:7772 R7:3422
[LOG_TRACE] 003422 160104: sub R1, R4
[LOG_TRACE] R0:3420 R1:3450 R2:0 R3:11 R4:143760 R5:4716 R6:7772 R7:3424
[LOG_TRACE] 003424 100000: bpl 003426
[LOG_TRACE] R0:3420 R1:3450 R2:0 R3:11 R4:143760 R5:4716 R6:7772 R7:3426
[LOG_TRACE] 003426 000100: jmp R0
[LOG_TRACE] R0:3420 R1:3450 R2:0 R3:11 R4:143760 R5:4716 R6:7772 R7:3420
[LOG_TRACE] 003420 041415: bic (R4), (R5)
[LOG_TRACE] R0:3420 R1:3450 R2:0 R3:11 R4:143760 R5:4716 R6:7772 R7:3422
[LOG_TRACE] 003422 160104: sub R1, R4
[LOG_TRACE] R0:3420 R1:3450 R2:0 R3:11 R4:140310 R5:4716 R6:7772 R7:3424
[LOG_TRACE] 003424 100000: bpl 003426
[LOG_TRACE] R0:3420 R1:3450 R2:0 R3:11 R4:140310 R5:4716 R6:7772 R7:3426
[LOG_TRACE] 003426 000100: jmp R0
[LOG_TRACE] R0:3420 R1:3450 R2:0 R3:11 R4:140310 R5:4716 R6:7772 R7:3420
[LOG_TRACE] 003420 041415: bic (R4), (R5)
[LOG_TRACE] R0:3420 R1:3450 R2:0 R3:11 R4:140310 R5:4716 R6:7772 R7:3422
[LOG_TRACE] 003422 160104: sub R1, R4
[LOG_TRACE] R0:3420 R1:3450 R2:0 R3:11 R4:134640 R5:4716 R6:7772 R7:3424
[LOG_TRACE] 003424 100000: bpl 003426
[LOG_TRACE] R0:3420 R1:3450 R2:0 R3:11 R4:134640 R5:4716 R6:7772 R7:3426
[LOG_TRACE] 003426 000100: jmp R0
[LOG_TRACE] R0:3420 R1:3450 R2:0 R3:11 R4:134640 R5:4716 R6:7772 R7:3420
[LOG_TRACE] 003420 041415: bic (R4), (R5)
[LOG_TRACE] R0:3420 R1:3450 R2:0 R3:11 R4:134640 R5:4716 R6:7772 R7:3422
[LOG_TRACE] 003422 160104: sub R1, R4
[LOG_TRACE] R0:3420 R1:3450 R2:0 R3:11 R4:131170 R5:4716 R6:7772 R7:3424
[LOG_TRACE] 003424 100000: bpl 003426
[LOG_TRACE] R0:3420 R1:3450 R2:0 R3:11 R4:131170 R5:4716 R6:7772 R7:3426
[LOG_TRACE] 003426 000100: jmp R0
[LOG_TRACE] R0:3420 R1:3450 R2:0 R3:11 R4:131170 R5:4716 R6:7772 R7:3420
[LOG_TRACE] 003420 041415: bic (R4), (R5)
[LOG_TRACE] R0:3420 R1:3450 R2:0 R3:11 R4:131170 R5:4716 R6:7772 R7:3422
[LOG_TRACE] 003422 160104: sub R1, R4
[LOG_TRACE] R0:3420 R1:3450 R2:0 R3:11 R4:125520 R5:4716 R6:7772 R7:3424
[LOG_TRACE] 003424 100000: bpl 003426
[LOG_TRACE] R0:3420 R1:3450 R2:0 R3:11 R4:125520 R5:4716 R6:7772 R7:3426
[LOG_TRACE] 003426 000100: jmp R0
[LOG_TRACE] R0:3420 R1:3450 R2:0 R3:11 R4:125520 R5:4716 R6:7772 R7:3420
[LOG_TRACE] 003420 041415: bic (R4), (R5)
[LOG_TRACE] R0:3420 R1:3450 R2:0 R3:11 R4:125520 R5:4716 R6:7772 R7:3422
[LOG_TRACE] 003422 160104: sub R1, R4
[LOG_TRACE] R0:3420 R1:3450 R2:0 R3:11 R4:122050 R5:4716 R6:7772 R7:3424
[LOG_TRACE] 003424 100000: bpl 003426
[LOG_TRACE] R0:3420 R1:3450 R2:0 R3:11 R4:122050 R5:4716 R6:7772 R7:3426
[LOG_TRACE] 003426 000100: jmp R0
[LOG_TRACE] R0:3420 R1:3450 R2:0 R3:11 R4:122050 R5:4716 R6:7772 R7:3420
[LOG_TRACE] 003420 041415: bic (R4), (R5)
[LOG_TRACE] R0:3420 R1:3450 R2:0 R3:11 R4:122050 R5:4716 R6:7772 R7:3422
[LOG_TRACE] 003422 160104: sub R1, R4
[LOG_TRACE] R0:3420 R1:3450 R2:0 R3:11 R4:116400 R5:4716 R6:7772 R7:3424
[LOG_TRACE] 003424 100000: bpl 003426
[LOG_TRACE] R0:3420 R1:3450 R2:0 R3:11 R4:116400 R5:4716 R6:7772 R7:3426
[LOG_TRACE] 003426 000100: jmp R0
[LOG_TRACE] R0:3420 R1:3450 R2:0 R3:11 R4:116400 R5:4716 R6:7772 R7:3420
[LOG_TRACE] 003420 041415: bic (R4), (R5)
[LOG_TRACE] R0:3420 R1:3450 R2:0 R3:11 R4:116400 R5:4716 R6:7772 R7:3422
[LOG_TRACE] 003422 160104: sub R1, R4
[LOG_TRACE] R0:3420 R1:3450 R2:0 R3:11 R4:112730 R5:4716 R6:7772 R7:3424
[LOG_TRACE] 003424 100000: bpl 003426
[LOG_TRACE] R0:3420 R1:3450 R2:0 R3:11 R4:112730 R5:4716 R6:7772 R7:3426
[LOG_TRACE] 003426 000100: jmp R0
[LOG_TRACE] R0:3420 R1:3450 R2:0 R3:11 R4:112730 R5:4716 R6:7772 R7:3420
[LOG_TRACE] 003420 041415: bic (R4), (R5)
[LOG_TRACE] R0:3420 R1:3450 R2:0 R3:11 R4:112730 R5:4716 R6:7772 R7:3422
[LOG_TRACE] 003422 160104: sub R1, R4
[LOG_TRACE] R0:3420 R1:3450 R2:0 R3:11 R4:107260 R5:4716 R6:7772 R7:3424
[LOG_TRACE] 003424 100000: bpl 003426
[LOG_TRACE] R0:3420 R1:3450 R2:0 R3:11 R4:107260 R5:4716 R6:7772 R7:3426
[LOG_TRACE] 003426 000100: jmp R0
[LOG_TRACE] R0:3420 R1:3450 R2:0 R3:11 R4:107260 R5:4716 R6:7772 R7:3420
[LOG_TRACE] 003420 041415: bic (R4), (R5)
[LOG_TRACE] R0:3420 R1:3450 R2:0 R3:11 R4:107260 R5:4716 R6:7772 R7:3422
[LOG_TRACE] 003422 160104: sub R1, R4
[LOG_TRACE] R0:3420 R1:3450 R2:0 R3:11 R4:103610 R5:4716 R6:7772 R7:3424
[LOG_TRACE] 003424 100000: bpl 003426
[LOG_TRACE] R0:3420 R1:3450 R2:0 R3:11 R4:103610 R5:4716 R6:7772 R7:3426
[LOG_TRACE] 003426 000100: jmp R0
[LOG_TRACE] R0:3420 R1:3450 R2:0 R3:11 R4:103610 R5:4716 R6:7772 R7:3420
[LOG_TRACE] 003420 041415: bic (R4), (R5)
[LOG_TRACE] R0:3420 R1:3450 R2:0 R3:11 R4:103610 R5:4716 R6:7772 R7:3422
[LOG_TRACE] 003422 160104: sub R1, R4
[LOG_TRACE] R0:3420 R1:3450 R2:0 R3:11 R4:100140 R5:4716 R6:7772 R7:3424
[LOG_TRACE] 003424 100000: bpl 003426
[LOG_TRACE] R0:3420 R1:3450 R2:0 R3:11 R4:100140 R5:4716 R6:7772 R7:3426
[LOG_TRACE] 003426 000100: jmp R0
[LOG_TRACE] R0:3420 R1:3450 R2:0 R3:11 R4:100140 R5:4716 R6:7772 R7:3420
[LOG_TRACE] 003420 041415: bic (R4), (R5)
[LOG_TRACE] R0:3420 R1:3450 R2:0 R3:11 R4:100140 R5:4716 R6:7772 R7:3422
[LOG_TRACE] 003422 160104: sub R1, R4
[LOG_TRACE] R0:3420 R1:3450 R2:0 R3:11 R4:74470 R5:4716 R6:7772 R7:3424
[LOG_TRACE] 003424 100000: bpl 003426
[LOG_TRACE] R0:3420 R1:3450 R2:0 R3:11 R4:74470 R5:4716 R6:7772 R7:3426
[LOG_TRACE] 003426 000100: jmp R0
[LOG_TRACE] R0:3420 R1:3450 R2:0 R3:11 R4:74470 R5:4716 R6:7772 R7:3420
[LOG_TRACE] 003420 041415: bic (R4), (R5)
[LOG_TRACE] R0:3420 R1:3450 R2:0 R3:11 R4:74470 R5:4716 R6:7772 R7:3422
[LOG_TRACE] 003422 160104: sub R1, R4
[LOG_TRACE] R0:3420 R1:3450 R2:0 R3:11 R4:71020 R5:4716 R6:7772 R7:3424
[LOG_TRACE] 003424 100000: bpl 003426
[LOG_TRACE] R0:3420 R1:3450 R2:0 R3:11 R4:71020 R5:4716 R6:7772 R7:3426
[LOG_TRACE] 003426 000100: jmp R0
[LOG_TRACE] R0:3420 R1:3450 R2:0 R3:11 R4:71020 R5:4716 R6:7772 R7:3420
[LOG_TRACE] 003420 041415: bic (R4), (R5)
[LOG_TRACE] R0:3420 R1:3450 R2:0 R3:11 R4:71020 R5:4716 R6:7772 R7:3422
[LOG_TRACE] 003422 160104: sub R1, R4
[LOG_TRACE] R0:3420 R1:3450 R2:0 R3:11 R4:65350 R5:4716 R6:7772 R7:3424
[LOG_TRACE] 003424 100000: bpl 003426
[LOG_TRACE] R0:3420 R1:3450 R2:0 R3:11 R4:65350 R5:4716 R6:7772 R7:3426
[LOG_TRACE] 003426 000100: jmp R0
[LOG_TRACE] R0:3420 R1:3450 R2:0 R3:11 R4:65350 R5:4716 R6:7772 R7:3420
[LOG_TRACE] 003420 041415: bic (R4), (R5)
[LOG_TRACE] R0:3420 R1:3450 R2:0 R3:11 R4:65350 R5:4716 R6:7772 R7:3422
[LOG_TRACE] 003422 160104: sub R1, R4
[LOG_TRACE] R0:3420 R1:3450 R2:0 R3:11 R4:61700 R5:4716 R6:7772 R7:3424
[LOG_TRACE] 003424 100000: bpl 003426
[LOG_TRACE] R0:3420 R1:3450 R2:0 R3:11 R4:61700 R5:4716 R6:7772 R7:3426
[LOG_TRACE] 003426 000100: jmp R0
[LOG_TRACE] R0:3420 R1:3450 R2:0 R3:11 R4:61700 R5:4716 R6:7772 R7:3420
[LOG_TRACE] 003420 041415: bic (R4), (R5)
[LOG_TRACE] R0:3420 R1:3450 R2:0 R3:11 R4:61700 R5:4716 R6:7772 R7:3422
[LOG_TRACE] 003422 160104: sub R1, R4
[LOG_TRACE] R0:3420 R1:3450 R2:0 R3:11 R4:56230 R5:4716 R6:7772 R7:3424
[LOG_TRACE] 003424 100000: bpl 003426
[LOG_TRACE] R0:3420 R1:3450 R2:0 R3:11 R4:56230 R5:4716 R6:7772 R7:3426
[LOG_TRACE] 003426 000100: jmp R0
[LOG_TRACE] R0:3420 R1:3450 R2:0 R3:11 R4:56230 R5:4716 R6:7772 R7:3420
[LOG_TRACE] 003420 041415: bic (R4), (R5)
[LOG_TRACE] R0:3420 R1:3450 R2:0 R3:11 R4:56230 R5:4716 R6:7772 R7:3422
[LOG_TRACE] 003422 160104: sub R1, R4
[LOG_TRACE] R0:3420 R1:3450 R2:0 R3:11 R4:52560 R5:4716 R6:7772 R7:3424
[LOG_TRACE] 003424 100000: bpl 003426
[LOG_TRACE] R0:3420 R1:3450 R2:0 R3:11 R4:52560 R5:4716 R6:7772 R7:3426
[LOG_TRACE] 003426 000100: jmp R0
[LOG_TRACE] R0:3420 R1:3450 R2:0 R3:11 R4:52560 R5:4716 R6:7772 R7:3420
[LOG_TRACE] 003420 041415: bic (R4), (R5)
[LOG_TRACE] R0:3420 R1:3450 R2:0 R3:11 R4:52560 R5:4716 R6:7772 R7:3422
[LOG_TRACE] 003422 160104: sub R1, R4
[LOG_TRACE] R0:3420 R1:3450 R2:0 R3:11 R4:47110 R5:4716 R6:7772 R7:3424
[LOG_TRACE] 003424 100000: bpl 003426
[LOG_TRACE] R0:3420 R1:3450 R2:0 R3:11 R4:47110 R5:4716 R6:7772 R7:3426
[LOG_TRACE] 003426 000100: jmp R0
[LOG_TRACE] R0:3420 R1:3450 R2:0 R3:11 R4:47110 R5:4716 R6:7772 R7:3420
[LOG_TRACE] 003420 041415: bic (R4), (R5)
[LOG_TRACE] R0:3420 R1:3450 R2:0 R3:11 R4:47110 R5:4716 R6:7772 R7:3422
[LOG_TRACE] 003422 160104: sub R1, R4
[LOG_TRACE] R0:3420 R1:3450 R2:0 R3:11 R4:43440 R5:4716 R6:7772 R7:3424
[LOG_TRACE] 003424 100000: bpl 003426
[LOG_TRACE] R0:3420 R1:3450 R2:0 R3:11 R4:43440 R5:4716 R6:7772 R7:3426
[LOG_TRACE] 003426 000100: jmp R0
[LOG_TRACE] R0:3420 R1:3450 R2:0 R3:11 R4:43440 R5:4716 R6:7772 R7:3420
[LOG_TRACE] 003420 041415: bic (R4), (R5)
[LOG_TRACE] R0:3420 R1:3450 R2:0 R3:11 R4:43440 R5:4716 R6:7772 R7:3422
[LOG_TRACE] 003422 160104: sub R1, R4
[LOG_TRACE] R0:3420 R1:3450 R2:0 R3:11 R4:37770 R5:4716 R6:7772 R7:3424
[LOG_TRACE] 003424 100000: bpl 003426
[LOG_TRACE] R0:3420 R1:3450 R2:0 R3:11 R4:37770 R5:4716 R6:7772 R7:3426
[LOG_TRACE] 003426 000100: jmp R0
[LOG_TRACE] R0:3420 R1:3450 R2:0 R3:11 R4:37770 R5:4716 R6:7772 R7:3420
[LOG_TRACE] 003420 041415: bic (R4), (R5)
[LOG_TRACE] R0:3420 R1:3450 R2:0 R3:11 R4:37770 R5:4716 R6:7772 R7:3422
[LOG_TRACE] 003422 160104: sub R1, R4
[LOG_TRACE] R0:3420 R1:3450 R2:0 R3:11 R4:34320 R5:4716 R6:7772 R7:3424
[LOG_TRACE] 003424 100000: bpl 003426
[LOG_TRACE] R0:3420 R1:3450 R2:0 R3:11 R4:34320 R5:4716 R6:7772 R7:3426
[LOG_TRACE] 003426 000100: jmp R0
[LOG_TRACE] R0:3420 R1:3450 R2:0 R3:11 R4:34320 R5:4716 R6:7772 R7:3420
[LOG_TRACE] 003420 041415: bic (R4), (R5)
[LOG_TRACE] R0:3420 R1:3450 R2:0 R3:11 R4:34320 R5:4716 R6:7772 R7:3422
[LOG_TRACE] 003422 160104: sub R1, R4
[LOG_TRACE] R0:3420 R1:3450 R2:0 R3:11 R4:30650 R5:4716 R6:7772 R7:3424
[LOG_TRACE] 003424 100000: bpl 003426
[LOG_TRACE] R0:3420 R1:3450 R2:0 R3:11 R4:30650 R5:4716 R6:7772 R7:3426
[LOG_TRACE] 003426 000100: jmp R0
[LOG_TRACE] R0:3420 R1:3450 R2:0 R3:11 R4:30650 R5:4716 R6:7772 R7:3420
[LOG_TRACE] 003420 041415: bic (R4), (R5)
[LOG_TRACE] R0:3420 R1:3450 R2:0 R3:11 R4:30650 R5:4716 R6:7772 R7:3422
[LOG_TRACE] 003422 160104: sub R1, R4
[LOG_TRACE] R0:3420 R1:3450 R2:0 R3:11 R4:25200 R5:4716 R6:7772 R7:3424
[LOG_TRACE] 003424 100000: bpl 003426
[LOG_TRACE] R0:3420 R1:3450 R2:0 R3:11 R4:25200 R5:4716 R6:7772 R7:3426
[LOG_TRACE] 003426 000100: jmp R0
[LOG_TRACE] R0:3420 R1:3450 R2:0 R3:11 R4:25200 R5:4716 R6:7772 R7:3420
[LOG_TRACE] 003420 041415: bic (R4), (R5)
[LOG_TRACE] R0:3420 R1:3450 R2:0 R3:11 R4:25200 R5:4716 R6:7772 R7:3422
[LOG_TRACE] 003422 160104: sub R1, R4
[LOG_TRACE] R0:3420 R1:3450 R2:0 R3:11 R4:21530 R5:4716 R6:7772 R7:3424
[LOG_TRACE] 003424 100000: bpl 003426
[LOG_TRACE] R0:3420 R1:3450 R2:0 R3:11 R4:21530 R5:4716 R6:7772 R7:3426
[LOG_TRACE] 003426 000100: jmp R0
[LOG_TRACE] R0:3420 R1:3450 R2:0 R3:11 R4:21530 R5:4716 R6:7772 R7:3420
[LOG_TRACE] 003420 041415: bic (R4), (R5)
[LOG_TRACE] R0:3420 R1:3450 R2:0 R3:11 R4:21530 R5:4716 R6:7772 R7:3422
[LOG_TRACE] 003422 160104: sub R1, R4
[LOG_TRACE] R0:3420 R1:3450 R2:0 R3:11 R4:16060 R5:4716 R6:7772 R7:3424
[LOG_TRACE] 003424 100000: bpl 003426
[LOG_TRACE] R0:3420 R1:3450 R2:0 R3:11 R4:16060 R5:4716 R6:7772 R7:3426
[LOG_TRACE] 003426 000100: jmp R0
[LOG_TRACE] R0:3420 R1:3450 R2:0 R3:11 R4:16060 R5:4716 R6:7772 R7:3420
[LOG_TRACE] 003420 041415: bic (R4), (R5)
[LOG_TRACE] R0:3420 R1:3450 R2:0 R3:11 R4:16060 R5:4716 R6:7772 R7:3422
[LOG_TRACE] 003422 160104: sub R1, R4
[LOG_TRACE] R0:3420 R1:3450 R2:0 R3:11 R4:12410 R5:4716 R6:7772 R7:3424
[LOG_TRACE] 003424 100000: bpl 003426
[LOG_TRACE] R0:3420 R1:3450 R2:0 R3:11 R4:12410 R5:4716 R6:7772 R7:3426
[LOG_TRACE] 003426 000100: jmp R0
[LOG_TRACE] R0:3420 R1:3450 R2:0 R3:11 R4:12410 R5:4716 R6:7772 R7:3420
[LOG_TRACE] 003420 041415: bic (R4), (R5)
[LOG_TRACE] R0:3420 R1:3450 R2:0 R3:11 R4:12410 R5:4716 R6:7772 R7:3422
[LOG_TRACE] 003422 160104: sub R1, R4
[LOG_TRACE] R0:3420 R1:3450 R2:0 R3:11 R4:6740 R5:4716 R6:7772 R7:3424
[LOG_TRACE] 003424 100000: bpl 003426
[LOG_TRACE] R0:3420 R1:3450 R2:0 R3:11 R4:6740 R5:4716 R6:7772 R7:3426
[LOG_TRACE] 003426 000100: jmp R0
[LOG_TRACE] R0:3420 R1:3450 R2:0 R3:11 R4:6740 R5:4716 R6:7772 R7:3420
[LOG_TRACE] 003420 041415: bic (R4), (R5)
[LOG_TRACE] R0:3420 R1:3450 R2:0 R3:11 R4:6740 R5:4716 R6:7772 R7:3422
[LOG_TRACE] 003422 160104: sub R1, R4
[LOG_TRACE] R0:3420 R1:3450 R2:0 R3:11 R4:3270 R5:4716 R6:7772 R7:3424
[LOG_TRACE] 003424 100000: bpl 003426
[LOG_TRACE] R0:3420 R1:3450 R2:0 R3:11 R4:3270 R5:4716 R6:7772 R7:3426
[LOG_TRACE] 003426 000100: jmp R0
[LOG_TRACE] R0:3420 R1:3450 R2:0 R3:11 R4:3270 R5:4716 R6:7772 R7:3420
[LOG_TRACE] 003420 041415: bic (R4), (R5)
[LOG_TRACE] R0:3420 R1:3450 R2:0 R3:11 R4:3270 R5:4716 R6:7772 R7:3422
[LOG_TRACE] 003422 160104: sub R1, R4
[LOG_TRACE] R0:3420 R1:3450 R2:0 R3:11 R4:177620 R5:4716 R6:7772 R7:3424
[LOG_TRACE] 003424 100000: bpl 003426
[LOG_TRACE] R0:3420 R1:3450 R2:0 R3:11 R4:177620 R5:4716 R6:7772 R7:3426
[LOG_TRACE] 003426 000100: jmp R0
[LOG_TRACE] R0:3420 R1:3450 R2:0 R3:11 R4:177620 R5:4716 R6:7772 R7:3420
[LOG_TRACE] >>> BUS ERROR TRAP: Saving context and branching to Vector 4...
[LOG_TRACE] 003172 005011: clr (R1)
[LOG_TRACE] R0:3420 R1:3450 R2:0 R3:11 R4:177620 R5:4716 R6:7766 R7:3174
[LOG_TRACE] 003174 000002: rti (R4), (R1)
[LOG_TRACE] >>> RTI: Returned from interrupt. Restored PC: 003422
[LOG_TRACE] R0:3420 R1:3450 R2:0 R3:11 R4:177620 R5:4716 R6:7772 R7:3422
[LOG_TRACE] 003422 160104: sub R1, R4
[LOG_TRACE] R0:3420 R1:3450 R2:0 R3:11 R4:174150 R5:4716 R6:7772 R7:3424
[LOG_TRACE] 003424 100000: bpl 003426
[LOG_TRACE] R0:3420 R1:3450 R2:0 R3:11 R4:174150 R5:4716 R6:7772 R7:3426
[LOG_TRACE] 003426 000100: jmp R0
[LOG_TRACE] R0:3420 R1:3450 R2:0 R3:11 R4:174150 R5:4716 R6:7772 R7:3420
[LOG_TRACE] >>> BUS ERROR TRAP: Saving context and branching to Vector 4...
[LOG_TRACE] 003172 005011: clr (R1)
[LOG_TRACE] R0:3420 R1:3450 R2:0 R3:11 R4:174150 R5:4716 R6:7766 R7:3174
[LOG_TRACE] 003174 000002: rti (R4), (R1)
[LOG_TRACE] >>> RTI: Returned from interrupt. Restored PC: 003422
[LOG_TRACE] R0:3420 R1:3450 R2:0 R3:11 R4:174150 R5:4716 R6:7772 R7:3422
[LOG_TRACE] 003422 160104: sub R1, R4
[LOG_TRACE] R0:3420 R1:3450 R2:0 R3:11 R4:170500 R5:4716 R6:7772 R7:3424
[LOG_TRACE] 003424 100000: bpl 003426
[LOG_TRACE] R0:3420 R1:3450 R2:0 R3:11 R4:170500 R5:4716 R6:7772 R7:3426
[LOG_TRACE] 003426 000100: jmp R0
[LOG_TRACE] R0:3420 R1:3450 R2:0 R3:11 R4:170500 R5:4716 R6:7772 R7:3420
[LOG_TRACE] >>> BUS ERROR TRAP: Saving context and branching to Vector 4...
[LOG_TRACE] 003172 005011: clr (R1)
[LOG_TRACE] R0:3420 R1:3450 R2:0 R3:11 R4:170500 R5:4716 R6:7766 R7:3174
[LOG_TRACE] 003174 000002: rti (R4), (R1)
[LOG_TRACE] >>> RTI: Returned from interrupt. Restored PC: 003422
[LOG_TRACE] R0:3420 R1:3450 R2:0 R3:11 R4:170500 R5:4716 R6:7772 R7:3422
[LOG_TRACE] 003422 160104: sub R1, R4
[LOG_TRACE] R0:3420 R1:3450 R2:0 R3:11 R4:165030 R5:4716 R6:7772 R7:3424
[LOG_TRACE] 003424 100000: bpl 003426
[LOG_TRACE] R0:3420 R1:3450 R2:0 R3:11 R4:165030 R5:4716 R6:7772 R7:3426
[LOG_TRACE] 003426 000100: jmp R0
[LOG_TRACE] R0:3420 R1:3450 R2:0 R3:11 R4:165030 R5:4716 R6:7772 R7:3420
[LOG_TRACE] >>> BUS ERROR TRAP: Saving context and branching to Vector 4...
[LOG_TRACE] 003172 005011: clr (R1)
[LOG_TRACE] R0:3420 R1:3450 R2:0 R3:11 R4:165030 R5:4716 R6:7766 R7:3174
[LOG_TRACE] 003174 000002: rti (R4), (R1)
[LOG_TRACE] >>> RTI: Returned from interrupt. Restored PC: 003422
[LOG_TRACE] R0:3420 R1:3450 R2:0 R3:11 R4:165030 R5:4716 R6:7772 R7:3422
[LOG_TRACE] 003422 160104: sub R1, R4
[LOG_TRACE] R0:3420 R1:3450 R2:0 R3:11 R4:161360 R5:4716 R6:7772 R7:3424
[LOG_TRACE] 003424 100000: bpl 003426
[LOG_TRACE] R0:3420 R1:3450 R2:0 R3:11 R4:161360 R5:4716 R6:7772 R7:3426
[LOG_TRACE] 003426 000100: jmp R0
[LOG_TRACE] R0:3420 R1:3450 R2:0 R3:11 R4:161360 R5:4716 R6:7772 R7:3420
[LOG_TRACE] >>> BUS ERROR TRAP: Saving context and branching to Vector 4...
[LOG_TRACE] 003172 005011: clr (R1)
[LOG_TRACE] R0:3420 R1:3450 R2:0 R3:11 R4:161360 R5:4716 R6:7766 R7:3174
[LOG_TRACE] 003174 000002: rti (R4), (R1)
[LOG_TRACE] >>> RTI: Returned from interrupt. Restored PC: 003422
[LOG_TRACE] R0:3420 R1:3450 R2:0 R3:11 R4:161360 R5:4716 R6:7772 R7:3422
[LOG_TRACE] 003422 160104: sub R1, R4
[LOG_TRACE] R0:3420 R1:3450 R2:0 R3:11 R4:155710 R5:4716 R6:7772 R7:3424
[LOG_TRACE] 003424 100000: bpl 003426
[LOG_TRACE] R0:3420 R1:3450 R2:0 R3:11 R4:155710 R5:4716 R6:7772 R7:3426
[LOG_TRACE] 003426 000100: jmp R0
[LOG_TRACE] R0:3420 R1:3450 R2:0 R3:11 R4:155710 R5:4716 R6:7772 R7:3420
[LOG_TRACE] 003420 041415: bic (R4), (R5)
[LOG_TRACE] R0:3420 R1:3450 R2:0 R3:11 R4:155710 R5:4716 R6:7772 R7:3422
[LOG_TRACE] 003422 160104: sub R1, R4
[LOG_TRACE] R0:3420 R1:3450 R2:0 R3:11 R4:152240 R5:4716 R6:7772 R7:3424
[LOG_TRACE] 003424 100000: bpl 003426
[LOG_TRACE] R0:3420 R1:3450 R2:0 R3:11 R4:152240 R5:4716 R6:7772 R7:3426
[LOG_TRACE] 003426 000100: jmp R0
[LOG_TRACE] R0:3420 R1:3450 R2:0 R3:11 R4:152240 R5:4716 R6:7772 R7:3420
[LOG_TRACE] 003420 041415: bic (R4), (R5)
[LOG_TRACE] R0:3420 R1:3450 R2:0 R3:11 R4:152240 R5:4716 R6:7772 R7:3422
[LOG_TRACE] 003422 160104: sub R1, R4
[LOG_TRACE] R0:3420 R1:3450 R2:0 R3:11 R4:146570 R5:4716 R6:7772 R7:3424
[LOG_TRACE] 003424 100000: bpl 003426
[LOG_TRACE] R0:3420 R1:3450 R2:0 R3:11 R4:146570 R5:4716 R6:7772 R7:3426
[LOG_TRACE] 003426 000100: jmp R0
[LOG_TRACE] R0:3420 R1:3450 R2:0 R3:11 R4:146570 R5:4716 R6:7772 R7:3420
[LOG_TRACE] 003420 041415: bic (R4), (R5)
[LOG_TRACE] R0:3420 R1:3450 R2:0 R3:11 R4:146570 R5:4716 R6:7772 R7:3422
[LOG_TRACE] 003422 160104: sub R1, R4
[LOG_TRACE] R0:3420 R1:3450 R2:0 R3:11 R4:143120 R5:4716 R6:7772 R7:3424
[LOG_TRACE] 003424 100000: bpl 003426
[LOG_TRACE] R0:3420 R1:3450 R2:0 R3:11 R4:143120 R5:4716 R6:7772 R7:3426
[LOG_TRACE] 003426 000100: jmp R0
[LOG_TRACE] R0:3420 R1:3450 R2:0 R3:11 R4:143120 R5:4716 R6:7772 R7:3420
[LOG_TRACE] 003420 041415: bic (R4), (R5)
[LOG_TRACE] R0:3420 R1:3450 R2:0 R3:11 R4:143120 R5:4716 R6:7772 R7:3422
[LOG_TRACE] 003422 160104: sub R1, R4
[LOG_TRACE] R0:3420 R1:3450 R2:0 R3:11 R4:137450 R5:4716 R6:7772 R7:3424
[LOG_TRACE] 003424 100000: bpl 003426
[LOG_TRACE] R0:3420 R1:3450 R2:0 R3:11 R4:137450 R5:4716 R6:7772 R7:3426
[LOG_TRACE] 003426 000100: jmp R0
[LOG_TRACE] R0:3420 R1:3450 R2:0 R3:11 R4:137450 R5:4716 R6:7772 R7:3420
[LOG_TRACE] 003420 041415: bic (R4), (R5)
[LOG_TRACE] R0:3420 R1:3450 R2:0 R3:11 R4:137450 R5:4716 R6:7772 R7:3422
[LOG_TRACE] 003422 160104: sub R1, R4
[LOG_TRACE] R0:3420 R1:3450 R2:0 R3:11 R4:134000 R5:4716 R6:7772 R7:3424
[LOG_TRACE] 003424 100000: bpl 003426
[LOG_TRACE] R0:3420 R1:3450 R2:0 R3:11 R4:134000 R5:4716 R6:7772 R7:3426
[LOG_TRACE] 003426 000100: jmp R0
[LOG_TRACE] R0:3420 R1:3450 R2:0 R3:11 R4:134000 R5:4716 R6:7772 R7:3420
[LOG_TRACE] 003420 041415: bic (R4), (R5)
[LOG_TRACE] R0:3420 R1:3450 R2:0 R3:11 R4:134000 R5:4716 R6:7772 R7:3422
[LOG_TRACE] 003422 160104: sub R1, R4
[LOG_TRACE] R0:3420 R1:3450 R2:0 R3:11 R4:130330 R5:4716 R6:7772 R7:3424
[LOG_TRACE] 003424 100000: bpl 003426
[LOG_TRACE] R0:3420 R1:3450 R2:0 R3:11 R4:130330 R5:4716 R6:7772 R7:3426
[LOG_TRACE] 003426 000100: jmp R0
[LOG_TRACE] R0:3420 R1:3450 R2:0 R3:11 R4:130330 R5:4716 R6:7772 R7:3420
[LOG_TRACE] 003420 041415: bic (R4), (R5)
[LOG_TRACE] R0:3420 R1:3450 R2:0 R3:11 R4:130330 R5:4716 R6:7772 R7:3422
[LOG_TRACE] 003422 160104: sub R1, R4
[LOG_TRACE] R0:3420 R1:3450 R2:0 R3:11 R4:124660 R5:4716 R6:7772 R7:3424
[LOG_TRACE] 003424 100000: bpl 003426
[LOG_TRACE] R0:3420 R1:3450 R2:0 R3:11 R4:124660 R5:4716 R6:7772 R7:3426
[LOG_TRACE] 003426 000100: jmp R0
[LOG_TRACE] R0:3420 R1:3450 R2:0 R3:11 R4:124660 R5:4716 R6:7772 R7:3420
[LOG_TRACE] 003420 041415: bic (R4), (R5)
[LOG_TRACE] R0:3420 R1:3450 R2:0 R3:11 R4:124660 R5:4716 R6:7772 R7:3422
[LOG_TRACE] 003422 160104: sub R1, R4
[LOG_TRACE] R0:3420 R1:3450 R2:0 R3:11 R4:121210 R5:4716 R6:7772 R7:3424
[LOG_TRACE] 003424 100000: bpl 003426
[LOG_TRACE] R0:3420 R1:3450 R2:0 R3:11 R4:121210 R5:4716 R6:7772 R7:3426
[LOG_TRACE] 003426 000100: jmp R0
[LOG_TRACE] R0:3420 R1:3450 R2:0 R3:11 R4:121210 R5:4716 R6:7772 R7:3420
[LOG_TRACE] 003420 041415: bic (R4), (R5)
[LOG_TRACE] R0:3420 R1:3450 R2:0 R3:11 R4:121210 R5:4716 R6:7772 R7:3422
[LOG_TRACE] 003422 160104: sub R1, R4
[LOG_TRACE] R0:3420 R1:3450 R2:0 R3:11 R4:115540 R5:4716 R6:7772 R7:3424
[LOG_TRACE] 003424 100000: bpl 003426
[LOG_TRACE] R0:3420 R1:3450 R2:0 R3:11 R4:115540 R5:4716 R6:7772 R7:3426
[LOG_TRACE] 003426 000100: jmp R0
[LOG_TRACE] R0:3420 R1:3450 R2:0 R3:11 R4:115540 R5:4716 R6:7772 R7:3420
[LOG_TRACE] 003420 041415: bic (R4), (R5)
[LOG_TRACE] R0:3420 R1:3450 R2:0 R3:11 R4:115540 R5:4716 R6:7772 R7:3422
[LOG_TRACE] 003422 160104: sub R1, R4
[LOG_TRACE] R0:3420 R1:3450 R2:0 R3:11 R4:112070 R5:4716 R6:7772 R7:3424
[LOG_TRACE] 003424 100000: bpl 003426
[LOG_TRACE] R0:3420 R1:3450 R2:0 R3:11 R4:112070 R5:4716 R6:7772 R7:3426
[LOG_TRACE] 003426 000100: jmp R0
[LOG_TRACE] R0:3420 R1:3450 R2:0 R3:11 R4:112070 R5:4716 R6:7772 R7:3420
[LOG_TRACE] 003420 041415: bic (R4), (R5)
[LOG_TRACE] R0:3420 R1:3450 R2:0 R3:11 R4:112070 R5:4716 R6:7772 R7:3422
[LOG_TRACE] 003422 160104: sub R1, R4
[LOG_TRACE] R0:3420 R1:3450 R2:0 R3:11 R4:106420 R5:4716 R6:7772 R7:3424
[LOG_TRACE] 003424 100000: bpl 003426
[LOG_TRACE] R0:3420 R1:3450 R2:0 R3:11 R4:106420 R5:4716 R6:7772 R7:3426
[LOG_TRACE] 003426 000100: jmp R0
[LOG_TRACE] R0:3420 R1:3450 R2:0 R3:11 R4:106420 R5:4716 R6:7772 R7:3420
[LOG_TRACE] 003420 041415: bic (R4), (R5)
[LOG_TRACE] R0:3420 R1:3450 R2:0 R3:11 R4:106420 R5:4716 R6:7772 R7:3422
[LOG_TRACE] 003422 160104: sub R1, R4
[LOG_TRACE] R0:3420 R1:3450 R2:0 R3:11 R4:102750 R5:4716 R6:7772 R7:3424
[LOG_TRACE] 003424 100000: bpl 003426
[LOG_TRACE] R0:3420 R1:3450 R2:0 R3:11 R4:102750 R5:4716 R6:7772 R7:3426
[LOG_TRACE] 003426 000100: jmp R0
[LOG_TRACE] R0:3420 R1:3450 R2:0 R3:11 R4:102750 R5:4716 R6:7772 R7:3420
[LOG_TRACE] 003420 041415: bic (R4), (R5)
[LOG_TRACE] R0:3420 R1:3450 R2:0 R3:11 R4:102750 R5:4716 R6:7772 R7:3422
[LOG_TRACE] 003422 160104: sub R1, R4
[LOG_TRACE] R0:3420 R1:3450 R2:0 R3:11 R4:77300 R5:4716 R6:7772 R7:3424
[LOG_TRACE] 003424 100000: bpl 003426
[LOG_TRACE] R0:3420 R1:3450 R2:0 R3:11 R4:77300 R5:4716 R6:7772 R7:3426
[LOG_TRACE] 003426 000100: jmp R0
[LOG_TRACE] R0:3420 R1:3450 R2:0 R3:11 R4:77300 R5:4716 R6:7772 R7:3420
[LOG_TRACE] 003420 041415: bic (R4), (R5)
[LOG_TRACE] R0:3420 R1:3450 R2:0 R3:11 R4:77300 R5:4716 R6:7772 R7:3422
[LOG_TRACE] 003422 160104: sub R1, R4
[LOG_TRACE] R0:3420 R1:3450 R2:0 R3:11 R4:73630 R5:4716 R6:7772 R7:3424
[LOG_TRACE] 003424 100000: bpl 003426
[LOG_TRACE] R0:3420 R1:3450 R2:0 R3:11 R4:73630 R5:4716 R6:7772 R7:3426
[LOG_TRACE] 003426 000100: jmp R0
[LOG_TRACE] R0:3420 R1:3450 R2:0 R3:11 R4:73630 R5:4716 R6:7772 R7:3420
[LOG_TRACE] 003420 041415: bic (R4), (R5)
[LOG_TRACE] R0:3420 R1:3450 R2:0 R3:11 R4:73630 R5:4716 R6:7772 R7:3422
[LOG_TRACE] 003422 160104: sub R1, R4
[LOG_TRACE] R0:3420 R1:3450 R2:0 R3:11 R4:70160 R5:4716 R6:7772 R7:3424
[LOG_TRACE] 003424 100000: bpl 003426
[LOG_TRACE] R0:3420 R1:3450 R2:0 R3:11 R4:70160 R5:4716 R6:7772 R7:3426
[LOG_TRACE] 003426 000100: jmp R0
[LOG_TRACE] R0:3420 R1:3450 R2:0 R3:11 R4:70160 R5:4716 R6:7772 R7:3420
[LOG_TRACE] 003420 041415: bic (R4), (R5)
[LOG_TRACE] R0:3420 R1:3450 R2:0 R3:11 R4:70160 R5:4716 R6:7772 R7:3422
[LOG_TRACE] 003422 160104: sub R1, R4
[LOG_TRACE] R0:3420 R1:3450 R2:0 R3:11 R4:64510 R5:4716 R6:7772 R7:3424
[LOG_TRACE] 003424 100000: bpl 003426
[LOG_TRACE] R0:3420 R1:3450 R2:0 R3:11 R4:64510 R5:4716 R6:7772 R7:3426
[LOG_TRACE] 003426 000100: jmp R0
[LOG_TRACE] R0:3420 R1:3450 R2:0 R3:11 R4:64510 R5:4716 R6:7772 R7:3420
[LOG_TRACE] 003420 041415: bic (R4), (R5)
[LOG_TRACE] R0:3420 R1:3450 R2:0 R3:11 R4:64510 R5:4716 R6:7772 R7:3422
[LOG_TRACE] 003422 160104: sub R1, R4
[LOG_TRACE] R0:3420 R1:3450 R2:0 R3:11 R4:61040 R5:4716 R6:7772 R7:3424
[LOG_TRACE] 003424 100000: bpl 003426
[LOG_TRACE] R0:3420 R1:3450 R2:0 R3:11 R4:61040 R5:4716 R6:7772 R7:3426
[LOG_TRACE] 003426 000100: jmp R0
[LOG_TRACE] R0:3420 R1:3450 R2:0 R3:11 R4:61040 R5:4716 R6:7772 R7:3420
[LOG_TRACE] 003420 041415: bic (R4), (R5)
[LOG_TRACE] R0:3420 R1:3450 R2:0 R3:11 R4:61040 R5:4716 R6:7772 R7:3422
[LOG_TRACE] 003422 160104: sub R1, R4
[LOG_TRACE] R0:3420 R1:3450 R2:0 R3:11 R4:55370 R5:4716 R6:7772 R7:3424
[LOG_TRACE] 003424 100000: bpl 003426
[LOG_TRACE] R0:3420 R1:3450 R2:0 R3:11 R4:55370 R5:4716 R6:7772 R7:3426
[LOG_TRACE] 003426 000100: jmp R0
[LOG_TRACE] R0:3420 R1:3450 R2:0 R3:11 R4:55370 R5:4716 R6:7772 R7:3420
[LOG_TRACE] 003420 041415: bic (R4), (R5)
[LOG_TRACE] R0:3420 R1:3450 R2:0 R3:11 R4:55370 R5:4716 R6:7772 R7:3422
[LOG_TRACE] 003422 160104: sub R1, R4
[LOG_TRACE] R0:3420 R1:3450 R2:0 R3:11 R4:51720 R5:4716 R6:7772 R7:3424
[LOG_TRACE] 003424 100000: bpl 003426
[LOG_TRACE] R0:3420 R1:3450 R2:0 R3:11 R4:51720 R5:4716 R6:7772 R7:3426
[LOG_TRACE] 003426 000100: jmp R0
[LOG_TRACE] R0:3420 R1:3450 R2:0 R3:11 R4:51720 R5:4716 R6:7772 R7:3420
[LOG_TRACE] 003420 041415: bic (R4), (R5)
[LOG_TRACE] R0:3420 R1:3450 R2:0 R3:11 R4:51720 R5:4716 R6:7772 R7:3422
[LOG_TRACE] 003422 160104: sub R1, R4
[LOG_TRACE] R0:3420 R1:3450 R2:0 R3:11 R4:46250 R5:4716 R6:7772 R7:3424
[LOG_TRACE] 003424 100000: bpl 003426
[LOG_TRACE] R0:3420 R1:3450 R2:0 R3:11 R4:46250 R5:4716 R6:7772 R7:3426
[LOG_TRACE] 003426 000100: jmp R0
[LOG_TRACE] R0:3420 R1:3450 R2:0 R3:11 R4:46250 R5:4716 R6:7772 R7:3420
[LOG_TRACE] 003420 041415: bic (R4), (R5)
[LOG_TRACE] R0:3420 R1:3450 R2:0 R3:11 R4:46250 R5:4716 R6:7772 R7:3422
[LOG_TRACE] 003422 160104: sub R1, R4
[LOG_TRACE] R0:3420 R1:3450 R2:0 R3:11 R4:42600 R5:4716 R6:7772 R7:3424
[LOG_TRACE] 003424 100000: bpl 003426
[LOG_TRACE] R0:3420 R1:3450 R2:0 R3:11 R4:42600 R5:4716 R6:7772 R7:3426
[LOG_TRACE] 003426 000100: jmp R0
[LOG_TRACE] R0:3420 R1:3450 R2:0 R3:11 R4:42600 R5:4716 R6:7772 R7:3420
[LOG_TRACE] 003420 041415: bic (R4), (R5)
[LOG_TRACE] R0:3420 R1:3450 R2:0 R3:11 R4:42600 R5:4716 R6:7772 R7:3422
[LOG_TRACE] 003422 160104: sub R1, R4
[LOG_TRACE] R0:3420 R1:3450 R2:0 R3:11 R4:37130 R5:4716 R6:7772 R7:3424
[LOG_TRACE] 003424 100000: bpl 003426
[LOG_TRACE] R0:3420 R1:3450 R2:0 R3:11 R4:37130 R5:4716 R6:7772 R7:3426
[LOG_TRACE] 003426 000100: jmp R0
[LOG_TRACE] R0:3420 R1:3450 R2:0 R3:11 R4:37130 R5:4716 R6:7772 R7:3420
[LOG_TRACE] 003420 041415: bic (R4), (R5)
[LOG_TRACE] R0:3420 R1:3450 R2:0 R3:11 R4:37130 R5:4716 R6:7772 R7:3422
[LOG_TRACE] 003422 160104: sub R1, R4
[LOG_TRACE] R0:3420 R1:3450 R2:0 R3:11 R4:33460 R5:4716 R6:7772 R7:3424
[LOG_TRACE] 003424 100000: bpl 003426
[LOG_TRACE] R0:3420 R1:3450 R2:0 R3:11 R4:33460 R5:4716 R6:7772 R7:3426
[LOG_TRACE] 003426 000100: jmp R0
[LOG_TRACE] R0:3420 R1:3450 R2:0 R3:11 R4:33460 R5:4716 R6:7772 R7:3420
[LOG_TRACE] 003420 041415: bic (R4), (R5)
[LOG_TRACE] R0:3420 R1:3450 R2:0 R3:11 R4:33460 R5:4716 R6:7772 R7:3422
[LOG_TRACE] 003422 160104: sub R1, R4
[LOG_TRACE] R0:3420 R1:3450 R2:0 R3:11 R4:30010 R5:4716 R6:7772 R7:3424
[LOG_TRACE] 003424 100000: bpl 003426
[LOG_TRACE] R0:3420 R1:3450 R2:0 R3:11 R4:30010 R5:4716 R6:7772 R7:3426
[LOG_TRACE] 003426 000100: jmp R0
[LOG_TRACE] R0:3420 R1:3450 R2:0 R3:11 R4:30010 R5:4716 R6:7772 R7:3420
[LOG_TRACE] 003420 041415: bic (R4), (R5)
[LOG_TRACE] R0:3420 R1:3450 R2:0 R3:11 R4:30010 R5:4716 R6:7772 R7:3422
[LOG_TRACE] 003422 160104: sub R1, R4
[LOG_TRACE] R0:3420 R1:3450 R2:0 R3:11 R4:24340 R5:4716 R6:7772 R7:3424
[LOG_TRACE] 003424 100000: bpl 003426
[LOG_TRACE] R0:3420 R1:3450 R2:0 R3:11 R4:24340 R5:4716 R6:7772 R7:3426
[LOG_TRACE] 003426 000100: jmp R0
[LOG_TRACE] R0:3420 R1:3450 R2:0 R3:11 R4:24340 R5:4716 R6:7772 R7:3420
[LOG_TRACE] 003420 041415: bic (R4), (R5)
[LOG_TRACE] R0:3420 R1:3450 R2:0 R3:11 R4:24340 R5:4716 R6:7772 R7:3422
[LOG_TRACE] 003422 160104: sub R1, R4
[LOG_TRACE] R0:3420 R1:3450 R2:0 R3:11 R4:20670 R5:4716 R6:7772 R7:3424
[LOG_TRACE] 003424 100000: bpl 003426
[LOG_TRACE] R0:3420 R1:3450 R2:0 R3:11 R4:20670 R5:4716 R6:7772 R7:3426
[LOG_TRACE] 003426 000100: jmp R0
[LOG_TRACE] R0:3420 R1:3450 R2:0 R3:11 R4:20670 R5:4716 R6:7772 R7:3420
[LOG_TRACE] 003420 041415: bic (R4), (R5)
[LOG_TRACE] R0:3420 R1:3450 R2:0 R3:11 R4:20670 R5:4716 R6:7772 R7:3422
[LOG_TRACE] 003422 160104: sub R1, R4
[LOG_TRACE] R0:3420 R1:3450 R2:0 R3:11 R4:15220 R5:4716 R6:7772 R7:3424
[LOG_TRACE] 003424 100000: bpl 003426
[LOG_TRACE] R0:3420 R1:3450 R2:0 R3:11 R4:15220 R5:4716 R6:7772 R7:3426
[LOG_TRACE] 003426 000100: jmp R0
[LOG_TRACE] R0:3420 R1:3450 R2:0 R3:11 R4:15220 R5:4716 R6:7772 R7:3420
[LOG_TRACE] 003420 041415: bic (R4), (R5)
[LOG_TRACE] R0:3420 R1:3450 R2:0 R3:11 R4:15220 R5:4716 R6:7772 R7:3422
[LOG_TRACE] 003422 160104: sub R1, R4
[LOG_TRACE] R0:3420 R1:3450 R2:0 R3:11 R4:11550 R5:4716 R6:7772 R7:3424
[LOG_TRACE] 003424 100000: bpl 003426
[LOG_TRACE] R0:3420 R1:3450 R2:0 R3:11 R4:11550 R5:4716 R6:7772 R7:3426
[LOG_TRACE] 003426 000100: jmp R0
[LOG_TRACE] R0:3420 R1:3450 R2:0 R3:11 R4:11550 R5:4716 R6:7772 R7:3420
[LOG_TRACE] 003420 041415: bic (R4), (R5)
[LOG_TRACE] R0:3420 R1:3450 R2:0 R3:11 R4:11550 R5:4716 R6:7772 R7:3422
[LOG_TRACE] 003422 160104: sub R1, R4
[LOG_TRACE] R0:3420 R1:3450 R2:0 R3:11 R4:6100 R5:4716 R6:7772 R7:3424
[LOG_TRACE] 003424 100000: bpl 003426
[LOG_TRACE] R0:3420 R1:3450 R2:0 R3:11 R4:6100 R5:4716 R6:7772 R7:3426
[LOG_TRACE] 003426 000100: jmp R0
[LOG_TRACE] R0:3420 R1:3450 R2:0 R3:11 R4:6100 R5:4716 R6:7772 R7:3420
[LOG_TRACE] 003420 041415: bic (R4), (R5)
[LOG_TRACE] R0:3420 R1:3450 R2:0 R3:11 R4:6100 R5:4716 R6:7772 R7:3422
[LOG_TRACE] 003422 160104: sub R1, R4
[LOG_TRACE] R0:3420 R1:3450 R2:0 R3:11 R4:2430 R5:4716 R6:7772 R7:3424
[LOG_TRACE] 003424 100000: bpl 003426
[LOG_TRACE] R0:3420 R1:3450 R2:0 R3:11 R4:2430 R5:4716 R6:7772 R7:3426
[LOG_TRACE] 003426 000100: jmp R0
[LOG_TRACE] R0:3420 R1:3450 R2:0 R3:11 R4:2430 R5:4716 R6:7772 R7:3420
[LOG_TRACE] 003420 041415: bic (R4), (R5)
[LOG_TRACE] R0:3420 R1:3450 R2:0 R3:11 R4:2430 R5:4716 R6:7772 R7:3422
[LOG_TRACE] 003422 160104: sub R1, R4
[LOG_TRACE] R0:3420 R1:3450 R2:0 R3:11 R4:176760 R5:4716 R6:7772 R7:3424
[LOG_TRACE] 003424 100000: bpl 003426
[LOG_TRACE] R0:3420 R1:3450 R2:0 R3:11 R4:176760 R5:4716 R6:7772 R7:3426
[LOG_TRACE] 003426 000100: jmp R0
[LOG_TRACE] R0:3420 R1:3450 R2:0 R3:11 R4:176760 R5:4716 R6:7772 R7:3420
[LOG_TRACE] >>> BUS ERROR TRAP: Saving context and branching to Vector 4...
[LOG_TRACE] 003172 005011: clr (R1)
[LOG_TRACE] R0:3420 R1:3450 R2:0 R3:11 R4:176760 R5:4716 R6:7766 R7:3174
[LOG_TRACE] 003174 000002: rti (R4), (R1)
[LOG_TRACE] >>> RTI: Returned from interrupt. Restored PC: 003422
[LOG_TRACE] R0:3420 R1:3450 R2:0 R3:11 R4:176760 R5:4716 R6:7772 R7:3422
[LOG_TRACE] 003422 160104: sub R1, R4
[LOG_TRACE] R0:3420 R1:3450 R2:0 R3:11 R4:173310 R5:4716 R6:7772 R7:3424
[LOG_TRACE] 003424 100000: bpl 003426
[LOG_TRACE] R0:3420 R1:3450 R2:0 R3:11 R4:173310 R5:4716 R6:7772 R7:3426
[LOG_TRACE] 003426 000100: jmp R0
[LOG_TRACE] R0:3420 R1:3450 R2:0 R3:11 R4:173310 R5:4716 R6:7772 R7:3420
[LOG_TRACE] >>> BUS ERROR TRAP: Saving context and branching to Vector 4...
[LOG_TRACE] 003172 005011: clr (R1)
[LOG_TRACE] R0:3420 R1:3450 R2:0 R3:11 R4:173310 R5:4716 R6:7766 R7:3174
[LOG_TRACE] 003174 000002: rti (R4), (R1)
[LOG_TRACE] >>> RTI: Returned from interrupt. Restored PC: 003422
[LOG_TRACE] R0:3420 R1:3450 R2:0 R3:11 R4:173310 R5:4716 R6:7772 R7:3422
[LOG_TRACE] 003422 160104: sub R1, R4
[LOG_TRACE] R0:3420 R1:3450 R2:0 R3:11 R4:167640 R5:4716 R6:7772 R7:3424
[LOG_TRACE] 003424 100000: bpl 003426
[LOG_TRACE] R0:3420 R1:3450 R2:0 R3:11 R4:167640 R5:4716 R6:7772 R7:3426
[LOG_TRACE] 003426 000100: jmp R0
[LOG_TRACE] R0:3420 R1:3450 R2:0 R3:11 R4:167640 R5:4716 R6:7772 R7:3420
[LOG_TRACE] >>> BUS ERROR TRAP: Saving context and branching to Vector 4...
[LOG_TRACE] 003172 005011: clr (R1)
[LOG_TRACE] R0:3420 R1:3450 R2:0 R3:11 R4:167640 R5:4716 R6:7766 R7:3174
[LOG_TRACE] 003174 000002: rti (R4), (R1)
[LOG_TRACE] >>> RTI: Returned from interrupt. Restored PC: 003422
[LOG_TRACE] R0:3420 R1:3450 R2:0 R3:11 R4:167640 R5:4716 R6:7772 R7:3422
[LOG_TRACE] 003422 160104: sub R1, R4
[LOG_TRACE] R0:3420 R1:3450 R2:0 R3:11 R4:164170 R5:4716 R6:7772 R7:3424
[LOG_TRACE] 003424 100000: bpl 003426
[LOG_TRACE] R0:3420 R1:3450 R2:0 R3:11 R4:164170 R5:4716 R6:7772 R7:3426
[LOG_TRACE] 003426 000100: jmp R0
[LOG_TRACE] R0:3420 R1:3450 R2:0 R3:11 R4:164170 R5:4716 R6:7772 R7:3420
[LOG_TRACE] >>> BUS ERROR TRAP: Saving context and branching to Vector 4...
[LOG_TRACE] 003172 005011: clr (R1)
[LOG_TRACE] R0:3420 R1:3450 R2:0 R3:11 R4:164170 R5:4716 R6:7766 R7:3174
[LOG_TRACE] 003174 000002: rti (R4), (R1)
[LOG_TRACE] >>> RTI: Returned from interrupt. Restored PC: 003422
[LOG_TRACE] R0:3420 R1:3450 R2:0 R3:11 R4:164170 R5:4716 R6:7772 R7:3422
[LOG_TRACE] 003422 160104: sub R1, R4
[LOG_TRACE] R0:3420 R1:3450 R2:0 R3:11 R4:160520 R5:4716 R6:7772 R7:3424
[LOG_TRACE] 003424 100000: bpl 003426
[LOG_TRACE] R0:3420 R1:3450 R2:0 R3:11 R4:160520 R5:4716 R6:7772 R7:3426
[LOG_TRACE] 003426 000100: jmp R0
[LOG_TRACE] R0:3420 R1:3450 R2:0 R3:11 R4:160520 R5:4716 R6:7772 R7:3420
[LOG_TRACE] >>> BUS ERROR TRAP: Saving context and branching to Vector 4...
[LOG_TRACE] 003172 005011: clr (R1)
[LOG_TRACE] R0:3420 R1:3450 R2:0 R3:11 R4:160520 R5:4716 R6:7766 R7:3174
[LOG_TRACE] 003174 000002: rti (R4), (R1)
[LOG_TRACE] >>> RTI: Returned from interrupt. Restored PC: 003422
[LOG_TRACE] R0:3420 R1:3450 R2:0 R3:11 R4:160520 R5:4716 R6:7772 R7:3422
[LOG_TRACE] 003422 160104: sub R1, R4
[LOG_TRACE] R0:3420 R1:3450 R2:0 R3:11 R4:155050 R5:4716 R6:7772 R7:3424
[LOG_TRACE] 003424 100000: bpl 003426
[LOG_TRACE] R0:3420 R1:3450 R2:0 R3:11 R4:155050 R5:4716 R6:7772 R7:3426
[LOG_TRACE] 003426 000100: jmp R0
[LOG_TRACE] R0:3420 R1:3450 R2:0 R3:11 R4:155050 R5:4716 R6:7772 R7:3420
[LOG_TRACE] 003420 041415: bic (R4), (R5)
[LOG_TRACE] R0:3420 R1:3450 R2:0 R3:11 R4:155050 R5:4716 R6:7772 R7:3422
[LOG_TRACE] 003422 160104: sub R1, R4
[LOG_TRACE] R0:3420 R1:3450 R2:0 R3:11 R4:151400 R5:4716 R6:7772 R7:3424
[LOG_TRACE] 003424 100000: bpl 003426
[LOG_TRACE] R0:3420 R1:3450 R2:0 R3:11 R4:151400 R5:4716 R6:7772 R7:3426
[LOG_TRACE] 003426 000100: jmp R0
[LOG_TRACE] R0:3420 R1:3450 R2:0 R3:11 R4:151400 R5:4716 R6:7772 R7:3420
[LOG_TRACE] 003420 041415: bic (R4), (R5)
[LOG_TRACE] R0:3420 R1:3450 R2:0 R3:11 R4:151400 R5:4716 R6:7772 R7:3422
[LOG_TRACE] 003422 160104: sub R1, R4
[LOG_TRACE] R0:3420 R1:3450 R2:0 R3:11 R4:145730 R5:4716 R6:7772 R7:3424
[LOG_TRACE] 003424 100000: bpl 003426
[LOG_TRACE] R0:3420 R1:3450 R2:0 R3:11 R4:145730 R5:4716 R6:7772 R7:3426
[LOG_TRACE] 003426 000100: jmp R0
[LOG_TRACE] R0:3420 R1:3450 R2:0 R3:11 R4:145730 R5:4716 R6:7772 R7:3420
[LOG_TRACE] 003420 041415: bic (R4), (R5)
[LOG_TRACE] R0:3420 R1:3450 R2:0 R3:11 R4:145730 R5:4716 R6:7772 R7:3422
[LOG_TRACE] 003422 160104: sub R1, R4
[LOG_TRACE] R0:3420 R1:3450 R2:0 R3:11 R4:142260 R5:4716 R6:7772 R7:3424
[LOG_TRACE] 003424 100000: bpl 003426
[LOG_TRACE] R0:3420 R1:3450 R2:0 R3:11 R4:142260 R5:4716 R6:7772 R7:3426
[LOG_TRACE] 003426 000100: jmp R0
[LOG_TRACE] R0:3420 R1:3450 R2:0 R3:11 R4:142260 R5:4716 R6:7772 R7:3420
[LOG_TRACE] 003420 041415: bic (R4), (R5)
[LOG_TRACE] R0:3420 R1:3450 R2:0 R3:11 R4:142260 R5:4716 R6:7772 R7:3422
[LOG_TRACE] 003422 160104: sub R1, R4
[LOG_TRACE] R0:3420 R1:3450 R2:0 R3:11 R4:136610 R5:4716 R6:7772 R7:3424
[LOG_TRACE] 003424 100000: bpl 003426
[LOG_TRACE] R0:3420 R1:3450 R2:0 R3:11 R4:136610 R5:4716 R6:7772 R7:3426
[LOG_TRACE] 003426 000100: jmp R0
[LOG_TRACE] R0:3420 R1:3450 R2:0 R3:11 R4:136610 R5:4716 R6:7772 R7:3420
[LOG_TRACE] 003420 041415: bic (R4), (R5)
[LOG_TRACE] R0:3420 R1:3450 R2:0 R3:11 R4:136610 R5:4716 R6:7772 R7:3422
[LOG_TRACE] 003422 160104: sub R1, R4
[LOG_TRACE] R0:3420 R1:3450 R2:0 R3:11 R4:133140 R5:4716 R6:7772 R7:3424
[LOG_TRACE] 003424 100000: bpl 003426
[LOG_TRACE] R0:3420 R1:3450 R2:0 R3:11 R4:133140 R5:4716 R6:7772 R7:3426
[LOG_TRACE] 003426 000100: jmp R0
[LOG_TRACE] R0:3420 R1:3450 R2:0 R3:11 R4:133140 R5:4716 R6:7772 R7:3420
[LOG_TRACE] 003420 041415: bic (R4), (R5)
[LOG_TRACE] R0:3420 R1:3450 R2:0 R3:11 R4:133140 R5:4716 R6:7772 R7:3422
[LOG_TRACE] 003422 160104: sub R1, R4
[LOG_TRACE] R0:3420 R1:3450 R2:0 R3:11 R4:127470 R5:4716 R6:7772 R7:3424
[LOG_TRACE] 003424 100000: bpl 003426
[LOG_TRACE] R0:3420 R1:3450 R2:0 R3:11 R4:127470 R5:4716 R6:7772 R7:3426
[LOG_TRACE] 003426 000100: jmp R0
[LOG_TRACE] R0:3420 R1:3450 R2:0 R3:11 R4:127470 R5:4716 R6:7772 R7:3420
[LOG_TRACE] 003420 041415: bic (R4), (R5)
[LOG_TRACE] R0:3420 R1:3450 R2:0 R3:11 R4:127470 R5:4716 R6:7772 R7:3422
[LOG_TRACE] 003422 160104: sub R1, R4
[LOG_TRACE] R0:3420 R1:3450 R2:0 R3:11 R4:124020 R5:4716 R6:7772 R7:3424
[LOG_TRACE] 003424 100000: bpl 003426
[LOG_TRACE] R0:3420 R1:3450 R2:0 R3:11 R4:124020 R5:4716 R6:7772 R7:3426
[LOG_TRACE] 003426 000100: jmp R0
[LOG_TRACE] R0:3420 R1:3450 R2:0 R3:11 R4:124020 R5:4716 R6:7772 R7:3420
[LOG_TRACE] 003420 041415: bic (R4), (R5)
[LOG_TRACE] R0:3420 R1:3450 R2:0 R3:11 R4:124020 R5:4716 R6:7772 R7:3422
[LOG_TRACE] 003422 160104: sub R1, R4
[LOG_TRACE] R0:3420 R1:3450 R2:0 R3:11 R4:120350 R5:4716 R6:7772 R7:3424
[LOG_TRACE] 003424 100000: bpl 003426
[LOG_TRACE] R0:3420 R1:3450 R2:0 R3:11 R4:120350 R5:4716 R6:7772 R7:3426
[LOG_TRACE] 003426 000100: jmp R0
[LOG_TRACE] R0:3420 R1:3450 R2:0 R3:11 R4:120350 R5:4716 R6:7772 R7:3420
[LOG_TRACE] 003420 041415: bic (R4), (R5)
[LOG_TRACE] R0:3420 R1:3450 R2:0 R3:11 R4:120350 R5:4716 R6:7772 R7:3422
[LOG_TRACE] 003422 160104: sub R1, R4
[LOG_TRACE] R0:3420 R1:3450 R2:0 R3:11 R4:114700 R5:4716 R6:7772 R7:3424
[LOG_TRACE] 003424 100000: bpl 003426
[LOG_TRACE] R0:3420 R1:3450 R2:0 R3:11 R4:114700 R5:4716 R6:7772 R7:3426
[LOG_TRACE] 003426 000100: jmp R0
[LOG_TRACE] R0:3420 R1:3450 R2:0 R3:11 R4:114700 R5:4716 R6:7772 R7:3420
[LOG_TRACE] 003420 041415: bic (R4), (R5)
[LOG_TRACE] R0:3420 R1:3450 R2:0 R3:11 R4:114700 R5:4716 R6:7772 R7:3422
[LOG_TRACE] 003422 160104: sub R1, R4
[LOG_TRACE] R0:3420 R1:3450 R2:0 R3:11 R4:111230 R5:4716 R6:7772 R7:3424
[LOG_TRACE] 003424 100000: bpl 003426
[LOG_TRACE] R0:3420 R1:3450 R2:0 R3:11 R4:111230 R5:4716 R6:7772 R7:3426
[LOG_TRACE] 003426 000100: jmp R0
[LOG_TRACE] R0:3420 R1:3450 R2:0 R3:11 R4:111230 R5:4716 R6:7772 R7:3420
[LOG_TRACE] 003420 041415: bic (R4), (R5)
[LOG_TRACE] R0:3420 R1:3450 R2:0 R3:11 R4:111230 R5:4716 R6:7772 R7:3422
[LOG_TRACE] 003422 160104: sub R1, R4
[LOG_TRACE] R0:3420 R1:3450 R2:0 R3:11 R4:105560 R5:4716 R6:7772 R7:3424
[LOG_TRACE] 003424 100000: bpl 003426
[LOG_TRACE] R0:3420 R1:3450 R2:0 R3:11 R4:105560 R5:4716 R6:7772 R7:3426
[LOG_TRACE] 003426 000100: jmp R0
[LOG_TRACE] R0:3420 R1:3450 R2:0 R3:11 R4:105560 R5:4716 R6:7772 R7:3420
[LOG_TRACE] 003420 041415: bic (R4), (R5)
[LOG_TRACE] R0:3420 R1:3450 R2:0 R3:11 R4:105560 R5:4716 R6:7772 R7:3422
[LOG_TRACE] 003422 160104: sub R1, R4
[LOG_TRACE] R0:3420 R1:3450 R2:0 R3:11 R4:102110 R5:4716 R6:7772 R7:3424
[LOG_TRACE] 003424 100000: bpl 003426
[LOG_TRACE] R0:3420 R1:3450 R2:0 R3:11 R4:102110 R5:4716 R6:7772 R7:3426
[LOG_TRACE] 003426 000100: jmp R0
[LOG_TRACE] R0:3420 R1:3450 R2:0 R3:11 R4:102110 R5:4716 R6:7772 R7:3420
[LOG_TRACE] 003420 041415: bic (R4), (R5)
[LOG_TRACE] R0:3420 R1:3450 R2:0 R3:11 R4:102110 R5:4716 R6:7772 R7:3422
[LOG_TRACE] 003422 160104: sub R1, R4
[LOG_TRACE] R0:3420 R1:3450 R2:0 R3:11 R4:76440 R5:4716 R6:7772 R7:3424
[LOG_TRACE] 003424 100000: bpl 003426
[LOG_TRACE] R0:3420 R1:3450 R2:0 R3:11 R4:76440 R5:4716 R6:7772 R7:3426
[LOG_TRACE] 003426 000100: jmp R0
[LOG_TRACE] R0:3420 R1:3450 R2:0 R3:11 R4:76440 R5:4716 R6:7772 R7:3420
[LOG_TRACE] 003420 041415: bic (R4), (R5)
[LOG_TRACE] R0:3420 R1:3450 R2:0 R3:11 R4:76440 R5:4716 R6:7772 R7:3422
[LOG_TRACE] 003422 160104: sub R1, R4
[LOG_TRACE] R0:3420 R1:3450 R2:0 R3:11 R4:72770 R5:4716 R6:7772 R7:3424
[LOG_TRACE] 003424 100000: bpl 003426
[LOG_TRACE] R0:3420 R1:3450 R2:0 R3:11 R4:72770 R5:4716 R6:7772 R7:3426
[LOG_TRACE] 003426 000100: jmp R0
[LOG_TRACE] R0:3420 R1:3450 R2:0 R3:11 R4:72770 R5:4716 R6:7772 R7:3420
[LOG_TRACE] 003420 041415: bic (R4), (R5)
[LOG_TRACE] R0:3420 R1:3450 R2:0 R3:11 R4:72770 R5:4716 R6:7772 R7:3422
[LOG_TRACE] 003422 160104: sub R1, R4
[LOG_TRACE] R0:3420 R1:3450 R2:0 R3:11 R4:67320 R5:4716 R6:7772 R7:3424
[LOG_TRACE] 003424 100000: bpl 003426
[LOG_TRACE] R0:3420 R1:3450 R2:0 R3:11 R4:67320 R5:4716 R6:7772 R7:3426
[LOG_TRACE] 003426 000100: jmp R0
[LOG_TRACE] R0:3420 R1:3450 R2:0 R3:11 R4:67320 R5:4716 R6:7772 R7:3420
[LOG_TRACE] 003420 041415: bic (R4), (R5)
[LOG_TRACE] R0:3420 R1:3450 R2:0 R3:11 R4:67320 R5:4716 R6:7772 R7:3422
[LOG_TRACE] 003422 160104: sub R1, R4
[LOG_TRACE] R0:3420 R1:3450 R2:0 R3:11 R4:63650 R5:4716 R6:7772 R7:3424
[LOG_TRACE] 003424 100000: bpl 003426
[LOG_TRACE] R0:3420 R1:3450 R2:0 R3:11 R4:63650 R5:4716 R6:7772 R7:3426
[LOG_TRACE] 003426 000100: jmp R0
[LOG_TRACE] R0:3420 R1:3450 R2:0 R3:11 R4:63650 R5:4716 R6:7772 R7:3420
[LOG_TRACE] 003420 041415: bic (R4), (R5)
[LOG_TRACE] R0:3420 R1:3450 R2:0 R3:11 R4:63650 R5:4716 R6:7772 R7:3422
[LOG_TRACE] 003422 160104: sub R1, R4
[LOG_TRACE] R0:3420 R1:3450 R2:0 R3:11 R4:60200 R5:4716 R6:7772 R7:3424
[LOG_TRACE] 003424 100000: bpl 003426
[LOG_TRACE] R0:3420 R1:3450 R2:0 R3:11 R4:60200 R5:4716 R6:7772 R7:3426
[LOG_TRACE] 003426 000100: jmp R0
[LOG_TRACE] R0:3420 R1:3450 R2:0 R3:11 R4:60200 R5:4716 R6:7772 R7:3420
[LOG_TRACE] 003420 041415: bic (R4), (R5)
[LOG_TRACE] R0:3420 R1:3450 R2:0 R3:11 R4:60200 R5:4716 R6:7772 R7:3422
[LOG_TRACE] 003422 160104: sub R1, R4
[LOG_TRACE] R0:3420 R1:3450 R2:0 R3:11 R4:54530 R5:4716 R6:7772 R7:3424
[LOG_TRACE] 003424 100000: bpl 003426
[LOG_TRACE] R0:3420 R1:3450 R2:0 R3:11 R4:54530 R5:4716 R6:7772 R7:3426
[LOG_TRACE] 003426 000100: jmp R0
[LOG_TRACE] R0:3420 R1:3450 R2:0 R3:11 R4:54530 R5:4716 R6:7772 R7:3420
[LOG_TRACE] 003420 041415: bic (R4), (R5)
[LOG_TRACE] R0:3420 R1:3450 R2:0 R3:11 R4:54530 R5:4716 R6:7772 R7:3422
[LOG_TRACE] 003422 160104: sub R1, R4
[LOG_TRACE] R0:3420 R1:3450 R2:0 R3:11 R4:51060 R5:4716 R6:7772 R7:3424
[LOG_TRACE] 003424 100000: bpl 003426
[LOG_TRACE] R0:3420 R1:3450 R2:0 R3:11 R4:51060 R5:4716 R6:7772 R7:3426
[LOG_TRACE] 003426 000100: jmp R0
[LOG_TRACE] R0:3420 R1:3450 R2:0 R3:11 R4:51060 R5:4716 R6:7772 R7:3420
[LOG_TRACE] 003420 041415: bic (R4), (R5)
[LOG_TRACE] R0:3420 R1:3450 R2:0 R3:11 R4:51060 R5:4716 R6:7772 R7:3422
[LOG_TRACE] 003422 160104: sub R1, R4
[LOG_TRACE] R0:3420 R1:3450 R2:0 R3:11 R4:45410 R5:4716 R6:7772 R7:3424
[LOG_TRACE] 003424 100000: bpl 003426
[LOG_TRACE] R0:3420 R1:3450 R2:0 R3:11 R4:45410 R5:4716 R6:7772 R7:3426
[LOG_TRACE] 003426 000100: jmp R0
[LOG_TRACE] R0:3420 R1:3450 R2:0 R3:11 R4:45410 R5:4716 R6:7772 R7:3420
[LOG_TRACE] 003420 041415: bic (R4), (R5)
[LOG_TRACE] R0:3420 R1:3450 R2:0 R3:11 R4:45410 R5:4716 R6:7772 R7:3422
[LOG_TRACE] 003422 160104: sub R1, R4
[LOG_TRACE] R0:3420 R1:3450 R2:0 R3:11 R4:41740 R5:4716 R6:7772 R7:3424
[LOG_TRACE] 003424 100000: bpl 003426
[LOG_TRACE] R0:3420 R1:3450 R2:0 R3:11 R4:41740 R5:4716 R6:7772 R7:3426
[LOG_TRACE] 003426 000100: jmp R0
[LOG_TRACE] R0:3420 R1:3450 R2:0 R3:11 R4:41740 R5:4716 R6:7772 R7:3420
[LOG_TRACE] 003420 041415: bic (R4), (R5)
[LOG_TRACE] R0:3420 R1:3450 R2:0 R3:11 R4:41740 R5:4716 R6:7772 R7:3422
[LOG_TRACE] 003422 160104: sub R1, R4
[LOG_TRACE] R0:3420 R1:3450 R2:0 R3:11 R4:36270 R5:4716 R6:7772 R7:3424
[LOG_TRACE] 003424 100000: bpl 003426
[LOG_TRACE] R0:3420 R1:3450 R2:0 R3:11 R4:36270 R5:4716 R6:7772 R7:3426
[LOG_TRACE] 003426 000100: jmp R0
[LOG_TRACE] R0:3420 R1:3450 R2:0 R3:11 R4:36270 R5:4716 R6:7772 R7:3420
[LOG_TRACE] 003420 041415: bic (R4), (R5)
[LOG_TRACE] R0:3420 R1:3450 R2:0 R3:11 R4:36270 R5:4716 R6:7772 R7:3422
[LOG_TRACE] 003422 160104: sub R1, R4
[LOG_TRACE] R0:3420 R1:3450 R2:0 R3:11 R4:32620 R5:4716 R6:7772 R7:3424
[LOG_TRACE] 003424 100000: bpl 003426
[LOG_TRACE] R0:3420 R1:3450 R2:0 R3:11 R4:32620 R5:4716 R6:7772 R7:3426
[LOG_TRACE] 003426 000100: jmp R0
[LOG_TRACE] R0:3420 R1:3450 R2:0 R3:11 R4:32620 R5:4716 R6:7772 R7:3420
[LOG_TRACE] 003420 041415: bic (R4), (R5)
[LOG_TRACE] R0:3420 R1:3450 R2:0 R3:11 R4:32620 R5:4716 R6:7772 R7:3422
[LOG_TRACE] 003422 160104: sub R1, R4
[LOG_TRACE] R0:3420 R1:3450 R2:0 R3:11 R4:27150 R5:4716 R6:7772 R7:3424
[LOG_TRACE] 003424 100000: bpl 003426
[LOG_TRACE] R0:3420 R1:3450 R2:0 R3:11 R4:27150 R5:4716 R6:7772 R7:3426
[LOG_TRACE] 003426 000100: jmp R0
[LOG_TRACE] R0:3420 R1:3450 R2:0 R3:11 R4:27150 R5:4716 R6:7772 R7:3420
[LOG_TRACE] 003420 041415: bic (R4), (R5)
[LOG_TRACE] R0:3420 R1:3450 R2:0 R3:11 R4:27150 R5:4716 R6:7772 R7:3422
[LOG_TRACE] 003422 160104: sub R1, R4
[LOG_TRACE] R0:3420 R1:3450 R2:0 R3:11 R4:23500 R5:4716 R6:7772 R7:3424
[LOG_TRACE] 003424 100000: bpl 003426
[LOG_TRACE] R0:3420 R1:3450 R2:0 R3:11 R4:23500 R5:4716 R6:7772 R7:3426
[LOG_TRACE] 003426 000100: jmp R0
[LOG_TRACE] R0:3420 R1:3450 R2:0 R3:11 R4:23500 R5:4716 R6:7772 R7:3420
[LOG_TRACE] 003420 041415: bic (R4), (R5)
[LOG_TRACE] R0:3420 R1:3450 R2:0 R3:11 R4:23500 R5:4716 R6:7772 R7:3422
[LOG_TRACE] 003422 160104: sub R1, R4
[LOG_TRACE] R0:3420 R1:3450 R2:0 R3:11 R4:20030 R5:4716 R6:7772 R7:3424
[LOG_TRACE] 003424 100000: bpl 003426
[LOG_TRACE] R0:3420 R1:3450 R2:0 R3:11 R4:20030 R5:4716 R6:7772 R7:3426
[LOG_TRACE] 003426 000100: jmp R0
[LOG_TRACE] R0:3420 R1:3450 R2:0 R3:11 R4:20030 R5:4716 R6:7772 R7:3420
[LOG_TRACE] 003420 041415: bic (R4), (R5)
[LOG_TRACE] R0:3420 R1:3450 R2:0 R3:11 R4:20030 R5:4716 R6:7772 R7:3422
[LOG_TRACE] 003422 160104: sub R1, R4
[LOG_TRACE] R0:3420 R1:3450 R2:0 R3:11 R4:14360 R5:4716 R6:7772 R7:3424
[LOG_TRACE] 003424 100000: bpl 003426
[LOG_TRACE] R0:3420 R1:3450 R2:0 R3:11 R4:14360 R5:4716 R6:7772 R7:3426
[LOG_TRACE] 003426 000100: jmp R0
[LOG_TRACE] R0:3420 R1:3450 R2:0 R3:11 R4:14360 R5:4716 R6:7772 R7:3420
[LOG_TRACE] 003420 041415: bic (R4), (R5)
[LOG_TRACE] R0:3420 R1:3450 R2:0 R3:11 R4:14360 R5:4716 R6:7772 R7:3422
[LOG_TRACE] 003422 160104: sub R1, R4
[LOG_TRACE] R0:3420 R1:3450 R2:0 R3:11 R4:10710 R5:4716 R6:7772 R7:3424
[LOG_TRACE] 003424 100000: bpl 003426
[LOG_TRACE] R0:3420 R1:3450 R2:0 R3:11 R4:10710 R5:4716 R6:7772 R7:3426
[LOG_TRACE] 003426 000100: jmp R0
[LOG_TRACE] R0:3420 R1:3450 R2:0 R3:11 R4:10710 R5:4716 R6:7772 R7:3420
[LOG_TRACE] 003420 041415: bic (R4), (R5)
[LOG_TRACE] R0:3420 R1:3450 R2:0 R3:11 R4:10710 R5:4716 R6:7772 R7:3422
[LOG_TRACE] 003422 160104: sub R1, R4
[LOG_TRACE] R0:3420 R1:3450 R2:0 R3:11 R4:5240 R5:4716 R6:7772 R7:3424
[LOG_TRACE] 003424 100000: bpl 003426
[LOG_TRACE] R0:3420 R1:3450 R2:0 R3:11 R4:5240 R5:4716 R6:7772 R7:3426
[LOG_TRACE] 003426 000100: jmp R0
[LOG_TRACE] R0:3420 R1:3450 R2:0 R3:11 R4:5240 R5:4716 R6:7772 R7:3420
[LOG_TRACE] 003420 041415: bic (R4), (R5)
[LOG_TRACE] R0:3420 R1:3450 R2:0 R3:11 R4:5240 R5:4716 R6:7772 R7:3422
[LOG_TRACE] 003422 160104: sub R1, R4
[LOG_TRACE] R0:3420 R1:3450 R2:0 R3:11 R4:1570 R5:4716 R6:7772 R7:3424
[LOG_TRACE] 003424 100000: bpl 003426
[LOG_TRACE] R0:3420 R1:3450 R2:0 R3:11 R4:1570 R5:4716 R6:7772 R7:3426
[LOG_TRACE] 003426 000100: jmp R0
[LOG_TRACE] R0:3420 R1:3450 R2:0 R3:11 R4:1570 R5:4716 R6:7772 R7:3420
[LOG_TRACE] 003420 041415: bic (R4), (R5)
[LOG_TRACE] R0:3420 R1:3450 R2:0 R3:11 R4:1570 R5:4716 R6:7772 R7:3422
[LOG_TRACE] 003422 160104: sub R1, R4
[LOG_TRACE] R0:3420 R1:3450 R2:0 R3:11 R4:176120 R5:4716 R6:7772 R7:3424
[LOG_TRACE] 003424 100000: bpl 003426
[LOG_TRACE] R0:3420 R1:3450 R2:0 R3:11 R4:176120 R5:4716 R6:7772 R7:3426
[LOG_TRACE] 003426 000100: jmp R0
[LOG_TRACE] R0:3420 R1:3450 R2:0 R3:11 R4:176120 R5:4716 R6:7772 R7:3420
[LOG_TRACE] >>> BUS ERROR TRAP: Saving context and branching to Vector 4...
[LOG_TRACE] 003172 005011: clr (R1)
[LOG_TRACE] R0:3420 R1:3450 R2:0 R3:11 R4:176120 R5:4716 R6:7766 R7:3174
[LOG_TRACE] 003174 000002: rti (R4), (R1)
[LOG_TRACE] >>> RTI: Returned from interrupt. Restored PC: 003422
[LOG_TRACE] R0:3420 R1:3450 R2:0 R3:11 R4:176120 R5:4716 R6:7772 R7:3422
[LOG_TRACE] 003422 160104: sub R1, R4
[LOG_TRACE] R0:3420 R1:3450 R2:0 R3:11 R4:172450 R5:4716 R6:7772 R7:3424
[LOG_TRACE] 003424 100000: bpl 003426
[LOG_TRACE] R0:3420 R1:3450 R2:0 R3:11 R4:172450 R5:4716 R6:7772 R7:3426
[LOG_TRACE] 003426 000100: jmp R0
[LOG_TRACE] R0:3420 R1:3450 R2:0 R3:11 R4:172450 R5:4716 R6:7772 R7:3420
[LOG_TRACE] >>> BUS ERROR TRAP: Saving context and branching to Vector 4...
[LOG_TRACE] 003172 005011: clr (R1)
[LOG_TRACE] R0:3420 R1:3450 R2:0 R3:11 R4:172450 R5:4716 R6:7766 R7:3174
[LOG_TRACE] 003174 000002: rti (R4), (R1)
[LOG_TRACE] >>> RTI: Returned from interrupt. Restored PC: 003422
[LOG_TRACE] R0:3420 R1:3450 R2:0 R3:11 R4:172450 R5:4716 R6:7772 R7:3422
[LOG_TRACE] 003422 160104: sub R1, R4
[LOG_TRACE] R0:3420 R1:3450 R2:0 R3:11 R4:167000 R5:4716 R6:7772 R7:3424
[LOG_TRACE] 003424 100000: bpl 003426
[LOG_TRACE] R0:3420 R1:3450 R2:0 R3:11 R4:167000 R5:4716 R6:7772 R7:3426
[LOG_TRACE] 003426 000100: jmp R0
[LOG_TRACE] R0:3420 R1:3450 R2:0 R3:11 R4:167000 R5:4716 R6:7772 R7:3420
[LOG_TRACE] >>> BUS ERROR TRAP: Saving context and branching to Vector 4...
[LOG_TRACE] 003172 005011: clr (R1)
[LOG_TRACE] R0:3420 R1:3450 R2:0 R3:11 R4:167000 R5:4716 R6:7766 R7:3174
[LOG_TRACE] 003174 000002: rti (R4), (R1)
[LOG_TRACE] >>> RTI: Returned from interrupt. Restored PC: 003422
[LOG_TRACE] R0:3420 R1:3450 R2:0 R3:11 R4:167000 R5:4716 R6:7772 R7:3422
[LOG_TRACE] 003422 160104: sub R1, R4
[LOG_TRACE] R0:3420 R1:3450 R2:0 R3:11 R4:163330 R5:4716 R6:7772 R7:3424
[LOG_TRACE] 003424 100000: bpl 003426
[LOG_TRACE] R0:3420 R1:3450 R2:0 R3:11 R4:163330 R5:4716 R6:7772 R7:3426
[LOG_TRACE] 003426 000100: jmp R0
[LOG_TRACE] R0:3420 R1:3450 R2:0 R3:11 R4:163330 R5:4716 R6:7772 R7:3420
[LOG_TRACE] >>> BUS ERROR TRAP: Saving context and branching to Vector 4...
[LOG_TRACE] 003172 005011: clr (R1)
[LOG_TRACE] R0:3420 R1:3450 R2:0 R3:11 R4:163330 R5:4716 R6:7766 R7:3174
[LOG_TRACE] 003174 000002: rti (R4), (R1)
[LOG_TRACE] >>> RTI: Returned from interrupt. Restored PC: 003422
[LOG_TRACE] R0:3420 R1:3450 R2:0 R3:11 R4:163330 R5:4716 R6:7772 R7:3422
[LOG_TRACE] 003422 160104: sub R1, R4
[LOG_TRACE] R0:3420 R1:3450 R2:0 R3:11 R4:157660 R5:4716 R6:7772 R7:3424
[LOG_TRACE] 003424 100000: bpl 003426
[LOG_TRACE] R0:3420 R1:3450 R2:0 R3:11 R4:157660 R5:4716 R6:7772 R7:3426
[LOG_TRACE] 003426 000100: jmp R0
[LOG_TRACE] R0:3420 R1:3450 R2:0 R3:11 R4:157660 R5:4716 R6:7772 R7:3420
[LOG_TRACE] 003420 041415: bic (R4), (R5)
[LOG_TRACE] R0:3420 R1:3450 R2:0 R3:11 R4:157660 R5:4716 R6:7772 R7:3422
[LOG_TRACE] 003422 160104: sub R1, R4
[LOG_TRACE] R0:3420 R1:3450 R2:0 R3:11 R4:154210 R5:4716 R6:7772 R7:3424
[LOG_TRACE] 003424 100000: bpl 003426
[LOG_TRACE] R0:3420 R1:3450 R2:0 R3:11 R4:154210 R5:4716 R6:7772 R7:3426
[LOG_TRACE] 003426 000100: jmp R0
[LOG_TRACE] R0:3420 R1:3450 R2:0 R3:11 R4:154210 R5:4716 R6:7772 R7:3420
[LOG_TRACE] 003420 041415: bic (R4), (R5)
[LOG_TRACE] R0:3420 R1:3450 R2:0 R3:11 R4:154210 R5:4716 R6:7772 R7:3422
[LOG_TRACE] 003422 160104: sub R1, R4
[LOG_TRACE] R0:3420 R1:3450 R2:0 R3:11 R4:150540 R5:4716 R6:7772 R7:3424
[LOG_TRACE] 003424 100000: bpl 003426
[LOG_TRACE] R0:3420 R1:3450 R2:0 R3:11 R4:150540 R5:4716 R6:7772 R7:3426
[LOG_TRACE] 003426 000100: jmp R0
[LOG_TRACE] R0:3420 R1:3450 R2:0 R3:11 R4:150540 R5:4716 R6:7772 R7:3420
[LOG_TRACE] 003420 041415: bic (R4), (R5)
[LOG_TRACE] R0:3420 R1:3450 R2:0 R3:11 R4:150540 R5:4716 R6:7772 R7:3422
[LOG_TRACE] 003422 160104: sub R1, R4
[LOG_TRACE] R0:3420 R1:3450 R2:0 R3:11 R4:145070 R5:4716 R6:7772 R7:3424
[LOG_TRACE] 003424 100000: bpl 003426
[LOG_TRACE] R0:3420 R1:3450 R2:0 R3:11 R4:145070 R5:4716 R6:7772 R7:3426
[LOG_TRACE] 003426 000100: jmp R0
[LOG_TRACE] R0:3420 R1:3450 R2:0 R3:11 R4:145070 R5:4716 R6:7772 R7:3420
[LOG_TRACE] 003420 041415: bic (R4), (R5)
[LOG_TRACE] R0:3420 R1:3450 R2:0 R3:11 R4:145070 R5:4716 R6:7772 R7:3422
[LOG_TRACE] 003422 160104: sub R1, R4
[LOG_TRACE] R0:3420 R1:3450 R2:0 R3:11 R4:141420 R5:4716 R6:7772 R7:3424
[LOG_TRACE] 003424 100000: bpl 003426
[LOG_TRACE] R0:3420 R1:3450 R2:0 R3:11 R4:141420 R5:4716 R6:7772 R7:3426
[LOG_TRACE] 003426 000100: jmp R0
[LOG_TRACE] R0:3420 R1:3450 R2:0 R3:11 R4:141420 R5:4716 R6:7772 R7:3420
[LOG_TRACE] 003420 041415: bic (R4), (R5)
[LOG_TRACE] R0:3420 R1:3450 R2:0 R3:11 R4:141420 R5:4716 R6:7772 R7:3422
[LOG_TRACE] 003422 160104: sub R1, R4
[LOG_TRACE] R0:3420 R1:3450 R2:0 R3:11 R4:135750 R5:4716 R6:7772 R7:3424
[LOG_TRACE] 003424 100000: bpl 003426
[LOG_TRACE] R0:3420 R1:3450 R2:0 R3:11 R4:135750 R5:4716 R6:7772 R7:3426
[LOG_TRACE] 003426 000100: jmp R0
[LOG_TRACE] R0:3420 R1:3450 R2:0 R3:11 R4:135750 R5:4716 R6:7772 R7:3420
[LOG_TRACE] 003420 041415: bic (R4), (R5)
[LOG_TRACE] R0:3420 R1:3450 R2:0 R3:11 R4:135750 R5:4716 R6:7772 R7:3422
[LOG_TRACE] 003422 160104: sub R1, R4
[LOG_TRACE] R0:3420 R1:3450 R2:0 R3:11 R4:132300 R5:4716 R6:7772 R7:3424
[LOG_TRACE] 003424 100000: bpl 003426
[LOG_TRACE] R0:3420 R1:3450 R2:0 R3:11 R4:132300 R5:4716 R6:7772 R7:3426
[LOG_TRACE] 003426 000100: jmp R0
[LOG_TRACE] R0:3420 R1:3450 R2:0 R3:11 R4:132300 R5:4716 R6:7772 R7:3420
[LOG_TRACE] 003420 041415: bic (R4), (R5)
[LOG_TRACE] R0:3420 R1:3450 R2:0 R3:11 R4:132300 R5:4716 R6:7772 R7:3422
[LOG_TRACE] 003422 160104: sub R1, R4
[LOG_TRACE] R0:3420 R1:3450 R2:0 R3:11 R4:126630 R5:4716 R6:7772 R7:3424
[LOG_TRACE] 003424 100000: bpl 003426
[LOG_TRACE] R0:3420 R1:3450 R2:0 R3:11 R4:126630 R5:4716 R6:7772 R7:3426
[LOG_TRACE] 003426 000100: jmp R0
[LOG_TRACE] R0:3420 R1:3450 R2:0 R3:11 R4:126630 R5:4716 R6:7772 R7:3420
[LOG_TRACE] 003420 041415: bic (R4), (R5)
[LOG_TRACE] R0:3420 R1:3450 R2:0 R3:11 R4:126630 R5:4716 R6:7772 R7:3422
[LOG_TRACE] 003422 160104: sub R1, R4
[LOG_TRACE] R0:3420 R1:3450 R2:0 R3:11 R4:123160 R5:4716 R6:7772 R7:3424
[LOG_TRACE] 003424 100000: bpl 003426
[LOG_TRACE] R0:3420 R1:3450 R2:0 R3:11 R4:123160 R5:4716 R6:7772 R7:3426
[LOG_TRACE] 003426 000100: jmp R0
[LOG_TRACE] R0:3420 R1:3450 R2:0 R3:11 R4:123160 R5:4716 R6:7772 R7:3420
[LOG_TRACE] 003420 041415: bic (R4), (R5)
[LOG_TRACE] R0:3420 R1:3450 R2:0 R3:11 R4:123160 R5:4716 R6:7772 R7:3422
[LOG_TRACE] 003422 160104: sub R1, R4
[LOG_TRACE] R0:3420 R1:3450 R2:0 R3:11 R4:117510 R5:4716 R6:7772 R7:3424
[LOG_TRACE] 003424 100000: bpl 003426
[LOG_TRACE] R0:3420 R1:3450 R2:0 R3:11 R4:117510 R5:4716 R6:7772 R7:3426
[LOG_TRACE] 003426 000100: jmp R0
[LOG_TRACE] R0:3420 R1:3450 R2:0 R3:11 R4:117510 R5:4716 R6:7772 R7:3420
[LOG_TRACE] 003420 041415: bic (R4), (R5)
[LOG_TRACE] R0:3420 R1:3450 R2:0 R3:11 R4:117510 R5:4716 R6:7772 R7:3422
[LOG_TRACE] 003422 160104: sub R1, R4
[LOG_TRACE] R0:3420 R1:3450 R2:0 R3:11 R4:114040 R5:4716 R6:7772 R7:3424
[LOG_TRACE] 003424 100000: bpl 003426
[LOG_TRACE] R0:3420 R1:3450 R2:0 R3:11 R4:114040 R5:4716 R6:7772 R7:3426
[LOG_TRACE] 003426 000100: jmp R0
[LOG_TRACE] R0:3420 R1:3450 R2:0 R3:11 R4:114040 R5:4716 R6:7772 R7:3420
[LOG_TRACE] 003420 041415: bic (R4), (R5)
[LOG_TRACE] R0:3420 R1:3450 R2:0 R3:11 R4:114040 R5:4716 R6:7772 R7:3422
[LOG_TRACE] 003422 160104: sub R1, R4
[LOG_TRACE] R0:3420 R1:3450 R2:0 R3:11 R4:110370 R5:4716 R6:7772 R7:3424
[LOG_TRACE] 003424 100000: bpl 003426
[LOG_TRACE] R0:3420 R1:3450 R2:0 R3:11 R4:110370 R5:4716 R6:7772 R7:3426
[LOG_TRACE] 003426 000100: jmp R0
[LOG_TRACE] R0:3420 R1:3450 R2:0 R3:11 R4:110370 R5:4716 R6:7772 R7:3420
[LOG_TRACE] 003420 041415: bic (R4), (R5)
[LOG_TRACE] R0:3420 R1:3450 R2:0 R3:11 R4:110370 R5:4716 R6:7772 R7:3422
[LOG_TRACE] 003422 160104: sub R1, R4
[LOG_TRACE] R0:3420 R1:3450 R2:0 R3:11 R4:104720 R5:4716 R6:7772 R7:3424
[LOG_TRACE] 003424 100000: bpl 003426
[LOG_TRACE] R0:3420 R1:3450 R2:0 R3:11 R4:104720 R5:4716 R6:7772 R7:3426
[LOG_TRACE] 003426 000100: jmp R0
[LOG_TRACE] R0:3420 R1:3450 R2:0 R3:11 R4:104720 R5:4716 R6:7772 R7:3420
[LOG_TRACE] 003420 041415: bic (R4), (R5)
[LOG_TRACE] R0:3420 R1:3450 R2:0 R3:11 R4:104720 R5:4716 R6:7772 R7:3422
[LOG_TRACE] 003422 160104: sub R1, R4
[LOG_TRACE] R0:3420 R1:3450 R2:0 R3:11 R4:101250 R5:4716 R6:7772 R7:3424
[LOG_TRACE] 003424 100000: bpl 003426
[LOG_TRACE] R0:3420 R1:3450 R2:0 R3:11 R4:101250 R5:4716 R6:7772 R7:3426
[LOG_TRACE] 003426 000100: jmp R0
[LOG_TRACE] R0:3420 R1:3450 R2:0 R3:11 R4:101250 R5:4716 R6:7772 R7:3420
[LOG_TRACE] 003420 041415: bic (R4), (R5)
[LOG_TRACE] R0:3420 R1:3450 R2:0 R3:11 R4:101250 R5:4716 R6:7772 R7:3422
[LOG_TRACE] 003422 160104: sub R1, R4
[LOG_TRACE] R0:3420 R1:3450 R2:0 R3:11 R4:75600 R5:4716 R6:7772 R7:3424
[LOG_TRACE] 003424 100000: bpl 003426
[LOG_TRACE] R0:3420 R1:3450 R2:0 R3:11 R4:75600 R5:4716 R6:7772 R7:3426
[LOG_TRACE] 003426 000100: jmp R0
[LOG_TRACE] R0:3420 R1:3450 R2:0 R3:11 R4:75600 R5:4716 R6:7772 R7:3420
[LOG_TRACE] 003420 041415: bic (R4), (R5)
[LOG_TRACE] R0:3420 R1:3450 R2:0 R3:11 R4:75600 R5:4716 R6:7772 R7:3422
[LOG_TRACE] 003422 160104: sub R1, R4
[LOG_TRACE] R0:3420 R1:3450 R2:0 R3:11 R4:72130 R5:4716 R6:7772 R7:3424
[LOG_TRACE] 003424 100000: bpl 003426
[LOG_TRACE] R0:3420 R1:3450 R2:0 R3:11 R4:72130 R5:4716 R6:7772 R7:3426
[LOG_TRACE] 003426 000100: jmp R0
[LOG_TRACE] R0:3420 R1:3450 R2:0 R3:11 R4:72130 R5:4716 R6:7772 R7:3420
[LOG_TRACE] 003420 041415: bic (R4), (R5)
[LOG_TRACE] R0:3420 R1:3450 R2:0 R3:11 R4:72130 R5:4716 R6:7772 R7:3422
[LOG_TRACE] 003422 160104: sub R1, R4
[LOG_TRACE] R0:3420 R1:3450 R2:0 R3:11 R4:66460 R5:4716 R6:7772 R7:3424
[LOG_TRACE] 003424 100000: bpl 003426
[LOG_TRACE] R0:3420 R1:3450 R2:0 R3:11 R4:66460 R5:4716 R6:7772 R7:3426
[LOG_TRACE] 003426 000100: jmp R0
[LOG_TRACE] R0:3420 R1:3450 R2:0 R3:11 R4:66460 R5:4716 R6:7772 R7:3420
[LOG_TRACE] 003420 041415: bic (R4), (R5)
[LOG_TRACE] R0:3420 R1:3450 R2:0 R3:11 R4:66460 R5:4716 R6:7772 R7:3422
[LOG_TRACE] 003422 160104: sub R1, R4
[LOG_TRACE] R0:3420 R1:3450 R2:0 R3:11 R4:63010 R5:4716 R6:7772 R7:3424
[LOG_TRACE] 003424 100000: bpl 003426
[LOG_TRACE] R0:3420 R1:3450 R2:0 R3:11 R4:63010 R5:4716 R6:7772 R7:3426
[LOG_TRACE] 003426 000100: jmp R0
[LOG_TRACE] R0:3420 R1:3450 R2:0 R3:11 R4:63010 R5:4716 R6:7772 R7:3420
[LOG_TRACE] 003420 041415: bic (R4), (R5)
[LOG_TRACE] R0:3420 R1:3450 R2:0 R3:11 R4:63010 R5:4716 R6:7772 R7:3422
[LOG_TRACE] 003422 160104: sub R1, R4
[LOG_TRACE] R0:3420 R1:3450 R2:0 R3:11 R4:57340 R5:4716 R6:7772 R7:3424
[LOG_TRACE] 003424 100000: bpl 003426
[LOG_TRACE] R0:3420 R1:3450 R2:0 R3:11 R4:57340 R5:4716 R6:7772 R7:3426
[LOG_TRACE] 003426 000100: jmp R0
[LOG_TRACE] R0:3420 R1:3450 R2:0 R3:11 R4:57340 R5:4716 R6:7772 R7:3420
[LOG_TRACE] 003420 041415: bic (R4), (R5)
[LOG_TRACE] R0:3420 R1:3450 R2:0 R3:11 R4:57340 R5:4716 R6:7772 R7:3422
[LOG_TRACE] 003422 160104: sub R1, R4
[LOG_TRACE] R0:3420 R1:3450 R2:0 R3:11 R4:53670 R5:4716 R6:7772 R7:3424
[LOG_TRACE] 003424 100000: bpl 003426
[LOG_TRACE] R0:3420 R1:3450 R2:0 R3:11 R4:53670 R5:4716 R6:7772 R7:3426
[LOG_TRACE] 003426 000100: jmp R0
[LOG_TRACE] R0:3420 R1:3450 R2:0 R3:11 R4:53670 R5:4716 R6:7772 R7:3420
[LOG_TRACE] 003420 041415: bic (R4), (R5)
[LOG_TRACE] R0:3420 R1:3450 R2:0 R3:11 R4:53670 R5:4716 R6:7772 R7:3422
[LOG_TRACE] 003422 160104: sub R1, R4
[LOG_TRACE] R0:3420 R1:3450 R2:0 R3:11 R4:50220 R5:4716 R6:7772 R7:3424
[LOG_TRACE] 003424 100000: bpl 003426
[LOG_TRACE] R0:3420 R1:3450 R2:0 R3:11 R4:50220 R5:4716 R6:7772 R7:3426
[LOG_TRACE] 003426 000100: jmp R0
[LOG_TRACE] R0:3420 R1:3450 R2:0 R3:11 R4:50220 R5:4716 R6:7772 R7:3420
[LOG_TRACE] 003420 041415: bic (R4), (R5)
[LOG_TRACE] R0:3420 R1:3450 R2:0 R3:11 R4:50220 R5:4716 R6:7772 R7:3422
[LOG_TRACE] 003422 160104: sub R1, R4
[LOG_TRACE] R0:3420 R1:3450 R2:0 R3:11 R4:44550 R5:4716 R6:7772 R7:3424
[LOG_TRACE] 003424 100000: bpl 003426
[LOG_TRACE] R0:3420 R1:3450 R2:0 R3:11 R4:44550 R5:4716 R6:7772 R7:3426
[LOG_TRACE] 003426 000100: jmp R0
[LOG_TRACE] R0:3420 R1:3450 R2:0 R3:11 R4:44550 R5:4716 R6:7772 R7:3420
[LOG_TRACE] 003420 041415: bic (R4), (R5)
[LOG_TRACE] R0:3420 R1:3450 R2:0 R3:11 R4:44550 R5:4716 R6:7772 R7:3422
[LOG_TRACE] 003422 160104: sub R1, R4
[LOG_TRACE] R0:3420 R1:3450 R2:0 R3:11 R4:41100 R5:4716 R6:7772 R7:3424
[LOG_TRACE] 003424 100000: bpl 003426
[LOG_TRACE] R0:3420 R1:3450 R2:0 R3:11 R4:41100 R5:4716 R6:7772 R7:3426
[LOG_TRACE] 003426 000100: jmp R0
[LOG_TRACE] R0:3420 R1:3450 R2:0 R3:11 R4:41100 R5:4716 R6:7772 R7:3420
[LOG_TRACE] 003420 041415: bic (R4), (R5)
[LOG_TRACE] R0:3420 R1:3450 R2:0 R3:11 R4:41100 R5:4716 R6:7772 R7:3422
[LOG_TRACE] 003422 160104: sub R1, R4
[LOG_TRACE] R0:3420 R1:3450 R2:0 R3:11 R4:35430 R5:4716 R6:7772 R7:3424
[LOG_TRACE] 003424 100000: bpl 003426
[LOG_TRACE] R0:3420 R1:3450 R2:0 R3:11 R4:35430 R5:4716 R6:7772 R7:3426
[LOG_TRACE] 003426 000100: jmp R0
[LOG_TRACE] R0:3420 R1:3450 R2:0 R3:11 R4:35430 R5:4716 R6:7772 R7:3420
[LOG_TRACE] 003420 041415: bic (R4), (R5)
[LOG_TRACE] R0:3420 R1:3450 R2:0 R3:11 R4:35430 R5:4716 R6:7772 R7:3422
[LOG_TRACE] 003422 160104: sub R1, R4
[LOG_TRACE] R0:3420 R1:3450 R2:0 R3:11 R4:31760 R5:4716 R6:7772 R7:3424
[LOG_TRACE] 003424 100000: bpl 003426
[LOG_TRACE] R0:3420 R1:3450 R2:0 R3:11 R4:31760 R5:4716 R6:7772 R7:3426
[LOG_TRACE] 003426 000100: jmp R0
[LOG_TRACE] R0:3420 R1:3450 R2:0 R3:11 R4:31760 R5:4716 R6:7772 R7:3420
[LOG_TRACE] 003420 041415: bic (R4), (R5)
[LOG_TRACE] R0:3420 R1:3450 R2:0 R3:11 R4:31760 R5:4716 R6:7772 R7:3422
[LOG_TRACE] 003422 160104: sub R1, R4
[LOG_TRACE] R0:3420 R1:3450 R2:0 R3:11 R4:26310 R5:4716 R6:7772 R7:3424
[LOG_TRACE] 003424 100000: bpl 003426
[LOG_TRACE] R0:3420 R1:3450 R2:0 R3:11 R4:26310 R5:4716 R6:7772 R7:3426
[LOG_TRACE] 003426 000100: jmp R0
[LOG_TRACE] R0:3420 R1:3450 R2:0 R3:11 R4:26310 R5:4716 R6:7772 R7:3420
[LOG_TRACE] 003420 041415: bic (R4), (R5)
[LOG_TRACE] R0:3420 R1:3450 R2:0 R3:11 R4:26310 R5:4716 R6:7772 R7:3422
[LOG_TRACE] 003422 160104: sub R1, R4
[LOG_TRACE] R0:3420 R1:3450 R2:0 R3:11 R4:22640 R5:4716 R6:7772 R7:3424
[LOG_TRACE] 003424 100000: bpl 003426
[LOG_TRACE] R0:3420 R1:3450 R2:0 R3:11 R4:22640 R5:4716 R6:7772 R7:3426
[LOG_TRACE] 003426 000100: jmp R0
[LOG_TRACE] R0:3420 R1:3450 R2:0 R3:11 R4:22640 R5:4716 R6:7772 R7:3420
[LOG_TRACE] 003420 041415: bic (R4), (R5)
[LOG_TRACE] R0:3420 R1:3450 R2:0 R3:11 R4:22640 R5:4716 R6:7772 R7:3422
[LOG_TRACE] 003422 160104: sub R1, R4
[LOG_TRACE] R0:3420 R1:3450 R2:0 R3:11 R4:17170 R5:4716 R6:7772 R7:3424
[LOG_TRACE] 003424 100000: bpl 003426
[LOG_TRACE] R0:3420 R1:3450 R2:0 R3:11 R4:17170 R5:4716 R6:7772 R7:3426
[LOG_TRACE] 003426 000100: jmp R0
[LOG_TRACE] R0:3420 R1:3450 R2:0 R3:11 R4:17170 R5:4716 R6:7772 R7:3420
[LOG_TRACE] 003420 041415: bic (R4), (R5)
[LOG_TRACE] R0:3420 R1:3450 R2:0 R3:11 R4:17170 R5:4716 R6:7772 R7:3422
[LOG_TRACE] 003422 160104: sub R1, R4
[LOG_TRACE] R0:3420 R1:3450 R2:0 R3:11 R4:13520 R5:4716 R6:7772 R7:3424
[LOG_TRACE] 003424 100000: bpl 003426
[LOG_TRACE] R0:3420 R1:3450 R2:0 R3:11 R4:13520 R5:4716 R6:7772 R7:3426
[LOG_TRACE] 003426 000100: jmp R0
[LOG_TRACE] R0:3420 R1:3450 R2:0 R3:11 R4:13520 R5:4716 R6:7772 R7:3420
[LOG_TRACE] 003420 041415: bic (R4), (R5)
[LOG_TRACE] R0:3420 R1:3450 R2:0 R3:11 R4:13520 R5:4716 R6:7772 R7:3422
[LOG_TRACE] 003422 160104: sub R1, R4
[LOG_TRACE] R0:3420 R1:3450 R2:0 R3:11 R4:10050 R5:4716 R6:7772 R7:3424
[LOG_TRACE] 003424 100000: bpl 003426
[LOG_TRACE] R0:3420 R1:3450 R2:0 R3:11 R4:10050 R5:4716 R6:7772 R7:3426
[LOG_TRACE] 003426 000100: jmp R0
[LOG_TRACE] R0:3420 R1:3450 R2:0 R3:11 R4:10050 R5:4716 R6:7772 R7:3420
[LOG_TRACE] 003420 041415: bic (R4), (R5)
[LOG_TRACE] R0:3420 R1:3450 R2:0 R3:11 R4:10050 R5:4716 R6:7772 R7:3422
[LOG_TRACE] 003422 160104: sub R1, R4
[LOG_TRACE] R0:3420 R1:3450 R2:0 R3:11 R4:4400 R5:4716 R6:7772 R7:3424
[LOG_TRACE] 003424 100000: bpl 003426
[LOG_TRACE] R0:3420 R1:3450 R2:0 R3:11 R4:4400 R5:4716 R6:7772 R7:3426
[LOG_TRACE] 003426 000100: jmp R0
[LOG_TRACE] R0:3420 R1:3450 R2:0 R3:11 R4:4400 R5:4716 R6:7772 R7:3420
[LOG_TRACE] 003420 041415: bic (R4), (R5)
[LOG_TRACE] R0:3420 R1:3450 R2:0 R3:11 R4:4400 R5:4716 R6:7772 R7:3422
[LOG_TRACE] 003422 160104: sub R1, R4
[LOG_TRACE] R0:3420 R1:3450 R2:0 R3:11 R4:730 R5:4716 R6:7772 R7:3424
[LOG_TRACE] 003424 100000: bpl 003426
[LOG_TRACE] R0:3420 R1:3450 R2:0 R3:11 R4:730 R5:4716 R6:7772 R7:3426
[LOG_TRACE] 003426 000100: jmp R0
[LOG_TRACE] R0:3420 R1:3450 R2:0 R3:11 R4:730 R5:4716 R6:7772 R7:3420
[LOG_TRACE] 003420 041415: bic (R4), (R5)
[LOG_TRACE] R0:3420 R1:3450 R2:0 R3:11 R4:730 R5:4716 R6:7772 R7:3422
[LOG_TRACE] 003422 160104: sub R1, R4
[LOG_TRACE] R0:3420 R1:3450 R2:0 R3:11 R4:175260 R5:4716 R6:7772 R7:3424
[LOG_TRACE] 003424 100000: bpl 003426
[LOG_TRACE] R0:3420 R1:3450 R2:0 R3:11 R4:175260 R5:4716 R6:7772 R7:3426
[LOG_TRACE] 003426 000100: jmp R0
[LOG_TRACE] R0:3420 R1:3450 R2:0 R3:11 R4:175260 R5:4716 R6:7772 R7:3420
[LOG_TRACE] >>> BUS ERROR TRAP: Saving context and branching to Vector 4...
[LOG_TRACE] 003172 005011: clr (R1)
[LOG_TRACE] R0:3420 R1:3450 R2:0 R3:11 R4:175260 R5:4716 R6:7766 R7:3174
[LOG_TRACE] 003174 000002: rti (R4), (R1)
[LOG_TRACE] >>> RTI: Returned from interrupt. Restored PC: 003422
[LOG_TRACE] R0:3420 R1:3450 R2:0 R3:11 R4:175260 R5:4716 R6:7772 R7:3422
[LOG_TRACE] 003422 160104: sub R1, R4
[LOG_TRACE] R0:3420 R1:3450 R2:0 R3:11 R4:171610 R5:4716 R6:7772 R7:3424
[LOG_TRACE] 003424 100000: bpl 003426
[LOG_TRACE] R0:3420 R1:3450 R2:0 R3:11 R4:171610 R5:4716 R6:7772 R7:3426
[LOG_TRACE] 003426 000100: jmp R0
[LOG_TRACE] R0:3420 R1:3450 R2:0 R3:11 R4:171610 R5:4716 R6:7772 R7:3420
[LOG_TRACE] >>> BUS ERROR TRAP: Saving context and branching to Vector 4...
[LOG_TRACE] 003172 005011: clr (R1)
[LOG_TRACE] R0:3420 R1:3450 R2:0 R3:11 R4:171610 R5:4716 R6:7766 R7:3174
[LOG_TRACE] 003174 000002: rti (R4), (R1)
[LOG_TRACE] >>> RTI: Returned from interrupt. Restored PC: 003422
[LOG_TRACE] R0:3420 R1:3450 R2:0 R3:11 R4:171610 R5:4716 R6:7772 R7:3422
[LOG_TRACE] 003422 160104: sub R1, R4
[LOG_TRACE] R0:3420 R1:3450 R2:0 R3:11 R4:166140 R5:4716 R6:7772 R7:3424
[LOG_TRACE] 003424 100000: bpl 003426
[LOG_TRACE] R0:3420 R1:3450 R2:0 R3:11 R4:166140 R5:4716 R6:7772 R7:3426
[LOG_TRACE] 003426 000100: jmp R0
[LOG_TRACE] R0:3420 R1:3450 R2:0 R3:11 R4:166140 R5:4716 R6:7772 R7:3420
[LOG_TRACE] >>> BUS ERROR TRAP: Saving context and branching to Vector 4...
[LOG_TRACE] 003172 005011: clr (R1)
[LOG_TRACE] R0:3420 R1:3450 R2:0 R3:11 R4:166140 R5:4716 R6:7766 R7:3174
[LOG_TRACE] 003174 000002: rti (R4), (R1)
[LOG_TRACE] >>> RTI: Returned from interrupt. Restored PC: 003422
[LOG_TRACE] R0:3420 R1:3450 R2:0 R3:11 R4:166140 R5:4716 R6:7772 R7:3422
[LOG_TRACE] 003422 160104: sub R1, R4
[LOG_TRACE] R0:3420 R1:3450 R2:0 R3:11 R4:162470 R5:4716 R6:7772 R7:3424
[LOG_TRACE] 003424 100000: bpl 003426
[LOG_TRACE] R0:3420 R1:3450 R2:0 R3:11 R4:162470 R5:4716 R6:7772 R7:3426
[LOG_TRACE] 003426 000100: jmp R0
[LOG_TRACE] R0:3420 R1:3450 R2:0 R3:11 R4:162470 R5:4716 R6:7772 R7:3420
[LOG_TRACE] >>> BUS ERROR TRAP: Saving context and branching to Vector 4...
[LOG_TRACE] 003172 005011: clr (R1)
[LOG_TRACE] R0:3420 R1:3450 R2:0 R3:11 R4:162470 R5:4716 R6:7766 R7:3174
[LOG_TRACE] 003174 000002: rti (R4), (R1)
[LOG_TRACE] >>> RTI: Returned from interrupt. Restored PC: 003422
[LOG_TRACE] R0:3420 R1:3450 R2:0 R3:11 R4:162470 R5:4716 R6:7772 R7:3422
[LOG_TRACE] 003422 160104: sub R1, R4
[LOG_TRACE] R0:3420 R1:3450 R2:0 R3:11 R4:157020 R5:4716 R6:7772 R7:3424
[LOG_TRACE] 003424 100000: bpl 003426
[LOG_TRACE] R0:3420 R1:3450 R2:0 R3:11 R4:157020 R5:4716 R6:7772 R7:3426
[LOG_TRACE] 003426 000100: jmp R0
[LOG_TRACE] R0:3420 R1:3450 R2:0 R3:11 R4:157020 R5:4716 R6:7772 R7:3420
[LOG_TRACE] 003420 041415: bic (R4), (R5)
[LOG_TRACE] R0:3420 R1:3450 R2:0 R3:11 R4:157020 R5:4716 R6:7772 R7:3422
[LOG_TRACE] 003422 160104: sub R1, R4
[LOG_TRACE] R0:3420 R1:3450 R2:0 R3:11 R4:153350 R5:4716 R6:7772 R7:3424
[LOG_TRACE] 003424 100000: bpl 003426
[LOG_TRACE] R0:3420 R1:3450 R2:0 R3:11 R4:153350 R5:4716 R6:7772 R7:3426
[LOG_TRACE] 003426 000100: jmp R0
[LOG_TRACE] R0:3420 R1:3450 R2:0 R3:11 R4:153350 R5:4716 R6:7772 R7:3420
[LOG_TRACE] 003420 041415: bic (R4), (R5)
[LOG_TRACE] R0:3420 R1:3450 R2:0 R3:11 R4:153350 R5:4716 R6:7772 R7:3422
[LOG_TRACE] 003422 160104: sub R1, R4
[LOG_TRACE] R0:3420 R1:3450 R2:0 R3:11 R4:147700 R5:4716 R6:7772 R7:3424
[LOG_TRACE] 003424 100000: bpl 003426
[LOG_TRACE] R0:3420 R1:3450 R2:0 R3:11 R4:147700 R5:4716 R6:7772 R7:3426
[LOG_TRACE] 003426 000100: jmp R0
[LOG_TRACE] R0:3420 R1:3450 R2:0 R3:11 R4:147700 R5:4716 R6:7772 R7:3420
[LOG_TRACE] 003420 041415: bic (R4), (R5)
[LOG_TRACE] R0:3420 R1:3450 R2:0 R3:11 R4:147700 R5:4716 R6:7772 R7:3422
[LOG_TRACE] 003422 160104: sub R1, R4
[LOG_TRACE] R0:3420 R1:3450 R2:0 R3:11 R4:144230 R5:4716 R6:7772 R7:3424
[LOG_TRACE] 003424 100000: bpl 003426
[LOG_TRACE] R0:3420 R1:3450 R2:0 R3:11 R4:144230 R5:4716 R6:7772 R7:3426
[LOG_TRACE] 003426 000100: jmp R0
[LOG_TRACE] R0:3420 R1:3450 R2:0 R3:11 R4:144230 R5:4716 R6:7772 R7:3420
[LOG_TRACE] 003420 041415: bic (R4), (R5)
[LOG_TRACE] R0:3420 R1:3450 R2:0 R3:11 R4:144230 R5:4716 R6:7772 R7:3422
[LOG_TRACE] 003422 160104: sub R1, R4
[LOG_TRACE] R0:3420 R1:3450 R2:0 R3:11 R4:140560 R5:4716 R6:7772 R7:3424
[LOG_TRACE] 003424 100000: bpl 003426
[LOG_TRACE] R0:3420 R1:3450 R2:0 R3:11 R4:140560 R5:4716 R6:7772 R7:3426
[LOG_TRACE] 003426 000100: jmp R0
[LOG_TRACE] R0:3420 R1:3450 R2:0 R3:11 R4:140560 R5:4716 R6:7772 R7:3420
[LOG_TRACE] 003420 041415: bic (R4), (R5)
[LOG_TRACE] R0:3420 R1:3450 R2:0 R3:11 R4:140560 R5:4716 R6:7772 R7:3422
[LOG_TRACE] 003422 160104: sub R1, R4
[LOG_TRACE] R0:3420 R1:3450 R2:0 R3:11 R4:135110 R5:4716 R6:7772 R7:3424
[LOG_TRACE] 003424 100000: bpl 003426
[LOG_TRACE] R0:3420 R1:3450 R2:0 R3:11 R4:135110 R5:4716 R6:7772 R7:3426
[LOG_TRACE] 003426 000100: jmp R0
[LOG_TRACE] R0:3420 R1:3450 R2:0 R3:11 R4:135110 R5:4716 R6:7772 R7:3420
[LOG_TRACE] 003420 041415: bic (R4), (R5)
[LOG_TRACE] R0:3420 R1:3450 R2:0 R3:11 R4:135110 R5:4716 R6:7772 R7:3422
[LOG_TRACE] 003422 160104: sub R1, R4
[LOG_TRACE] R0:3420 R1:3450 R2:0 R3:11 R4:131440 R5:4716 R6:7772 R7:3424
[LOG_TRACE] 003424 100000: bpl 003426
[LOG_TRACE] R0:3420 R1:3450 R2:0 R3:11 R4:131440 R5:4716 R6:7772 R7:3426
[LOG_TRACE] 003426 000100: jmp R0
[LOG_TRACE] R0:3420 R1:3450 R2:0 R3:11 R4:131440 R5:4716 R6:7772 R7:3420
[LOG_TRACE] 003420 041415: bic (R4), (R5)
[LOG_TRACE] R0:3420 R1:3450 R2:0 R3:11 R4:131440 R5:4716 R6:7772 R7:3422
[LOG_TRACE] 003422 160104: sub R1, R4
[LOG_TRACE] R0:3420 R1:3450 R2:0 R3:11 R4:125770 R5:4716 R6:7772 R7:3424
[LOG_TRACE] 003424 100000: bpl 003426
[LOG_TRACE] R0:3420 R1:3450 R2:0 R3:11 R4:125770 R5:4716 R6:7772 R7:3426
[LOG_TRACE] 003426 000100: jmp R0
[LOG_TRACE] R0:3420 R1:3450 R2:0 R3:11 R4:125770 R5:4716 R6:7772 R7:3420
[LOG_TRACE] 003420 041415: bic (R4), (R5)
[LOG_TRACE] R0:3420 R1:3450 R2:0 R3:11 R4:125770 R5:4716 R6:7772 R7:3422
[LOG_TRACE] 003422 160104: sub R1, R4
[LOG_TRACE] R0:3420 R1:3450 R2:0 R3:11 R4:122320 R5:4716 R6:7772 R7:3424
[LOG_TRACE] 003424 100000: bpl 003426
[LOG_TRACE] R0:3420 R1:3450 R2:0 R3:11 R4:122320 R5:4716 R6:7772 R7:3426
[LOG_TRACE] 003426 000100: jmp R0
[LOG_TRACE] R0:3420 R1:3450 R2:0 R3:11 R4:122320 R5:4716 R6:7772 R7:3420
[LOG_TRACE] 003420 041415: bic (R4), (R5)
[LOG_TRACE] R0:3420 R1:3450 R2:0 R3:11 R4:122320 R5:4716 R6:7772 R7:3422
[LOG_TRACE] 003422 160104: sub R1, R4
[LOG_TRACE] R0:3420 R1:3450 R2:0 R3:11 R4:116650 R5:4716 R6:7772 R7:3424
[LOG_TRACE] 003424 100000: bpl 003426
[LOG_TRACE] R0:3420 R1:3450 R2:0 R3:11 R4:116650 R5:4716 R6:7772 R7:3426
[LOG_TRACE] 003426 000100: jmp R0
[LOG_TRACE] R0:3420 R1:3450 R2:0 R3:11 R4:116650 R5:4716 R6:7772 R7:3420
[LOG_TRACE] 003420 041415: bic (R4), (R5)
[LOG_TRACE] R0:3420 R1:3450 R2:0 R3:11 R4:116650 R5:4716 R6:7772 R7:3422
[LOG_TRACE] 003422 160104: sub R1, R4
[LOG_TRACE] R0:3420 R1:3450 R2:0 R3:11 R4:113200 R5:4716 R6:7772 R7:3424
[LOG_TRACE] 003424 100000: bpl 003426
[LOG_TRACE] R0:3420 R1:3450 R2:0 R3:11 R4:113200 R5:4716 R6:7772 R7:3426
[LOG_TRACE] 003426 000100: jmp R0
[LOG_TRACE] R0:3420 R1:3450 R2:0 R3:11 R4:113200 R5:4716 R6:7772 R7:3420
[LOG_TRACE] 003420 041415: bic (R4), (R5)
[LOG_TRACE] R0:3420 R1:3450 R2:0 R3:11 R4:113200 R5:4716 R6:7772 R7:3422
[LOG_TRACE] 003422 160104: sub R1, R4
[LOG_TRACE] R0:3420 R1:3450 R2:0 R3:11 R4:107530 R5:4716 R6:7772 R7:3424
[LOG_TRACE] 003424 100000: bpl 003426
[LOG_TRACE] R0:3420 R1:3450 R2:0 R3:11 R4:107530 R5:4716 R6:7772 R7:3426
[LOG_TRACE] 003426 000100: jmp R0
[LOG_TRACE] R0:3420 R1:3450 R2:0 R3:11 R4:107530 R5:4716 R6:7772 R7:3420
[LOG_TRACE] 003420 041415: bic (R4), (R5)
[LOG_TRACE] R0:3420 R1:3450 R2:0 R3:11 R4:107530 R5:4716 R6:7772 R7:3422
[LOG_TRACE] 003422 160104: sub R1, R4
[LOG_TRACE] R0:3420 R1:3450 R2:0 R3:11 R4:104060 R5:4716 R6:7772 R7:3424
[LOG_TRACE] 003424 100000: bpl 003426
[LOG_TRACE] R0:3420 R1:3450 R2:0 R3:11 R4:104060 R5:4716 R6:7772 R7:3426
[LOG_TRACE] 003426 000100: jmp R0
[LOG_TRACE] R0:3420 R1:3450 R2:0 R3:11 R4:104060 R5:4716 R6:7772 R7:3420
[LOG_TRACE] 003420 041415: bic (R4), (R5)
[LOG_TRACE] R0:3420 R1:3450 R2:0 R3:11 R4:104060 R5:4716 R6:7772 R7:3422
[LOG_TRACE] 003422 160104: sub R1, R4
[LOG_TRACE] R0:3420 R1:3450 R2:0 R3:11 R4:100410 R5:4716 R6:7772 R7:3424
[LOG_TRACE] 003424 100000: bpl 003426
[LOG_TRACE] R0:3420 R1:3450 R2:0 R3:11 R4:100410 R5:4716 R6:7772 R7:3426
[LOG_TRACE] 003426 000100: jmp R0
[LOG_TRACE] R0:3420 R1:3450 R2:0 R3:11 R4:100410 R5:4716 R6:7772 R7:3420
[LOG_TRACE] 003420 041415: bic (R4), (R5)
[LOG_TRACE] R0:3420 R1:3450 R2:0 R3:11 R4:100410 R5:4716 R6:7772 R7:3422
[LOG_TRACE] 003422 160104: sub R1, R4
[LOG_TRACE] R0:3420 R1:3450 R2:0 R3:11 R4:74740 R5:4716 R6:7772 R7:3424
[LOG_TRACE] 003424 100000: bpl 003426
[LOG_TRACE] R0:3420 R1:3450 R2:0 R3:11 R4:74740 R5:4716 R6:7772 R7:3426
[LOG_TRACE] 003426 000100: jmp R0
[LOG_TRACE] R0:3420 R1:3450 R2:0 R3:11 R4:74740 R5:4716 R6:7772 R7:3420
[LOG_TRACE] 003420 041415: bic (R4), (R5)
[LOG_TRACE] R0:3420 R1:3450 R2:0 R3:11 R4:74740 R5:4716 R6:7772 R7:3422
[LOG_TRACE] 003422 160104: sub R1, R4
[LOG_TRACE] R0:3420 R1:3450 R2:0 R3:11 R4:71270 R5:4716 R6:7772 R7:3424
[LOG_TRACE] 003424 100000: bpl 003426
[LOG_TRACE] R0:3420 R1:3450 R2:0 R3:11 R4:71270 R5:4716 R6:7772 R7:3426
[LOG_TRACE] 003426 000100: jmp R0
[LOG_TRACE] R0:3420 R1:3450 R2:0 R3:11 R4:71270 R5:4716 R6:7772 R7:3420
[LOG_TRACE] 003420 041415: bic (R4), (R5)
[LOG_TRACE] R0:3420 R1:3450 R2:0 R3:11 R4:71270 R5:4716 R6:7772 R7:3422
[LOG_TRACE] 003422 160104: sub R1, R4
[LOG_TRACE] R0:3420 R1:3450 R2:0 R3:11 R4:65620 R5:4716 R6:7772 R7:3424
[LOG_TRACE] 003424 100000: bpl 003426
[LOG_TRACE] R0:3420 R1:3450 R2:0 R3:11 R4:65620 R5:4716 R6:7772 R7:3426
[LOG_TRACE] 003426 000100: jmp R0
[LOG_TRACE] R0:3420 R1:3450 R2:0 R3:11 R4:65620 R5:4716 R6:7772 R7:3420
[LOG_TRACE] 003420 041415: bic (R4), (R5)
[LOG_TRACE] R0:3420 R1:3450 R2:0 R3:11 R4:65620 R5:4716 R6:7772 R7:3422
[LOG_TRACE] 003422 160104: sub R1, R4
[LOG_TRACE] R0:3420 R1:3450 R2:0 R3:11 R4:62150 R5:4716 R6:7772 R7:3424
[LOG_TRACE] 003424 100000: bpl 003426
[LOG_TRACE] R0:3420 R1:3450 R2:0 R3:11 R4:62150 R5:4716 R6:7772 R7:3426
[LOG_TRACE] 003426 000100: jmp R0
[LOG_TRACE] R0:3420 R1:3450 R2:0 R3:11 R4:62150 R5:4716 R6:7772 R7:3420
[LOG_TRACE] 003420 041415: bic (R4), (R5)
[LOG_TRACE] R0:3420 R1:3450 R2:0 R3:11 R4:62150 R5:4716 R6:7772 R7:3422
[LOG_TRACE] 003422 160104: sub R1, R4
[LOG_TRACE] R0:3420 R1:3450 R2:0 R3:11 R4:56500 R5:4716 R6:7772 R7:3424
[LOG_TRACE] 003424 100000: bpl 003426
[LOG_TRACE] R0:3420 R1:3450 R2:0 R3:11 R4:56500 R5:4716 R6:7772 R7:3426
[LOG_TRACE] 003426 000100: jmp R0
[LOG_TRACE] R0:3420 R1:3450 R2:0 R3:11 R4:56500 R5:4716 R6:7772 R7:3420
[LOG_TRACE] 003420 041415: bic (R4), (R5)
[LOG_TRACE] R0:3420 R1:3450 R2:0 R3:11 R4:56500 R5:4716 R6:7772 R7:3422
[LOG_TRACE] 003422 160104: sub R1, R4
[LOG_TRACE] R0:3420 R1:3450 R2:0 R3:11 R4:53030 R5:4716 R6:7772 R7:3424
[LOG_TRACE] 003424 100000: bpl 003426
[LOG_TRACE] R0:3420 R1:3450 R2:0 R3:11 R4:53030 R5:4716 R6:7772 R7:3426
[LOG_TRACE] 003426 000100: jmp R0
[LOG_TRACE] R0:3420 R1:3450 R2:0 R3:11 R4:53030 R5:4716 R6:7772 R7:3420
[LOG_TRACE] 003420 041415: bic (R4), (R5)
[LOG_TRACE] R0:3420 R1:3450 R2:0 R3:11 R4:53030 R5:4716 R6:7772 R7:3422
[LOG_TRACE] 003422 160104: sub R1, R4
[LOG_TRACE] R0:3420 R1:3450 R2:0 R3:11 R4:47360 R5:4716 R6:7772 R7:3424
[LOG_TRACE] 003424 100000: bpl 003426
[LOG_TRACE] R0:3420 R1:3450 R2:0 R3:11 R4:47360 R5:4716 R6:7772 R7:3426
[LOG_TRACE] 003426 000100: jmp R0
[LOG_TRACE] R0:3420 R1:3450 R2:0 R3:11 R4:47360 R5:4716 R6:7772 R7:3420
[LOG_TRACE] 003420 041415: bic (R4), (R5)
[LOG_TRACE] R0:3420 R1:3450 R2:0 R3:11 R4:47360 R5:4716 R6:7772 R7:3422
[LOG_TRACE] 003422 160104: sub R1, R4
[LOG_TRACE] R0:3420 R1:3450 R2:0 R3:11 R4:43710 R5:4716 R6:7772 R7:3424
[LOG_TRACE] 003424 100000: bpl 003426
[LOG_TRACE] R0:3420 R1:3450 R2:0 R3:11 R4:43710 R5:4716 R6:7772 R7:3426
[LOG_TRACE] 003426 000100: jmp R0
[LOG_TRACE] R0:3420 R1:3450 R2:0 R3:11 R4:43710 R5:4716 R6:7772 R7:3420
[LOG_TRACE] 003420 041415: bic (R4), (R5)
[LOG_TRACE] R0:3420 R1:3450 R2:0 R3:11 R4:43710 R5:4716 R6:7772 R7:3422
[LOG_TRACE] 003422 160104: sub R1, R4
[LOG_TRACE] R0:3420 R1:3450 R2:0 R3:11 R4:40240 R5:4716 R6:7772 R7:3424
[LOG_TRACE] 003424 100000: bpl 003426
[LOG_TRACE] R0:3420 R1:3450 R2:0 R3:11 R4:40240 R5:4716 R6:7772 R7:3426
[LOG_TRACE] 003426 000100: jmp R0
[LOG_TRACE] R0:3420 R1:3450 R2:0 R3:11 R4:40240 R5:4716 R6:7772 R7:3420
[LOG_TRACE] 003420 041415: bic (R4), (R5)
[LOG_TRACE] R0:3420 R1:3450 R2:0 R3:11 R4:40240 R5:4716 R6:7772 R7:3422
[LOG_TRACE] 003422 160104: sub R1, R4
[LOG_TRACE] R0:3420 R1:3450 R2:0 R3:11 R4:34570 R5:4716 R6:7772 R7:3424
[LOG_TRACE] 003424 100000: bpl 003426
[LOG_TRACE] R0:3420 R1:3450 R2:0 R3:11 R4:34570 R5:4716 R6:7772 R7:3426
[LOG_TRACE] 003426 000100: jmp R0
[LOG_TRACE] R0:3420 R1:3450 R2:0 R3:11 R4:34570 R5:4716 R6:7772 R7:3420
[LOG_TRACE] 003420 041415: bic (R4), (R5)
[LOG_TRACE] R0:3420 R1:3450 R2:0 R3:11 R4:34570 R5:4716 R6:7772 R7:3422
[LOG_TRACE] 003422 160104: sub R1, R4
[LOG_TRACE] R0:3420 R1:3450 R2:0 R3:11 R4:31120 R5:4716 R6:7772 R7:3424
[LOG_TRACE] 003424 100000: bpl 003426
[LOG_TRACE] R0:3420 R1:3450 R2:0 R3:11 R4:31120 R5:4716 R6:7772 R7:3426
[LOG_TRACE] 003426 000100: jmp R0
[LOG_TRACE] R0:3420 R1:3450 R2:0 R3:11 R4:31120 R5:4716 R6:7772 R7:3420
[LOG_TRACE] 003420 041415: bic (R4), (R5)
[LOG_TRACE] R0:3420 R1:3450 R2:0 R3:11 R4:31120 R5:4716 R6:7772 R7:3422
[LOG_TRACE] 003422 160104: sub R1, R4
[LOG_TRACE] R0:3420 R1:3450 R2:0 R3:11 R4:25450 R5:4716 R6:7772 R7:3424
[LOG_TRACE] 003424 100000: bpl 003426
[LOG_TRACE] R0:3420 R1:3450 R2:0 R3:11 R4:25450 R5:4716 R6:7772 R7:3426
[LOG_TRACE] 003426 000100: jmp R0
[LOG_TRACE] R0:3420 R1:3450 R2:0 R3:11 R4:25450 R5:4716 R6:7772 R7:3420
[LOG_TRACE] 003420 041415: bic (R4), (R5)
[LOG_TRACE] R0:3420 R1:3450 R2:0 R3:11 R4:25450 R5:4716 R6:7772 R7:3422
[LOG_TRACE] 003422 160104: sub R1, R4
[LOG_TRACE] R0:3420 R1:3450 R2:0 R3:11 R4:22000 R5:4716 R6:7772 R7:3424
[LOG_TRACE] 003424 100000: bpl 003426
[LOG_TRACE] R0:3420 R1:3450 R2:0 R3:11 R4:22000 R5:4716 R6:7772 R7:3426
[LOG_TRACE] 003426 000100: jmp R0
[LOG_TRACE] R0:3420 R1:3450 R2:0 R3:11 R4:22000 R5:4716 R6:7772 R7:3420
[LOG_TRACE] 003420 041415: bic (R4), (R5)
[LOG_TRACE] R0:3420 R1:3450 R2:0 R3:11 R4:22000 R5:4716 R6:7772 R7:3422
[LOG_TRACE] 003422 160104: sub R1, R4
[LOG_TRACE] R0:3420 R1:3450 R2:0 R3:11 R4:16330 R5:4716 R6:7772 R7:3424
[LOG_TRACE] 003424 100000: bpl 003426
[LOG_TRACE] R0:3420 R1:3450 R2:0 R3:11 R4:16330 R5:4716 R6:7772 R7:3426
[LOG_TRACE] 003426 000100: jmp R0
[LOG_TRACE] R0:3420 R1:3450 R2:0 R3:11 R4:16330 R5:4716 R6:7772 R7:3420
[LOG_TRACE] 003420 041415: bic (R4), (R5)
[LOG_TRACE] R0:3420 R1:3450 R2:0 R3:11 R4:16330 R5:4716 R6:7772 R7:3422
[LOG_TRACE] 003422 160104: sub R1, R4
[LOG_TRACE] R0:3420 R1:3450 R2:0 R3:11 R4:12660 R5:4716 R6:7772 R7:3424
[LOG_TRACE] 003424 100000: bpl 003426
[LOG_TRACE] R0:3420 R1:3450 R2:0 R3:11 R4:12660 R5:4716 R6:7772 R7:3426
[LOG_TRACE] 003426 000100: jmp R0
[LOG_TRACE] R0:3420 R1:3450 R2:0 R3:11 R4:12660 R5:4716 R6:7772 R7:3420
[LOG_TRACE] 003420 041415: bic (R4), (R5)
[LOG_TRACE] R0:3420 R1:3450 R2:0 R3:11 R4:12660 R5:4716 R6:7772 R7:3422
[LOG_TRACE] 003422 160104: sub R1, R4
[LOG_TRACE] R0:3420 R1:3450 R2:0 R3:11 R4:7210 R5:4716 R6:7772 R7:3424
[LOG_TRACE] 003424 100000: bpl 003426
[LOG_TRACE] R0:3420 R1:3450 R2:0 R3:11 R4:7210 R5:4716 R6:7772 R7:3426
[LOG_TRACE] 003426 000100: jmp R0
[LOG_TRACE] R0:3420 R1:3450 R2:0 R3:11 R4:7210 R5:4716 R6:7772 R7:3420
[LOG_TRACE] 003420 041415: bic (R4), (R5)
[LOG_TRACE] R0:3420 R1:3450 R2:0 R3:11 R4:7210 R5:4716 R6:7772 R7:3422
[LOG_TRACE] 003422 160104: sub R1, R4
[LOG_TRACE] R0:3420 R1:3450 R2:0 R3:11 R4:3540 R5:4716 R6:7772 R7:3424
[LOG_TRACE] 003424 100000: bpl 003426
[LOG_TRACE] R0:3420 R1:3450 R2:0 R3:11 R4:3540 R5:4716 R6:7772 R7:3426
[LOG_TRACE] 003426 000100: jmp R0
[LOG_TRACE] R0:3420 R1:3450 R2:0 R3:11 R4:3540 R5:4716 R6:7772 R7:3420
[LOG_TRACE] 003420 041415: bic (R4), (R5)
[LOG_TRACE] R0:3420 R1:3450 R2:0 R3:11 R4:3540 R5:4716 R6:7772 R7:3422
[LOG_TRACE] 003422 160104: sub R1, R4
[LOG_TRACE] R0:3420 R1:3450 R2:0 R3:11 R4:70 R5:4716 R6:7772 R7:3424
[LOG_TRACE] 003424 100000: bpl 003426
[LOG_TRACE] R0:3420 R1:3450 R2:0 R3:11 R4:70 R5:4716 R6:7772 R7:3426
[LOG_TRACE] 003426 000100: jmp R0
[LOG_TRACE] R0:3420 R1:3450 R2:0 R3:11 R4:70 R5:4716 R6:7772 R7:3420
[LOG_TRACE] 003420 041415: bic (R4), (R5)
[LOG_TRACE] R0:3420 R1:3450 R2:0 R3:11 R4:70 R5:4716 R6:7772 R7:3422
[LOG_TRACE] 003422 160104: sub R1, R4
[LOG_TRACE] R0:3420 R1:3450 R2:0 R3:11 R4:174420 R5:4716 R6:7772 R7:3424
[LOG_TRACE] 003424 100000: bpl 003426
[LOG_TRACE] R0:3420 R1:3450 R2:0 R3:11 R4:174420 R5:4716 R6:7772 R7:3426
[LOG_TRACE] 003426 000100: jmp R0
[LOG_TRACE] R0:3420 R1:3450 R2:0 R3:11 R4:174420 R5:4716 R6:7772 R7:3420
[LOG_TRACE] >>> BUS ERROR TRAP: Saving context and branching to Vector 4...
[LOG_TRACE] 003172 005011: clr (R1)
[LOG_TRACE] R0:3420 R1:3450 R2:0 R3:11 R4:174420 R5:4716 R6:7766 R7:3174
[LOG_TRACE] 003174 000002: rti (R4), (R1)
[LOG_TRACE] >>> RTI: Returned from interrupt. Restored PC: 003422
[LOG_TRACE] R0:3420 R1:3450 R2:0 R3:11 R4:174420 R5:4716 R6:7772 R7:3422
[LOG_TRACE] 003422 160104: sub R1, R4
[LOG_TRACE] R0:3420 R1:3450 R2:0 R3:11 R4:170750 R5:4716 R6:7772 R7:3424
[LOG_TRACE] 003424 100000: bpl 003426
[LOG_TRACE] R0:3420 R1:3450 R2:0 R3:11 R4:170750 R5:4716 R6:7772 R7:3426
[LOG_TRACE] 003426 000100: jmp R0
[LOG_TRACE] R0:3420 R1:3450 R2:0 R3:11 R4:170750 R5:4716 R6:7772 R7:3420
[LOG_TRACE] >>> BUS ERROR TRAP: Saving context and branching to Vector 4...
[LOG_TRACE] 003172 005011: clr (R1)
[LOG_TRACE] R0:3420 R1:3450 R2:0 R3:11 R4:170750 R5:4716 R6:7766 R7:3174
[LOG_TRACE] 003174 000002: rti (R4), (R1)
[LOG_TRACE] >>> RTI: Returned from interrupt. Restored PC: 003422
[LOG_TRACE] R0:3420 R1:3450 R2:0 R3:11 R4:170750 R5:4716 R6:7772 R7:3422
[LOG_TRACE] 003422 160104: sub R1, R4
[LOG_TRACE] R0:3420 R1:3450 R2:0 R3:11 R4:165300 R5:4716 R6:7772 R7:3424
[LOG_TRACE] 003424 100000: bpl 003426
[LOG_TRACE] R0:3420 R1:3450 R2:0 R3:11 R4:165300 R5:4716 R6:7772 R7:3426
[LOG_TRACE] 003426 000100: jmp R0
[LOG_TRACE] R0:3420 R1:3450 R2:0 R3:11 R4:165300 R5:4716 R6:7772 R7:3420
[LOG_TRACE] >>> BUS ERROR TRAP: Saving context and branching to Vector 4...
[LOG_TRACE] 003172 005011: clr (R1)
[LOG_TRACE] R0:3420 R1:3450 R2:0 R3:11 R4:165300 R5:4716 R6:7766 R7:3174
[LOG_TRACE] 003174 000002: rti (R4), (R1)
[LOG_TRACE] >>> RTI: Returned from interrupt. Restored PC: 003422
[LOG_TRACE] R0:3420 R1:3450 R2:0 R3:11 R4:165300 R5:4716 R6:7772 R7:3422
[LOG_TRACE] 003422 160104: sub R1, R4
[LOG_TRACE] R0:3420 R1:3450 R2:0 R3:11 R4:161630 R5:4716 R6:7772 R7:3424
[LOG_TRACE] 003424 100000: bpl 003426
[LOG_TRACE] R0:3420 R1:3450 R2:0 R3:11 R4:161630 R5:4716 R6:7772 R7:3426
[LOG_TRACE] 003426 000100: jmp R0
[LOG_TRACE] R0:3420 R1:3450 R2:0 R3:11 R4:161630 R5:4716 R6:7772 R7:3420
[LOG_TRACE] >>> BUS ERROR TRAP: Saving context and branching to Vector 4...
[LOG_TRACE] 003172 005011: clr (R1)
[LOG_TRACE] R0:3420 R1:3450 R2:0 R3:11 R4:161630 R5:4716 R6:7766 R7:3174
[LOG_TRACE] 003174 000002: rti (R4), (R1)
[LOG_TRACE] >>> RTI: Returned from interrupt. Restored PC: 003422
[LOG_TRACE] R0:3420 R1:3450 R2:0 R3:11 R4:161630 R5:4716 R6:7772 R7:3422
[LOG_TRACE] 003422 160104: sub R1, R4
[LOG_TRACE] R0:3420 R1:3450 R2:0 R3:11 R4:156160 R5:4716 R6:7772 R7:3424
[LOG_TRACE] 003424 100000: bpl 003426
[LOG_TRACE] R0:3420 R1:3450 R2:0 R3:11 R4:156160 R5:4716 R6:7772 R7:3426
[LOG_TRACE] 003426 000100: jmp R0
[LOG_TRACE] R0:3420 R1:3450 R2:0 R3:11 R4:156160 R5:4716 R6:7772 R7:3420
[LOG_TRACE] 003420 041415: bic (R4), (R5)
[LOG_TRACE] R0:3420 R1:3450 R2:0 R3:11 R4:156160 R5:4716 R6:7772 R7:3422
[LOG_TRACE] 003422 160104: sub R1, R4
[LOG_TRACE] R0:3420 R1:3450 R2:0 R3:11 R4:152510 R5:4716 R6:7772 R7:3424
[LOG_TRACE] 003424 100000: bpl 003426
[LOG_TRACE] R0:3420 R1:3450 R2:0 R3:11 R4:152510 R5:4716 R6:7772 R7:3426
[LOG_TRACE] 003426 000100: jmp R0
[LOG_TRACE] R0:3420 R1:3450 R2:0 R3:11 R4:152510 R5:4716 R6:7772 R7:3420
[LOG_TRACE] 003420 041415: bic (R4), (R5)
[LOG_TRACE] R0:3420 R1:3450 R2:0 R3:11 R4:152510 R5:4716 R6:7772 R7:3422
[LOG_TRACE] 003422 160104: sub R1, R4
[LOG_TRACE] R0:3420 R1:3450 R2:0 R3:11 R4:147040 R5:4716 R6:7772 R7:3424
[LOG_TRACE] 003424 100000: bpl 003426
[LOG_TRACE] R0:3420 R1:3450 R2:0 R3:11 R4:147040 R5:4716 R6:7772 R7:3426
[LOG_TRACE] 003426 000100: jmp R0
[LOG_TRACE] R0:3420 R1:3450 R2:0 R3:11 R4:147040 R5:4716 R6:7772 R7:3420
[LOG_TRACE] 003420 041415: bic (R4), (R5)
[LOG_TRACE] R0:3420 R1:3450 R2:0 R3:11 R4:147040 R5:4716 R6:7772 R7:3422
[LOG_TRACE] 003422 160104: sub R1, R4
[LOG_TRACE] R0:3420 R1:3450 R2:0 R3:11 R4:143370 R5:4716 R6:7772 R7:3424
[LOG_TRACE] 003424 100000: bpl 003426
[LOG_TRACE] R0:3420 R1:3450 R2:0 R3:11 R4:143370 R5:4716 R6:7772 R7:3426
[LOG_TRACE] 003426 000100: jmp R0
[LOG_TRACE] R0:3420 R1:3450 R2:0 R3:11 R4:143370 R5:4716 R6:7772 R7:3420
[LOG_TRACE] 003420 041415: bic (R4), (R5)
[LOG_TRACE] R0:3420 R1:3450 R2:0 R3:11 R4:143370 R5:4716 R6:7772 R7:3422
[LOG_TRACE] 003422 160104: sub R1, R4
[LOG_TRACE] R0:3420 R1:3450 R2:0 R3:11 R4:137720 R5:4716 R6:7772 R7:3424
[LOG_TRACE] 003424 100000: bpl 003426
[LOG_TRACE] R0:3420 R1:3450 R2:0 R3:11 R4:137720 R5:4716 R6:7772 R7:3426
[LOG_TRACE] 003426 000100: jmp R0
[LOG_TRACE] R0:3420 R1:3450 R2:0 R3:11 R4:137720 R5:4716 R6:7772 R7:3420
[LOG_TRACE] 003420 041415: bic (R4), (R5)
[LOG_TRACE] R0:3420 R1:3450 R2:0 R3:11 R4:137720 R5:4716 R6:7772 R7:3422
[LOG_TRACE] 003422 160104: sub R1, R4
[LOG_TRACE] R0:3420 R1:3450 R2:0 R3:11 R4:134250 R5:4716 R6:7772 R7:3424
[LOG_TRACE] 003424 100000: bpl 003426
[LOG_TRACE] R0:3420 R1:3450 R2:0 R3:11 R4:134250 R5:4716 R6:7772 R7:3426
[LOG_TRACE] 003426 000100: jmp R0
[LOG_TRACE] R0:3420 R1:3450 R2:0 R3:11 R4:134250 R5:4716 R6:7772 R7:3420
[LOG_TRACE] 003420 041415: bic (R4), (R5)
[LOG_TRACE] R0:3420 R1:3450 R2:0 R3:11 R4:134250 R5:4716 R6:7772 R7:3422
[LOG_TRACE] 003422 160104: sub R1, R4
[LOG_TRACE] R0:3420 R1:3450 R2:0 R3:11 R4:130600 R5:4716 R6:7772 R7:3424
[LOG_TRACE] 003424 100000: bpl 003426
[LOG_TRACE] R0:3420 R1:3450 R2:0 R3:11 R4:130600 R5:4716 R6:7772 R7:3426
[LOG_TRACE] 003426 000100: jmp R0
[LOG_TRACE] R0:3420 R1:3450 R2:0 R3:11 R4:130600 R5:4716 R6:7772 R7:3420
[LOG_TRACE] 003420 041415: bic (R4), (R5)
[LOG_TRACE] R0:3420 R1:3450 R2:0 R3:11 R4:130600 R5:4716 R6:7772 R7:3422
[LOG_TRACE] 003422 160104: sub R1, R4
[LOG_TRACE] R0:3420 R1:3450 R2:0 R3:11 R4:125130 R5:4716 R6:7772 R7:3424
[LOG_TRACE] 003424 100000: bpl 003426
[LOG_TRACE] R0:3420 R1:3450 R2:0 R3:11 R4:125130 R5:4716 R6:7772 R7:3426
[LOG_TRACE] 003426 000100: jmp R0
[LOG_TRACE] R0:3420 R1:3450 R2:0 R3:11 R4:125130 R5:4716 R6:7772 R7:3420
[LOG_TRACE] 003420 041415: bic (R4), (R5)
[LOG_TRACE] R0:3420 R1:3450 R2:0 R3:11 R4:125130 R5:4716 R6:7772 R7:3422
[LOG_TRACE] 003422 160104: sub R1, R4
[LOG_TRACE] R0:3420 R1:3450 R2:0 R3:11 R4:121460 R5:4716 R6:7772 R7:3424
[LOG_TRACE] 003424 100000: bpl 003426
[LOG_TRACE] R0:3420 R1:3450 R2:0 R3:11 R4:121460 R5:4716 R6:7772 R7:3426
[LOG_TRACE] 003426 000100: jmp R0
[LOG_TRACE] R0:3420 R1:3450 R2:0 R3:11 R4:121460 R5:4716 R6:7772 R7:3420
[LOG_TRACE] 003420 041415: bic (R4), (R5)
[LOG_TRACE] R0:3420 R1:3450 R2:0 R3:11 R4:121460 R5:4716 R6:7772 R7:3422
[LOG_TRACE] 003422 160104: sub R1, R4
[LOG_TRACE] R0:3420 R1:3450 R2:0 R3:11 R4:116010 R5:4716 R6:7772 R7:3424
[LOG_TRACE] 003424 100000: bpl 003426
[LOG_TRACE] R0:3420 R1:3450 R2:0 R3:11 R4:116010 R5:4716 R6:7772 R7:3426
[LOG_TRACE] 003426 000100: jmp R0
[LOG_TRACE] R0:3420 R1:3450 R2:0 R3:11 R4:116010 R5:4716 R6:7772 R7:3420
[LOG_TRACE] 003420 041415: bic (R4), (R5)
[LOG_TRACE] R0:3420 R1:3450 R2:0 R3:11 R4:116010 R5:4716 R6:7772 R7:3422
[LOG_TRACE] 003422 160104: sub R1, R4
[LOG_TRACE] R0:3420 R1:3450 R2:0 R3:11 R4:112340 R5:4716 R6:7772 R7:3424
[LOG_TRACE] 003424 100000: bpl 003426
[LOG_TRACE] R0:3420 R1:3450 R2:0 R3:11 R4:112340 R5:4716 R6:7772 R7:3426
[LOG_TRACE] 003426 000100: jmp R0
[LOG_TRACE] R0:3420 R1:3450 R2:0 R3:11 R4:112340 R5:4716 R6:7772 R7:3420
[LOG_TRACE] 003420 041415: bic (R4), (R5)
[LOG_TRACE] R0:3420 R1:3450 R2:0 R3:11 R4:112340 R5:4716 R6:7772 R7:3422
[LOG_TRACE] 003422 160104: sub R1, R4
[LOG_TRACE] R0:3420 R1:3450 R2:0 R3:11 R4:106670 R5:4716 R6:7772 R7:3424
[LOG_TRACE] 003424 100000: bpl 003426
[LOG_TRACE] R0:3420 R1:3450 R2:0 R3:11 R4:106670 R5:4716 R6:7772 R7:3426
[LOG_TRACE] 003426 000100: jmp R0
[LOG_TRACE] R0:3420 R1:3450 R2:0 R3:11 R4:106670 R5:4716 R6:7772 R7:3420
[LOG_TRACE] 003420 041415: bic (R4), (R5)
[LOG_TRACE] R0:3420 R1:3450 R2:0 R3:11 R4:106670 R5:4716 R6:7772 R7:3422
[LOG_TRACE] 003422 160104: sub R1, R4
[LOG_TRACE] R0:3420 R1:3450 R2:0 R3:11 R4:103220 R5:4716 R6:7772 R7:3424
[LOG_TRACE] 003424 100000: bpl 003426
[LOG_TRACE] R0:3420 R1:3450 R2:0 R3:11 R4:103220 R5:4716 R6:7772 R7:3426
[LOG_TRACE] 003426 000100: jmp R0
[LOG_TRACE] R0:3420 R1:3450 R2:0 R3:11 R4:103220 R5:4716 R6:7772 R7:3420
[LOG_TRACE] 003420 041415: bic (R4), (R5)
[LOG_TRACE] R0:3420 R1:3450 R2:0 R3:11 R4:103220 R5:4716 R6:7772 R7:3422
[LOG_TRACE] 003422 160104: sub R1, R4
[LOG_TRACE] R0:3420 R1:3450 R2:0 R3:11 R4:77550 R5:4716 R6:7772 R7:3424
[LOG_TRACE] 003424 100000: bpl 003426
[LOG_TRACE] R0:3420 R1:3450 R2:0 R3:11 R4:77550 R5:4716 R6:7772 R7:3426
[LOG_TRACE] 003426 000100: jmp R0
[LOG_TRACE] R0:3420 R1:3450 R2:0 R3:11 R4:77550 R5:4716 R6:7772 R7:3420
[LOG_TRACE] 003420 041415: bic (R4), (R5)
[LOG_TRACE] R0:3420 R1:3450 R2:0 R3:11 R4:77550 R5:4716 R6:7772 R7:3422
[LOG_TRACE] 003422 160104: sub R1, R4
[LOG_TRACE] R0:3420 R1:3450 R2:0 R3:11 R4:74100 R5:4716 R6:7772 R7:3424
[LOG_TRACE] 003424 100000: bpl 003426
[LOG_TRACE] R0:3420 R1:3450 R2:0 R3:11 R4:74100 R5:4716 R6:7772 R7:3426
[LOG_TRACE] 003426 000100: jmp R0
[LOG_TRACE] R0:3420 R1:3450 R2:0 R3:11 R4:74100 R5:4716 R6:7772 R7:3420
[LOG_TRACE] 003420 041415: bic (R4), (R5)
[LOG_TRACE] R0:3420 R1:3450 R2:0 R3:11 R4:74100 R5:4716 R6:7772 R7:3422
[LOG_TRACE] 003422 160104: sub R1, R4
[LOG_TRACE] R0:3420 R1:3450 R2:0 R3:11 R4:70430 R5:4716 R6:7772 R7:3424
[LOG_TRACE] 003424 100000: bpl 003426
[LOG_TRACE] R0:3420 R1:3450 R2:0 R3:11 R4:70430 R5:4716 R6:7772 R7:3426
[LOG_TRACE] 003426 000100: jmp R0
[LOG_TRACE] R0:3420 R1:3450 R2:0 R3:11 R4:70430 R5:4716 R6:7772 R7:3420
[LOG_TRACE] 003420 041415: bic (R4), (R5)
[LOG_TRACE] R0:3420 R1:3450 R2:0 R3:11 R4:70430 R5:4716 R6:7772 R7:3422
[LOG_TRACE] 003422 160104: sub R1, R4
[LOG_TRACE] R0:3420 R1:3450 R2:0 R3:11 R4:64760 R5:4716 R6:7772 R7:3424
[LOG_TRACE] 003424 100000: bpl 003426
[LOG_TRACE] R0:3420 R1:3450 R2:0 R3:11 R4:64760 R5:4716 R6:7772 R7:3426
[LOG_TRACE] 003426 000100: jmp R0
[LOG_TRACE] R0:3420 R1:3450 R2:0 R3:11 R4:64760 R5:4716 R6:7772 R7:3420
[LOG_TRACE] 003420 041415: bic (R4), (R5)
[LOG_TRACE] R0:3420 R1:3450 R2:0 R3:11 R4:64760 R5:4716 R6:7772 R7:3422
[LOG_TRACE] 003422 160104: sub R1, R4
[LOG_TRACE] R0:3420 R1:3450 R2:0 R3:11 R4:61310 R5:4716 R6:7772 R7:3424
[LOG_TRACE] 003424 100000: bpl 003426
[LOG_TRACE] R0:3420 R1:3450 R2:0 R3:11 R4:61310 R5:4716 R6:7772 R7:3426
[LOG_TRACE] 003426 000100: jmp R0
[LOG_TRACE] R0:3420 R1:3450 R2:0 R3:11 R4:61310 R5:4716 R6:7772 R7:3420
[LOG_TRACE] 003420 041415: bic (R4), (R5)
[LOG_TRACE] R0:3420 R1:3450 R2:0 R3:11 R4:61310 R5:4716 R6:7772 R7:3422
[LOG_TRACE] 003422 160104: sub R1, R4
[LOG_TRACE] R0:3420 R1:3450 R2:0 R3:11 R4:55640 R5:4716 R6:7772 R7:3424
[LOG_TRACE] 003424 100000: bpl 003426
[LOG_TRACE] R0:3420 R1:3450 R2:0 R3:11 R4:55640 R5:4716 R6:7772 R7:3426
[LOG_TRACE] 003426 000100: jmp R0
[LOG_TRACE] R0:3420 R1:3450 R2:0 R3:11 R4:55640 R5:4716 R6:7772 R7:3420
[LOG_TRACE] 003420 041415: bic (R4), (R5)
[LOG_TRACE] R0:3420 R1:3450 R2:0 R3:11 R4:55640 R5:4716 R6:7772 R7:3422
[LOG_TRACE] 003422 160104: sub R1, R4
[LOG_TRACE] R0:3420 R1:3450 R2:0 R3:11 R4:52170 R5:4716 R6:7772 R7:3424
[LOG_TRACE] 003424 100000: bpl 003426
[LOG_TRACE] R0:3420 R1:3450 R2:0 R3:11 R4:52170 R5:4716 R6:7772 R7:3426
[LOG_TRACE] 003426 000100: jmp R0
[LOG_TRACE] R0:3420 R1:3450 R2:0 R3:11 R4:52170 R5:4716 R6:7772 R7:3420
[LOG_TRACE] 003420 041415: bic (R4), (R5)
[LOG_TRACE] R0:3420 R1:3450 R2:0 R3:11 R4:52170 R5:4716 R6:7772 R7:3422
[LOG_TRACE] 003422 160104: sub R1, R4
[LOG_TRACE] R0:3420 R1:3450 R2:0 R3:11 R4:46520 R5:4716 R6:7772 R7:3424
[LOG_TRACE] 003424 100000: bpl 003426
[LOG_TRACE] R0:3420 R1:3450 R2:0 R3:11 R4:46520 R5:4716 R6:7772 R7:3426
[LOG_TRACE] 003426 000100: jmp R0
[LOG_TRACE] R0:3420 R1:3450 R2:0 R3:11 R4:46520 R5:4716 R6:7772 R7:3420
[LOG_TRACE] 003420 041415: bic (R4), (R5)
[LOG_TRACE] R0:3420 R1:3450 R2:0 R3:11 R4:46520 R5:4716 R6:7772 R7:3422
[LOG_TRACE] 003422 160104: sub R1, R4
[LOG_TRACE] R0:3420 R1:3450 R2:0 R3:11 R4:43050 R5:4716 R6:7772 R7:3424
[LOG_TRACE] 003424 100000: bpl 003426
[LOG_TRACE] R0:3420 R1:3450 R2:0 R3:11 R4:43050 R5:4716 R6:7772 R7:3426
[LOG_TRACE] 003426 000100: jmp R0
[LOG_TRACE] R0:3420 R1:3450 R2:0 R3:11 R4:43050 R5:4716 R6:7772 R7:3420
[LOG_TRACE] 003420 041415: bic (R4), (R5)
[LOG_TRACE] R0:3420 R1:3450 R2:0 R3:11 R4:43050 R5:4716 R6:7772 R7:3422
[LOG_TRACE] 003422 160104: sub R1, R4
[LOG_TRACE] R0:3420 R1:3450 R2:0 R3:11 R4:37400 R5:4716 R6:7772 R7:3424
[LOG_TRACE] 003424 100000: bpl 003426
[LOG_TRACE] R0:3420 R1:3450 R2:0 R3:11 R4:37400 R5:4716 R6:7772 R7:3426
[LOG_TRACE] 003426 000100: jmp R0
[LOG_TRACE] R0:3420 R1:3450 R2:0 R3:11 R4:37400 R5:4716 R6:7772 R7:3420
[LOG_TRACE] 003420 041415: bic (R4), (R5)
[LOG_TRACE] R0:3420 R1:3450 R2:0 R3:11 R4:37400 R5:4716 R6:7772 R7:3422
[LOG_TRACE] 003422 160104: sub R1, R4
[LOG_TRACE] R0:3420 R1:3450 R2:0 R3:11 R4:33730 R5:4716 R6:7772 R7:3424
[LOG_TRACE] 003424 100000: bpl 003426
[LOG_TRACE] R0:3420 R1:3450 R2:0 R3:11 R4:33730 R5:4716 R6:7772 R7:3426
[LOG_TRACE] 003426 000100: jmp R0
[LOG_TRACE] R0:3420 R1:3450 R2:0 R3:11 R4:33730 R5:4716 R6:7772 R7:3420
[LOG_TRACE] 003420 041415: bic (R4), (R5)
[LOG_TRACE] R0:3420 R1:3450 R2:0 R3:11 R4:33730 R5:4716 R6:7772 R7:3422
[LOG_TRACE] 003422 160104: sub R1, R4
[LOG_TRACE] R0:3420 R1:3450 R2:0 R3:11 R4:30260 R5:4716 R6:7772 R7:3424
[LOG_TRACE] 003424 100000: bpl 003426
[LOG_TRACE] R0:3420 R1:3450 R2:0 R3:11 R4:30260 R5:4716 R6:7772 R7:3426
[LOG_TRACE] 003426 000100: jmp R0
[LOG_TRACE] R0:3420 R1:3450 R2:0 R3:11 R4:30260 R5:4716 R6:7772 R7:3420
[LOG_TRACE] 003420 041415: bic (R4), (R5)
[LOG_TRACE] R0:3420 R1:3450 R2:0 R3:11 R4:30260 R5:4716 R6:7772 R7:3422
[LOG_TRACE] 003422 160104: sub R1, R4
[LOG_TRACE] R0:3420 R1:3450 R2:0 R3:11 R4:24610 R5:4716 R6:7772 R7:3424
[LOG_TRACE] 003424 100000: bpl 003426
[LOG_TRACE] R0:3420 R1:3450 R2:0 R3:11 R4:24610 R5:4716 R6:7772 R7:3426
[LOG_TRACE] 003426 000100: jmp R0
[LOG_TRACE] R0:3420 R1:3450 R2:0 R3:11 R4:24610 R5:4716 R6:7772 R7:3420
[LOG_TRACE] 003420 041415: bic (R4), (R5)
[LOG_TRACE] R0:3420 R1:3450 R2:0 R3:11 R4:24610 R5:4716 R6:7772 R7:3422
[LOG_TRACE] 003422 160104: sub R1, R4
[LOG_TRACE] R0:3420 R1:3450 R2:0 R3:11 R4:21140 R5:4716 R6:7772 R7:3424
[LOG_TRACE] 003424 100000: bpl 003426
[LOG_TRACE] R0:3420 R1:3450 R2:0 R3:11 R4:21140 R5:4716 R6:7772 R7:3426
[LOG_TRACE] 003426 000100: jmp R0
[LOG_TRACE] R0:3420 R1:3450 R2:0 R3:11 R4:21140 R5:4716 R6:7772 R7:3420
[LOG_TRACE] 003420 041415: bic (R4), (R5)
[LOG_TRACE] R0:3420 R1:3450 R2:0 R3:11 R4:21140 R5:4716 R6:7772 R7:3422
[LOG_TRACE] 003422 160104: sub R1, R4
[LOG_TRACE] R0:3420 R1:3450 R2:0 R3:11 R4:15470 R5:4716 R6:7772 R7:3424
[LOG_TRACE] 003424 100000: bpl 003426
[LOG_TRACE] R0:3420 R1:3450 R2:0 R3:11 R4:15470 R5:4716 R6:7772 R7:3426
[LOG_TRACE] 003426 000100: jmp R0
[LOG_TRACE] R0:3420 R1:3450 R2:0 R3:11 R4:15470 R5:4716 R6:7772 R7:3420
[LOG_TRACE] 003420 041415: bic (R4), (R5)
[LOG_TRACE] R0:3420 R1:3450 R2:0 R3:11 R4:15470 R5:4716 R6:7772 R7:3422
[LOG_TRACE] 003422 160104: sub R1, R4
[LOG_TRACE] R0:3420 R1:3450 R2:0 R3:11 R4:12020 R5:4716 R6:7772 R7:3424
[LOG_TRACE] 003424 100000: bpl 003426
[LOG_TRACE] R0:3420 R1:3450 R2:0 R3:11 R4:12020 R5:4716 R6:7772 R7:3426
[LOG_TRACE] 003426 000100: jmp R0
[LOG_TRACE] R0:3420 R1:3450 R2:0 R3:11 R4:12020 R5:4716 R6:7772 R7:3420
[LOG_TRACE] 003420 041415: bic (R4), (R5)
[LOG_TRACE] R0:3420 R1:3450 R2:0 R3:11 R4:12020 R5:4716 R6:7772 R7:3422
[LOG_TRACE] 003422 160104: sub R1, R4
[LOG_TRACE] R0:3420 R1:3450 R2:0 R3:11 R4:6350 R5:4716 R6:7772 R7:3424
[LOG_TRACE] 003424 100000: bpl 003426
[LOG_TRACE] R0:3420 R1:3450 R2:0 R3:11 R4:6350 R5:4716 R6:7772 R7:3426
[LOG_TRACE] 003426 000100: jmp R0
[LOG_TRACE] R0:3420 R1:3450 R2:0 R3:11 R4:6350 R5:4716 R6:7772 R7:3420
[LOG_TRACE] 003420 041415: bic (R4), (R5)
[LOG_TRACE] R0:3420 R1:3450 R2:0 R3:11 R4:6350 R5:4716 R6:7772 R7:3422
[LOG_TRACE] 003422 160104: sub R1, R4
[LOG_TRACE] R0:3420 R1:3450 R2:0 R3:11 R4:2700 R5:4716 R6:7772 R7:3424
[LOG_TRACE] 003424 100000: bpl 003426
[LOG_TRACE] R0:3420 R1:3450 R2:0 R3:11 R4:2700 R5:4716 R6:7772 R7:3426
[LOG_TRACE] 003426 000100: jmp R0
[LOG_TRACE] R0:3420 R1:3450 R2:0 R3:11 R4:2700 R5:4716 R6:7772 R7:3420
[LOG_TRACE] 003420 041415: bic (R4), (R5)
[LOG_TRACE] R0:3420 R1:3450 R2:0 R3:11 R4:2700 R5:4716 R6:7772 R7:3422
[LOG_TRACE] 003422 160104: sub R1, R4
[LOG_TRACE] R0:3420 R1:3450 R2:0 R3:11 R4:177230 R5:4716 R6:7772 R7:3424
[LOG_TRACE] 003424 100000: bpl 003426
[LOG_TRACE] R0:3420 R1:3450 R2:0 R3:11 R4:177230 R5:4716 R6:7772 R7:3426
[LOG_TRACE] 003426 000100: jmp R0
[LOG_TRACE] R0:3420 R1:3450 R2:0 R3:11 R4:177230 R5:4716 R6:7772 R7:3420
[LOG_TRACE] >>> BUS ERROR TRAP: Saving context and branching to Vector 4...
[LOG_TRACE] 003172 005011: clr (R1)
[LOG_TRACE] R0:3420 R1:3450 R2:0 R3:11 R4:177230 R5:4716 R6:7766 R7:3174
[LOG_TRACE] 003174 000002: rti (R4), (R1)
[LOG_TRACE] >>> RTI: Returned from interrupt. Restored PC: 003422
[LOG_TRACE] R0:3420 R1:3450 R2:0 R3:11 R4:177230 R5:4716 R6:7772 R7:3422
[LOG_TRACE] 003422 160104: sub R1, R4
[LOG_TRACE] R0:3420 R1:3450 R2:0 R3:11 R4:173560 R5:4716 R6:7772 R7:3424
[LOG_TRACE] 003424 100000: bpl 003426
[LOG_TRACE] R0:3420 R1:3450 R2:0 R3:11 R4:173560 R5:4716 R6:7772 R7:3426
[LOG_TRACE] 003426 000100: jmp R0
[LOG_TRACE] R0:3420 R1:3450 R2:0 R3:11 R4:173560 R5:4716 R6:7772 R7:3420
[LOG_TRACE] >>> BUS ERROR TRAP: Saving context and branching to Vector 4...
[LOG_TRACE] 003172 005011: clr (R1)
[LOG_TRACE] R0:3420 R1:3450 R2:0 R3:11 R4:173560 R5:4716 R6:7766 R7:3174
[LOG_TRACE] 003174 000002: rti (R4), (R1)
[LOG_TRACE] >>> RTI: Returned from interrupt. Restored PC: 003422
[LOG_TRACE] R0:3420 R1:3450 R2:0 R3:11 R4:173560 R5:4716 R6:7772 R7:3422
[LOG_TRACE] 003422 160104: sub R1, R4
[LOG_TRACE] R0:3420 R1:3450 R2:0 R3:11 R4:170110 R5:4716 R6:7772 R7:3424
[LOG_TRACE] 003424 100000: bpl 003426
[LOG_TRACE] R0:3420 R1:3450 R2:0 R3:11 R4:170110 R5:4716 R6:7772 R7:3426
[LOG_TRACE] 003426 000100: jmp R0
[LOG_TRACE] R0:3420 R1:3450 R2:0 R3:11 R4:170110 R5:4716 R6:7772 R7:3420
[LOG_TRACE] >>> BUS ERROR TRAP: Saving context and branching to Vector 4...
[LOG_TRACE] 003172 005011: clr (R1)
[LOG_TRACE] R0:3420 R1:3450 R2:0 R3:11 R4:170110 R5:4716 R6:7766 R7:3174
[LOG_TRACE] 003174 000002: rti (R4), (R1)
[LOG_TRACE] >>> RTI: Returned from interrupt. Restored PC: 003422
[LOG_TRACE] R0:3420 R1:3450 R2:0 R3:11 R4:170110 R5:4716 R6:7772 R7:3422
[LOG_TRACE] 003422 160104: sub R1, R4
[LOG_TRACE] R0:3420 R1:3450 R2:0 R3:11 R4:164440 R5:4716 R6:7772 R7:3424
[LOG_TRACE] 003424 100000: bpl 003426
[LOG_TRACE] R0:3420 R1:3450 R2:0 R3:11 R4:164440 R5:4716 R6:7772 R7:3426
[LOG_TRACE] 003426 000100: jmp R0
[LOG_TRACE] R0:3420 R1:3450 R2:0 R3:11 R4:164440 R5:4716 R6:7772 R7:3420
[LOG_TRACE] >>> BUS ERROR TRAP: Saving context and branching to Vector 4...
[LOG_TRACE] 003172 005011: clr (R1)
[LOG_TRACE] R0:3420 R1:3450 R2:0 R3:11 R4:164440 R5:4716 R6:7766 R7:3174
[LOG_TRACE] 003174 000002: rti (R4), (R1)
[LOG_TRACE] >>> RTI: Returned from interrupt. Restored PC: 003422
[LOG_TRACE] R0:3420 R1:3450 R2:0 R3:11 R4:164440 R5:4716 R6:7772 R7:3422
[LOG_TRACE] 003422 160104: sub R1, R4
[LOG_TRACE] R0:3420 R1:3450 R2:0 R3:11 R4:160770 R5:4716 R6:7772 R7:3424
[LOG_TRACE] 003424 100000: bpl 003426
[LOG_TRACE] R0:3420 R1:3450 R2:0 R3:11 R4:160770 R5:4716 R6:7772 R7:3426
[LOG_TRACE] 003426 000100: jmp R0
[LOG_TRACE] R0:3420 R1:3450 R2:0 R3:11 R4:160770 R5:4716 R6:7772 R7:3420
[LOG_TRACE] >>> BUS ERROR TRAP: Saving context and branching to Vector 4...
[LOG_TRACE] 003172 005011: clr (R1)
[LOG_TRACE] R0:3420 R1:3450 R2:0 R3:11 R4:160770 R5:4716 R6:7766 R7:3174
[LOG_TRACE] 003174 000002: rti (R4), (R1)
[LOG_TRACE] >>> RTI: Returned from interrupt. Restored PC: 003422
[LOG_TRACE] R0:3420 R1:3450 R2:0 R3:11 R4:160770 R5:4716 R6:7772 R7:3422
[LOG_TRACE] 003422 160104: sub R1, R4
[LOG_TRACE] R0:3420 R1:3450 R2:0 R3:11 R4:155320 R5:4716 R6:7772 R7:3424
[LOG_TRACE] 003424 100000: bpl 003426
[LOG_TRACE] R0:3420 R1:3450 R2:0 R3:11 R4:155320 R5:4716 R6:7772 R7:3426
[LOG_TRACE] 003426 000100: jmp R0
[LOG_TRACE] R0:3420 R1:3450 R2:0 R3:11 R4:155320 R5:4716 R6:7772 R7:3420
[LOG_TRACE] 003420 041415: bic (R4), (R5)
[LOG_TRACE] R0:3420 R1:3450 R2:0 R3:11 R4:155320 R5:4716 R6:7772 R7:3422
[LOG_TRACE] 003422 160104: sub R1, R4
[LOG_TRACE] R0:3420 R1:3450 R2:0 R3:11 R4:151650 R5:4716 R6:7772 R7:3424
[LOG_TRACE] 003424 100000: bpl 003426
[LOG_TRACE] R0:3420 R1:3450 R2:0 R3:11 R4:151650 R5:4716 R6:7772 R7:3426
[LOG_TRACE] 003426 000100: jmp R0
[LOG_TRACE] R0:3420 R1:3450 R2:0 R3:11 R4:151650 R5:4716 R6:7772 R7:3420
[LOG_TRACE] 003420 041415: bic (R4), (R5)
[LOG_TRACE] R0:3420 R1:3450 R2:0 R3:11 R4:151650 R5:4716 R6:7772 R7:3422
[LOG_TRACE] 003422 160104: sub R1, R4
[LOG_TRACE] R0:3420 R1:3450 R2:0 R3:11 R4:146200 R5:4716 R6:7772 R7:3424
[LOG_TRACE] 003424 100000: bpl 003426
[LOG_TRACE] R0:3420 R1:3450 R2:0 R3:11 R4:146200 R5:4716 R6:7772 R7:3426
[LOG_TRACE] 003426 000100: jmp R0
[LOG_TRACE] R0:3420 R1:3450 R2:0 R3:11 R4:146200 R5:4716 R6:7772 R7:3420
[LOG_TRACE] 003420 041415: bic (R4), (R5)
[LOG_TRACE] R0:3420 R1:3450 R2:0 R3:11 R4:146200 R5:4716 R6:7772 R7:3422
[LOG_TRACE] 003422 160104: sub R1, R4
[LOG_TRACE] R0:3420 R1:3450 R2:0 R3:11 R4:142530 R5:4716 R6:7772 R7:3424
[LOG_TRACE] 003424 100000: bpl 003426
[LOG_TRACE] R0:3420 R1:3450 R2:0 R3:11 R4:142530 R5:4716 R6:7772 R7:3426
[LOG_TRACE] 003426 000100: jmp R0
[LOG_TRACE] R0:3420 R1:3450 R2:0 R3:11 R4:142530 R5:4716 R6:7772 R7:3420
[LOG_TRACE] 003420 041415: bic (R4), (R5)
[LOG_TRACE] R0:3420 R1:3450 R2:0 R3:11 R4:142530 R5:4716 R6:7772 R7:3422
[LOG_TRACE] 003422 160104: sub R1, R4
[LOG_TRACE] R0:3420 R1:3450 R2:0 R3:11 R4:137060 R5:4716 R6:7772 R7:3424
[LOG_TRACE] 003424 100000: bpl 003426
[LOG_TRACE] R0:3420 R1:3450 R2:0 R3:11 R4:137060 R5:4716 R6:7772 R7:3426
[LOG_TRACE] 003426 000100: jmp R0
[LOG_TRACE] R0:3420 R1:3450 R2:0 R3:11 R4:137060 R5:4716 R6:7772 R7:3420
[LOG_TRACE] 003420 041415: bic (R4), (R5)
[LOG_TRACE] R0:3420 R1:3450 R2:0 R3:11 R4:137060 R5:4716 R6:7772 R7:3422
[LOG_TRACE] 003422 160104: sub R1, R4
[LOG_TRACE] R0:3420 R1:3450 R2:0 R3:11 R4:133410 R5:4716 R6:7772 R7:3424
[LOG_TRACE] 003424 100000: bpl 003426
[LOG_TRACE] R0:3420 R1:3450 R2:0 R3:11 R4:133410 R5:4716 R6:7772 R7:3426
[LOG_TRACE] 003426 000100: jmp R0
[LOG_TRACE] R0:3420 R1:3450 R2:0 R3:11 R4:133410 R5:4716 R6:7772 R7:3420
[LOG_TRACE] 003420 041415: bic (R4), (R5)
[LOG_TRACE] R0:3420 R1:3450 R2:0 R3:11 R4:133410 R5:4716 R6:7772 R7:3422
[LOG_TRACE] 003422 160104: sub R1, R4
[LOG_TRACE] R0:3420 R1:3450 R2:0 R3:11 R4:127740 R5:4716 R6:7772 R7:3424
[LOG_TRACE] 003424 100000: bpl 003426
[LOG_TRACE] R0:3420 R1:3450 R2:0 R3:11 R4:127740 R5:4716 R6:7772 R7:3426
[LOG_TRACE] 003426 000100: jmp R0
[LOG_TRACE] R0:3420 R1:3450 R2:0 R3:11 R4:127740 R5:4716 R6:7772 R7:3420
[LOG_TRACE] 003420 041415: bic (R4), (R5)
[LOG_TRACE] R0:3420 R1:3450 R2:0 R3:11 R4:127740 R5:4716 R6:7772 R7:3422
[LOG_TRACE] 003422 160104: sub R1, R4
[LOG_TRACE] R0:3420 R1:3450 R2:0 R3:11 R4:124270 R5:4716 R6:7772 R7:3424
[LOG_TRACE] 003424 100000: bpl 003426
[LOG_TRACE] R0:3420 R1:3450 R2:0 R3:11 R4:124270 R5:4716 R6:7772 R7:3426
[LOG_TRACE] 003426 000100: jmp R0
[LOG_TRACE] R0:3420 R1:3450 R2:0 R3:11 R4:124270 R5:4716 R6:7772 R7:3420
[LOG_TRACE] 003420 041415: bic (R4), (R5)
[LOG_TRACE] R0:3420 R1:3450 R2:0 R3:11 R4:124270 R5:4716 R6:7772 R7:3422
[LOG_TRACE] 003422 160104: sub R1, R4
[LOG_TRACE] R0:3420 R1:3450 R2:0 R3:11 R4:120620 R5:4716 R6:7772 R7:3424
[LOG_TRACE] 003424 100000: bpl 003426
[LOG_TRACE] R0:3420 R1:3450 R2:0 R3:11 R4:120620 R5:4716 R6:7772 R7:3426
[LOG_TRACE] 003426 000100: jmp R0
[LOG_TRACE] R0:3420 R1:3450 R2:0 R3:11 R4:120620 R5:4716 R6:7772 R7:3420
[LOG_TRACE] 003420 041415: bic (R4), (R5)
[LOG_TRACE] R0:3420 R1:3450 R2:0 R3:11 R4:120620 R5:4716 R6:7772 R7:3422
[LOG_TRACE] 003422 160104: sub R1, R4
[LOG_TRACE] R0:3420 R1:3450 R2:0 R3:11 R4:115150 R5:4716 R6:7772 R7:3424
[LOG_TRACE] 003424 100000: bpl 003426
[LOG_TRACE] R0:3420 R1:3450 R2:0 R3:11 R4:115150 R5:4716 R6:7772 R7:3426
[LOG_TRACE] 003426 000100: jmp R0
[LOG_TRACE] R0:3420 R1:3450 R2:0 R3:11 R4:115150 R5:4716 R6:7772 R7:3420
[LOG_TRACE] 003420 041415: bic (R4), (R5)
[LOG_TRACE] R0:3420 R1:3450 R2:0 R3:11 R4:115150 R5:4716 R6:7772 R7:3422
[LOG_TRACE] 003422 160104: sub R1, R4
[LOG_TRACE] R0:3420 R1:3450 R2:0 R3:11 R4:111500 R5:4716 R6:7772 R7:3424
[LOG_TRACE] 003424 100000: bpl 003426
[LOG_TRACE] R0:3420 R1:3450 R2:0 R3:11 R4:111500 R5:4716 R6:7772 R7:3426
[LOG_TRACE] 003426 000100: jmp R0
[LOG_TRACE] R0:3420 R1:3450 R2:0 R3:11 R4:111500 R5:4716 R6:7772 R7:3420
[LOG_TRACE] 003420 041415: bic (R4), (R5)
[LOG_TRACE] R0:3420 R1:3450 R2:0 R3:11 R4:111500 R5:4716 R6:7772 R7:3422
[LOG_TRACE] 003422 160104: sub R1, R4
[LOG_TRACE] R0:3420 R1:3450 R2:0 R3:11 R4:106030 R5:4716 R6:7772 R7:3424
[LOG_TRACE] 003424 100000: bpl 003426
[LOG_TRACE] R0:3420 R1:3450 R2:0 R3:11 R4:106030 R5:4716 R6:7772 R7:3426
[LOG_TRACE] 003426 000100: jmp R0
[LOG_TRACE] R0:3420 R1:3450 R2:0 R3:11 R4:106030 R5:4716 R6:7772 R7:3420
[LOG_TRACE] 003420 041415: bic (R4), (R5)
[LOG_TRACE] R0:3420 R1:3450 R2:0 R3:11 R4:106030 R5:4716 R6:7772 R7:3422
[LOG_TRACE] 003422 160104: sub R1, R4
[LOG_TRACE] R0:3420 R1:3450 R2:0 R3:11 R4:102360 R5:4716 R6:7772 R7:3424
[LOG_TRACE] 003424 100000: bpl 003426
[LOG_TRACE] R0:3420 R1:3450 R2:0 R3:11 R4:102360 R5:4716 R6:7772 R7:3426
[LOG_TRACE] 003426 000100: jmp R0
[LOG_TRACE] R0:3420 R1:3450 R2:0 R3:11 R4:102360 R5:4716 R6:7772 R7:3420
[LOG_TRACE] 003420 041415: bic (R4), (R5)
[LOG_TRACE] R0:3420 R1:3450 R2:0 R3:11 R4:102360 R5:4716 R6:7772 R7:3422
[LOG_TRACE] 003422 160104: sub R1, R4
[LOG_TRACE] R0:3420 R1:3450 R2:0 R3:11 R4:76710 R5:4716 R6:7772 R7:3424
[LOG_TRACE] 003424 100000: bpl 003426
[LOG_TRACE] R0:3420 R1:3450 R2:0 R3:11 R4:76710 R5:4716 R6:7772 R7:3426
[LOG_TRACE] 003426 000100: jmp R0
[LOG_TRACE] R0:3420 R1:3450 R2:0 R3:11 R4:76710 R5:4716 R6:7772 R7:3420
[LOG_TRACE] 003420 041415: bic (R4), (R5)
[LOG_TRACE] R0:3420 R1:3450 R2:0 R3:11 R4:76710 R5:4716 R6:7772 R7:3422
[LOG_TRACE] 003422 160104: sub R1, R4
[LOG_TRACE] R0:3420 R1:3450 R2:0 R3:11 R4:73240 R5:4716 R6:7772 R7:3424
[LOG_TRACE] 003424 100000: bpl 003426
[LOG_TRACE] R0:3420 R1:3450 R2:0 R3:11 R4:73240 R5:4716 R6:7772 R7:3426
[LOG_TRACE] 003426 000100: jmp R0
[LOG_TRACE] R0:3420 R1:3450 R2:0 R3:11 R4:73240 R5:4716 R6:7772 R7:3420
[LOG_TRACE] 003420 041415: bic (R4), (R5)
[LOG_TRACE] R0:3420 R1:3450 R2:0 R3:11 R4:73240 R5:4716 R6:7772 R7:3422
[LOG_TRACE] 003422 160104: sub R1, R4
[LOG_TRACE] R0:3420 R1:3450 R2:0 R3:11 R4:67570 R5:4716 R6:7772 R7:3424
[LOG_TRACE] 003424 100000: bpl 003426
[LOG_TRACE] R0:3420 R1:3450 R2:0 R3:11 R4:67570 R5:4716 R6:7772 R7:3426
[LOG_TRACE] 003426 000100: jmp R0
[LOG_TRACE] R0:3420 R1:3450 R2:0 R3:11 R4:67570 R5:4716 R6:7772 R7:3420
[LOG_TRACE] 003420 041415: bic (R4), (R5)
[LOG_TRACE] R0:3420 R1:3450 R2:0 R3:11 R4:67570 R5:4716 R6:7772 R7:3422
[LOG_TRACE] 003422 160104: sub R1, R4
[LOG_TRACE] R0:3420 R1:3450 R2:0 R3:11 R4:64120 R5:4716 R6:7772 R7:3424
[LOG_TRACE] 003424 100000: bpl 003426
[LOG_TRACE] R0:3420 R1:3450 R2:0 R3:11 R4:64120 R5:4716 R6:7772 R7:3426
[LOG_TRACE] 003426 000100: jmp R0
[LOG_TRACE] R0:3420 R1:3450 R2:0 R3:11 R4:64120 R5:4716 R6:7772 R7:3420
[LOG_TRACE] 003420 041415: bic (R4), (R5)
[LOG_TRACE] R0:3420 R1:3450 R2:0 R3:11 R4:64120 R5:4716 R6:7772 R7:3422
[LOG_TRACE] 003422 160104: sub R1, R4
[LOG_TRACE] R0:3420 R1:3450 R2:0 R3:11 R4:60450 R5:4716 R6:7772 R7:3424
[LOG_TRACE] 003424 100000: bpl 003426
[LOG_TRACE] R0:3420 R1:3450 R2:0 R3:11 R4:60450 R5:4716 R6:7772 R7:3426
[LOG_TRACE] 003426 000100: jmp R0
[LOG_TRACE] R0:3420 R1:3450 R2:0 R3:11 R4:60450 R5:4716 R6:7772 R7:3420
[LOG_TRACE] 003420 041415: bic (R4), (R5)
[LOG_TRACE] R0:3420 R1:3450 R2:0 R3:11 R4:60450 R5:4716 R6:7772 R7:3422
[LOG_TRACE] 003422 160104: sub R1, R4
[LOG_TRACE] R0:3420 R1:3450 R2:0 R3:11 R4:55000 R5:4716 R6:7772 R7:3424
[LOG_TRACE] 003424 100000: bpl 003426
[LOG_TRACE] R0:3420 R1:3450 R2:0 R3:11 R4:55000 R5:4716 R6:7772 R7:3426
[LOG_TRACE] 003426 000100: jmp R0
[LOG_TRACE] R0:3420 R1:3450 R2:0 R3:11 R4:55000 R5:4716 R6:7772 R7:3420
[LOG_TRACE] 003420 041415: bic (R4), (R5)
[LOG_TRACE] R0:3420 R1:3450 R2:0 R3:11 R4:55000 R5:4716 R6:7772 R7:3422
[LOG_TRACE] 003422 160104: sub R1, R4
[LOG_TRACE] R0:3420 R1:3450 R2:0 R3:11 R4:51330 R5:4716 R6:7772 R7:3424
[LOG_TRACE] 003424 100000: bpl 003426
[LOG_TRACE] R0:3420 R1:3450 R2:0 R3:11 R4:51330 R5:4716 R6:7772 R7:3426
[LOG_TRACE] 003426 000100: jmp R0
[LOG_TRACE] R0:3420 R1:3450 R2:0 R3:11 R4:51330 R5:4716 R6:7772 R7:3420
[LOG_TRACE] 003420 041415: bic (R4), (R5)
[LOG_TRACE] R0:3420 R1:3450 R2:0 R3:11 R4:51330 R5:4716 R6:7772 R7:3422
[LOG_TRACE] 003422 160104: sub R1, R4
[LOG_TRACE] R0:3420 R1:3450 R2:0 R3:11 R4:45660 R5:4716 R6:7772 R7:3424
[LOG_TRACE] 003424 100000: bpl 003426
[LOG_TRACE] R0:3420 R1:3450 R2:0 R3:11 R4:45660 R5:4716 R6:7772 R7:3426
[LOG_TRACE] 003426 000100: jmp R0
[LOG_TRACE] R0:3420 R1:3450 R2:0 R3:11 R4:45660 R5:4716 R6:7772 R7:3420
[LOG_TRACE] 003420 041415: bic (R4), (R5)
[LOG_TRACE] R0:3420 R1:3450 R2:0 R3:11 R4:45660 R5:4716 R6:7772 R7:3422
[LOG_TRACE] 003422 160104: sub R1, R4
[LOG_TRACE] R0:3420 R1:3450 R2:0 R3:11 R4:42210 R5:4716 R6:7772 R7:3424
[LOG_TRACE] 003424 100000: bpl 003426
[LOG_TRACE] R0:3420 R1:3450 R2:0 R3:11 R4:42210 R5:4716 R6:7772 R7:3426
[LOG_TRACE] 003426 000100: jmp R0
[LOG_TRACE] R0:3420 R1:3450 R2:0 R3:11 R4:42210 R5:4716 R6:7772 R7:3420
[LOG_TRACE] 003420 041415: bic (R4), (R5)
[LOG_TRACE] R0:3420 R1:3450 R2:0 R3:11 R4:42210 R5:4716 R6:7772 R7:3422
[LOG_TRACE] 003422 160104: sub R1, R4
[LOG_TRACE] R0:3420 R1:3450 R2:0 R3:11 R4:36540 R5:4716 R6:7772 R7:3424
[LOG_TRACE] 003424 100000: bpl 003426
[LOG_TRACE] R0:3420 R1:3450 R2:0 R3:11 R4:36540 R5:4716 R6:7772 R7:3426
[LOG_TRACE] 003426 000100: jmp R0
[LOG_TRACE] R0:3420 R1:3450 R2:0 R3:11 R4:36540 R5:4716 R6:7772 R7:3420
[LOG_TRACE] 003420 041415: bic (R4), (R5)
[LOG_TRACE] R0:3420 R1:3450 R2:0 R3:11 R4:36540 R5:4716 R6:7772 R7:3422
[LOG_TRACE] 003422 160104: sub R1, R4
[LOG_TRACE] R0:3420 R1:3450 R2:0 R3:11 R4:33070 R5:4716 R6:7772 R7:3424
[LOG_TRACE] 003424 100000: bpl 003426
[LOG_TRACE] R0:3420 R1:3450 R2:0 R3:11 R4:33070 R5:4716 R6:7772 R7:3426
[LOG_TRACE] 003426 000100: jmp R0
[LOG_TRACE] R0:3420 R1:3450 R2:0 R3:11 R4:33070 R5:4716 R6:7772 R7:3420
[LOG_TRACE] 003420 041415: bic (R4), (R5)
[LOG_TRACE] R0:3420 R1:3450 R2:0 R3:11 R4:33070 R5:4716 R6:7772 R7:3422
[LOG_TRACE] 003422 160104: sub R1, R4
[LOG_TRACE] R0:3420 R1:3450 R2:0 R3:11 R4:27420 R5:4716 R6:7772 R7:3424
[LOG_TRACE] 003424 100000: bpl 003426
[LOG_TRACE] R0:3420 R1:3450 R2:0 R3:11 R4:27420 R5:4716 R6:7772 R7:3426
[LOG_TRACE] 003426 000100: jmp R0
[LOG_TRACE] R0:3420 R1:3450 R2:0 R3:11 R4:27420 R5:4716 R6:7772 R7:3420
[LOG_TRACE] 003420 041415: bic (R4), (R5)
[LOG_TRACE] R0:3420 R1:3450 R2:0 R3:11 R4:27420 R5:4716 R6:7772 R7:3422
[LOG_TRACE] 003422 160104: sub R1, R4
[LOG_TRACE] R0:3420 R1:3450 R2:0 R3:11 R4:23750 R5:4716 R6:7772 R7:3424
[LOG_TRACE] 003424 100000: bpl 003426
[LOG_TRACE] R0:3420 R1:3450 R2:0 R3:11 R4:23750 R5:4716 R6:7772 R7:3426
[LOG_TRACE] 003426 000100: jmp R0
[LOG_TRACE] R0:3420 R1:3450 R2:0 R3:11 R4:23750 R5:4716 R6:7772 R7:3420
[LOG_TRACE] 003420 041415: bic (R4), (R5)
[LOG_TRACE] R0:3420 R1:3450 R2:0 R3:11 R4:23750 R5:4716 R6:7772 R7:3422
[LOG_TRACE] 003422 160104: sub R1, R4
[LOG_TRACE] R0:3420 R1:3450 R2:0 R3:11 R4:20300 R5:4716 R6:7772 R7:3424
[LOG_TRACE] 003424 100000: bpl 003426
[LOG_TRACE] R0:3420 R1:3450 R2:0 R3:11 R4:20300 R5:4716 R6:7772 R7:3426
[LOG_TRACE] 003426 000100: jmp R0
[LOG_TRACE] R0:3420 R1:3450 R2:0 R3:11 R4:20300 R5:4716 R6:7772 R7:3420
[LOG_TRACE] 003420 041415: bic (R4), (R5)
[LOG_TRACE] R0:3420 R1:3450 R2:0 R3:11 R4:20300 R5:4716 R6:7772 R7:3422
[LOG_TRACE] 003422 160104: sub R1, R4
[LOG_TRACE] R0:3420 R1:3450 R2:0 R3:11 R4:14630 R5:4716 R6:7772 R7:3424
[LOG_TRACE] 003424 100000: bpl 003426
[LOG_TRACE] R0:3420 R1:3450 R2:0 R3:11 R4:14630 R5:4716 R6:7772 R7:3426
[LOG_TRACE] 003426 000100: jmp R0
[LOG_TRACE] R0:3420 R1:3450 R2:0 R3:11 R4:14630 R5:4716 R6:7772 R7:3420
[LOG_TRACE] 003420 041415: bic (R4), (R5)
[LOG_TRACE] R0:3420 R1:3450 R2:0 R3:11 R4:14630 R5:4716 R6:7772 R7:3422
[LOG_TRACE] 003422 160104: sub R1, R4
[LOG_TRACE] R0:3420 R1:3450 R2:0 R3:11 R4:11160 R5:4716 R6:7772 R7:3424
[LOG_TRACE] 003424 100000: bpl 003426
[LOG_TRACE] R0:3420 R1:3450 R2:0 R3:11 R4:11160 R5:4716 R6:7772 R7:3426
[LOG_TRACE] 003426 000100: jmp R0
[LOG_TRACE] R0:3420 R1:3450 R2:0 R3:11 R4:11160 R5:4716 R6:7772 R7:3420
[LOG_TRACE] 003420 041415: bic (R4), (R5)
[LOG_TRACE] R0:3420 R1:3450 R2:0 R3:11 R4:11160 R5:4716 R6:7772 R7:3422
[LOG_TRACE] 003422 160104: sub R1, R4
[LOG_TRACE] R0:3420 R1:3450 R2:0 R3:11 R4:5510 R5:4716 R6:7772 R7:3424
[LOG_TRACE] 003424 100000: bpl 003426
[LOG_TRACE] R0:3420 R1:3450 R2:0 R3:11 R4:5510 R5:4716 R6:7772 R7:3426
[LOG_TRACE] 003426 000100: jmp R0
[LOG_TRACE] R0:3420 R1:3450 R2:0 R3:11 R4:5510 R5:4716 R6:7772 R7:3420
[LOG_TRACE] 003420 041415: bic (R4), (R5)
[LOG_TRACE] R0:3420 R1:3450 R2:0 R3:11 R4:5510 R5:4716 R6:7772 R7:3422
[LOG_TRACE] 003422 160104: sub R1, R4
[LOG_TRACE] R0:3420 R1:3450 R2:0 R3:11 R4:2040 R5:4716 R6:7772 R7:3424
[LOG_TRACE] 003424 100000: bpl 003426
[LOG_TRACE] R0:3420 R1:3450 R2:0 R3:11 R4:2040 R5:4716 R6:7772 R7:3426
[LOG_TRACE] 003426 000100: jmp R0
[LOG_TRACE] R0:3420 R1:3450 R2:0 R3:11 R4:2040 R5:4716 R6:7772 R7:3420
[LOG_TRACE] 003420 041415: bic (R4), (R5)
[LOG_TRACE] R0:3420 R1:3450 R2:0 R3:11 R4:2040 R5:4716 R6:7772 R7:3422
[LOG_TRACE] 003422 160104: sub R1, R4
[LOG_TRACE] R0:3420 R1:3450 R2:0 R3:11 R4:176370 R5:4716 R6:7772 R7:3424
[LOG_TRACE] 003424 100000: bpl 003426
[LOG_TRACE] R0:3420 R1:3450 R2:0 R3:11 R4:176370 R5:4716 R6:7772 R7:3426
[LOG_TRACE] 003426 000100: jmp R0
[LOG_TRACE] R0:3420 R1:3450 R2:0 R3:11 R4:176370 R5:4716 R6:7772 R7:3420
[LOG_TRACE] >>> BUS ERROR TRAP: Saving context and branching to Vector 4...
[LOG_TRACE] 003172 005011: clr (R1)
[LOG_TRACE] R0:3420 R1:3450 R2:0 R3:11 R4:176370 R5:4716 R6:7766 R7:3174
[LOG_TRACE] 003174 000002: rti (R4), (R1)
[LOG_TRACE] >>> RTI: Returned from interrupt. Restored PC: 003422
[LOG_TRACE] R0:3420 R1:3450 R2:0 R3:11 R4:176370 R5:4716 R6:7772 R7:3422
[LOG_TRACE] 003422 160104: sub R1, R4
[LOG_TRACE] R0:3420 R1:3450 R2:0 R3:11 R4:172720 R5:4716 R6:7772 R7:3424
[LOG_TRACE] 003424 100000: bpl 003426
[LOG_TRACE] R0:3420 R1:3450 R2:0 R3:11 R4:172720 R5:4716 R6:7772 R7:3426
[LOG_TRACE] 003426 000100: jmp R0
[LOG_TRACE] R0:3420 R1:3450 R2:0 R3:11 R4:172720 R5:4716 R6:7772 R7:3420
[LOG_TRACE] >>> BUS ERROR TRAP: Saving context and branching to Vector 4...
[LOG_TRACE] 003172 005011: clr (R1)
[LOG_TRACE] R0:3420 R1:3450 R2:0 R3:11 R4:172720 R5:4716 R6:7766 R7:3174
[LOG_TRACE] 003174 000002: rti (R4), (R1)
[LOG_TRACE] >>> RTI: Returned from interrupt. Restored PC: 003422
[LOG_TRACE] R0:3420 R1:3450 R2:0 R3:11 R4:172720 R5:4716 R6:7772 R7:3422
[LOG_TRACE] 003422 160104: sub R1, R4
[LOG_TRACE] R0:3420 R1:3450 R2:0 R3:11 R4:167250 R5:4716 R6:7772 R7:3424
[LOG_TRACE] 003424 100000: bpl 003426
[LOG_TRACE] R0:3420 R1:3450 R2:0 R3:11 R4:167250 R5:4716 R6:7772 R7:3426
[LOG_TRACE] 003426 000100: jmp R0
[LOG_TRACE] R0:3420 R1:3450 R2:0 R3:11 R4:167250 R5:4716 R6:7772 R7:3420
[LOG_TRACE] >>> BUS ERROR TRAP: Saving context and branching to Vector 4...
[LOG_TRACE] 003172 005011: clr (R1)
[LOG_TRACE] R0:3420 R1:3450 R2:0 R3:11 R4:167250 R5:4716 R6:7766 R7:3174
[LOG_TRACE] 003174 000002: rti (R4), (R1)
[LOG_TRACE] >>> RTI: Returned from interrupt. Restored PC: 003422
[LOG_TRACE] R0:3420 R1:3450 R2:0 R3:11 R4:167250 R5:4716 R6:7772 R7:3422
[LOG_TRACE] 003422 160104: sub R1, R4
[LOG_TRACE] R0:3420 R1:3450 R2:0 R3:11 R4:163600 R5:4716 R6:7772 R7:3424
[LOG_TRACE] 003424 100000: bpl 003426
[LOG_TRACE] R0:3420 R1:3450 R2:0 R3:11 R4:163600 R5:4716 R6:7772 R7:3426
[LOG_TRACE] 003426 000100: jmp R0
[LOG_TRACE] R0:3420 R1:3450 R2:0 R3:11 R4:163600 R5:4716 R6:7772 R7:3420
[LOG_TRACE] >>> BUS ERROR TRAP: Saving context and branching to Vector 4...
[LOG_TRACE] 003172 005011: clr (R1)
[LOG_TRACE] R0:3420 R1:3450 R2:0 R3:11 R4:163600 R5:4716 R6:7766 R7:3174
[LOG_TRACE] 003174 000002: rti (R4), (R1)
[LOG_TRACE] >>> RTI: Returned from interrupt. Restored PC: 003422
[LOG_TRACE] R0:3420 R1:3450 R2:0 R3:11 R4:163600 R5:4716 R6:7772 R7:3422
[LOG_TRACE] 003422 160104: sub R1, R4
[LOG_TRACE] R0:3420 R1:3450 R2:0 R3:11 R4:160130 R5:4716 R6:7772 R7:3424
[LOG_TRACE] 003424 100000: bpl 003426
[LOG_TRACE] R0:3420 R1:3450 R2:0 R3:11 R4:160130 R5:4716 R6:7772 R7:3426
[LOG_TRACE] 003426 000100: jmp R0
[LOG_TRACE] R0:3420 R1:3450 R2:0 R3:11 R4:160130 R5:4716 R6:7772 R7:3420
[LOG_TRACE] >>> BUS ERROR TRAP: Saving context and branching to Vector 4...
[LOG_TRACE] 003172 005011: clr (R1)
[LOG_TRACE] R0:3420 R1:3450 R2:0 R3:11 R4:160130 R5:4716 R6:7766 R7:3174
[LOG_TRACE] 003174 000002: rti (R4), (R1)
[LOG_TRACE] >>> RTI: Returned from interrupt. Restored PC: 003422
[LOG_TRACE] R0:3420 R1:3450 R2:0 R3:11 R4:160130 R5:4716 R6:7772 R7:3422
[LOG_TRACE] 003422 160104: sub R1, R4
[LOG_TRACE] R0:3420 R1:3450 R2:0 R3:11 R4:154460 R5:4716 R6:7772 R7:3424
[LOG_TRACE] 003424 100000: bpl 003426
[LOG_TRACE] R0:3420 R1:3450 R2:0 R3:11 R4:154460 R5:4716 R6:7772 R7:3426
[LOG_TRACE] 003426 000100: jmp R0
[LOG_TRACE] R0:3420 R1:3450 R2:0 R3:11 R4:154460 R5:4716 R6:7772 R7:3420
[LOG_TRACE] 003420 041415: bic (R4), (R5)
[LOG_TRACE] R0:3420 R1:3450 R2:0 R3:11 R4:154460 R5:4716 R6:7772 R7:3422
[LOG_TRACE] 003422 160104: sub R1, R4
[LOG_TRACE] R0:3420 R1:3450 R2:0 R3:11 R4:151010 R5:4716 R6:7772 R7:3424
[LOG_TRACE] 003424 100000: bpl 003426
[LOG_TRACE] R0:3420 R1:3450 R2:0 R3:11 R4:151010 R5:4716 R6:7772 R7:3426
[LOG_TRACE] 003426 000100: jmp R0
[LOG_TRACE] R0:3420 R1:3450 R2:0 R3:11 R4:151010 R5:4716 R6:7772 R7:3420
[LOG_TRACE] 003420 041415: bic (R4), (R5)
[LOG_TRACE] R0:3420 R1:3450 R2:0 R3:11 R4:151010 R5:4716 R6:7772 R7:3422
[LOG_TRACE] 003422 160104: sub R1, R4
[LOG_TRACE] R0:3420 R1:3450 R2:0 R3:11 R4:145340 R5:4716 R6:7772 R7:3424
[LOG_TRACE] 003424 100000: bpl 003426
[LOG_TRACE] R0:3420 R1:3450 R2:0 R3:11 R4:145340 R5:4716 R6:7772 R7:3426
[LOG_TRACE] 003426 000100: jmp R0
[LOG_TRACE] R0:3420 R1:3450 R2:0 R3:11 R4:145340 R5:4716 R6:7772 R7:3420
[LOG_TRACE] 003420 041415: bic (R4), (R5)
[LOG_TRACE] R0:3420 R1:3450 R2:0 R3:11 R4:145340 R5:4716 R6:7772 R7:3422
[LOG_TRACE] 003422 160104: sub R1, R4
[LOG_TRACE] R0:3420 R1:3450 R2:0 R3:11 R4:141670 R5:4716 R6:7772 R7:3424
[LOG_TRACE] 003424 100000: bpl 003426
[LOG_TRACE] R0:3420 R1:3450 R2:0 R3:11 R4:141670 R5:4716 R6:7772 R7:3426
[LOG_TRACE] 003426 000100: jmp R0
[LOG_TRACE] R0:3420 R1:3450 R2:0 R3:11 R4:141670 R5:4716 R6:7772 R7:3420
[LOG_TRACE] 003420 041415: bic (R4), (R5)
[LOG_TRACE] R0:3420 R1:3450 R2:0 R3:11 R4:141670 R5:4716 R6:7772 R7:3422
[LOG_TRACE] 003422 160104: sub R1, R4
[LOG_TRACE] R0:3420 R1:3450 R2:0 R3:11 R4:136220 R5:4716 R6:7772 R7:3424
[LOG_TRACE] 003424 100000: bpl 003426
[LOG_TRACE] R0:3420 R1:3450 R2:0 R3:11 R4:136220 R5:4716 R6:7772 R7:3426
[LOG_TRACE] 003426 000100: jmp R0
[LOG_TRACE] R0:3420 R1:3450 R2:0 R3:11 R4:136220 R5:4716 R6:7772 R7:3420
[LOG_TRACE] 003420 041415: bic (R4), (R5)
[LOG_TRACE] R0:3420 R1:3450 R2:0 R3:11 R4:136220 R5:4716 R6:7772 R7:3422
[LOG_TRACE] 003422 160104: sub R1, R4
[LOG_TRACE] R0:3420 R1:3450 R2:0 R3:11 R4:132550 R5:4716 R6:7772 R7:3424
[LOG_TRACE] 003424 100000: bpl 003426
[LOG_TRACE] R0:3420 R1:3450 R2:0 R3:11 R4:132550 R5:4716 R6:7772 R7:3426
[LOG_TRACE] 003426 000100: jmp R0
[LOG_TRACE] R0:3420 R1:3450 R2:0 R3:11 R4:132550 R5:4716 R6:7772 R7:3420
[LOG_TRACE] 003420 041415: bic (R4), (R5)
[LOG_TRACE] R0:3420 R1:3450 R2:0 R3:11 R4:132550 R5:4716 R6:7772 R7:3422
[LOG_TRACE] 003422 160104: sub R1, R4
[LOG_TRACE] R0:3420 R1:3450 R2:0 R3:11 R4:127100 R5:4716 R6:7772 R7:3424
[LOG_TRACE] 003424 100000: bpl 003426
[LOG_TRACE] R0:3420 R1:3450 R2:0 R3:11 R4:127100 R5:4716 R6:7772 R7:3426
[LOG_TRACE] 003426 000100: jmp R0
[LOG_TRACE] R0:3420 R1:3450 R2:0 R3:11 R4:127100 R5:4716 R6:7772 R7:3420
[LOG_TRACE] 003420 041415: bic (R4), (R5)
[LOG_TRACE] R0:3420 R1:3450 R2:0 R3:11 R4:127100 R5:4716 R6:7772 R7:3422
[LOG_TRACE] 003422 160104: sub R1, R4
[LOG_TRACE] R0:3420 R1:3450 R2:0 R3:11 R4:123430 R5:4716 R6:7772 R7:3424
[LOG_TRACE] 003424 100000: bpl 003426
[LOG_TRACE] R0:3420 R1:3450 R2:0 R3:11 R4:123430 R5:4716 R6:7772 R7:3426
[LOG_TRACE] 003426 000100: jmp R0
[LOG_TRACE] R0:3420 R1:3450 R2:0 R3:11 R4:123430 R5:4716 R6:7772 R7:3420
[LOG_TRACE] 003420 041415: bic (R4), (R5)
[LOG_TRACE] R0:3420 R1:3450 R2:0 R3:11 R4:123430 R5:4716 R6:7772 R7:3422
[LOG_TRACE] 003422 160104: sub R1, R4
[LOG_TRACE] R0:3420 R1:3450 R2:0 R3:11 R4:117760 R5:4716 R6:7772 R7:3424
[LOG_TRACE] 003424 100000: bpl 003426
[LOG_TRACE] R0:3420 R1:3450 R2:0 R3:11 R4:117760 R5:4716 R6:7772 R7:3426
[LOG_TRACE] 003426 000100: jmp R0
[LOG_TRACE] R0:3420 R1:3450 R2:0 R3:11 R4:117760 R5:4716 R6:7772 R7:3420
[LOG_TRACE] 003420 041415: bic (R4), (R5)
[LOG_TRACE] R0:3420 R1:3450 R2:0 R3:11 R4:117760 R5:4716 R6:7772 R7:3422
[LOG_TRACE] 003422 160104: sub R1, R4
[LOG_TRACE] R0:3420 R1:3450 R2:0 R3:11 R4:114310 R5:4716 R6:7772 R7:3424
[LOG_TRACE] 003424 100000: bpl 003426
[LOG_TRACE] R0:3420 R1:3450 R2:0 R3:11 R4:114310 R5:4716 R6:7772 R7:3426
[LOG_TRACE] 003426 000100: jmp R0
[LOG_TRACE] R0:3420 R1:3450 R2:0 R3:11 R4:114310 R5:4716 R6:7772 R7:3420
[LOG_TRACE] 003420 041415: bic (R4), (R5)
[LOG_TRACE] R0:3420 R1:3450 R2:0 R3:11 R4:114310 R5:4716 R6:7772 R7:3422
[LOG_TRACE] 003422 160104: sub R1, R4
[LOG_TRACE] R0:3420 R1:3450 R2:0 R3:11 R4:110640 R5:4716 R6:7772 R7:3424
[LOG_TRACE] 003424 100000: bpl 003426
[LOG_TRACE] R0:3420 R1:3450 R2:0 R3:11 R4:110640 R5:4716 R6:7772 R7:3426
[LOG_TRACE] 003426 000100: jmp R0
[LOG_TRACE] R0:3420 R1:3450 R2:0 R3:11 R4:110640 R5:4716 R6:7772 R7:3420
[LOG_TRACE] 003420 041415: bic (R4), (R5)
[LOG_TRACE] R0:3420 R1:3450 R2:0 R3:11 R4:110640 R5:4716 R6:7772 R7:3422
[LOG_TRACE] 003422 160104: sub R1, R4
[LOG_TRACE] R0:3420 R1:3450 R2:0 R3:11 R4:105170 R5:4716 R6:7772 R7:3424
[LOG_TRACE] 003424 100000: bpl 003426
[LOG_TRACE] R0:3420 R1:3450 R2:0 R3:11 R4:105170 R5:4716 R6:7772 R7:3426
[LOG_TRACE] 003426 000100: jmp R0
[LOG_TRACE] R0:3420 R1:3450 R2:0 R3:11 R4:105170 R5:4716 R6:7772 R7:3420
[LOG_TRACE] 003420 041415: bic (R4), (R5)
[LOG_TRACE] R0:3420 R1:3450 R2:0 R3:11 R4:105170 R5:4716 R6:7772 R7:3422
[LOG_TRACE] 003422 160104: sub R1, R4
[LOG_TRACE] R0:3420 R1:3450 R2:0 R3:11 R4:101520 R5:4716 R6:7772 R7:3424
[LOG_TRACE] 003424 100000: bpl 003426
[LOG_TRACE] R0:3420 R1:3450 R2:0 R3:11 R4:101520 R5:4716 R6:7772 R7:3426
[LOG_TRACE] 003426 000100: jmp R0
[LOG_TRACE] R0:3420 R1:3450 R2:0 R3:11 R4:101520 R5:4716 R6:7772 R7:3420
[LOG_TRACE] 003420 041415: bic (R4), (R5)
[LOG_TRACE] R0:3420 R1:3450 R2:0 R3:11 R4:101520 R5:4716 R6:7772 R7:3422
[LOG_TRACE] 003422 160104: sub R1, R4
[LOG_TRACE] R0:3420 R1:3450 R2:0 R3:11 R4:76050 R5:4716 R6:7772 R7:3424
[LOG_TRACE] 003424 100000: bpl 003426
[LOG_TRACE] R0:3420 R1:3450 R2:0 R3:11 R4:76050 R5:4716 R6:7772 R7:3426
[LOG_TRACE] 003426 000100: jmp R0
[LOG_TRACE] R0:3420 R1:3450 R2:0 R3:11 R4:76050 R5:4716 R6:7772 R7:3420
[LOG_TRACE] 003420 041415: bic (R4), (R5)
[LOG_TRACE] R0:3420 R1:3450 R2:0 R3:11 R4:76050 R5:4716 R6:7772 R7:3422
[LOG_TRACE] 003422 160104: sub R1, R4
[LOG_TRACE] R0:3420 R1:3450 R2:0 R3:11 R4:72400 R5:4716 R6:7772 R7:3424
[LOG_TRACE] 003424 100000: bpl 003426
[LOG_TRACE] R0:3420 R1:3450 R2:0 R3:11 R4:72400 R5:4716 R6:7772 R7:3426
[LOG_TRACE] 003426 000100: jmp R0
[LOG_TRACE] R0:3420 R1:3450 R2:0 R3:11 R4:72400 R5:4716 R6:7772 R7:3420
[LOG_TRACE] 003420 041415: bic (R4), (R5)
[LOG_TRACE] R0:3420 R1:3450 R2:0 R3:11 R4:72400 R5:4716 R6:7772 R7:3422
[LOG_TRACE] 003422 160104: sub R1, R4
[LOG_TRACE] R0:3420 R1:3450 R2:0 R3:11 R4:66730 R5:4716 R6:7772 R7:3424
[LOG_TRACE] 003424 100000: bpl 003426
[LOG_TRACE] R0:3420 R1:3450 R2:0 R3:11 R4:66730 R5:4716 R6:7772 R7:3426
[LOG_TRACE] 003426 000100: jmp R0
[LOG_TRACE] R0:3420 R1:3450 R2:0 R3:11 R4:66730 R5:4716 R6:7772 R7:3420
[LOG_TRACE] 003420 041415: bic (R4), (R5)
[LOG_TRACE] R0:3420 R1:3450 R2:0 R3:11 R4:66730 R5:4716 R6:7772 R7:3422
[LOG_TRACE] 003422 160104: sub R1, R4
[LOG_TRACE] R0:3420 R1:3450 R2:0 R3:11 R4:63260 R5:4716 R6:7772 R7:3424
[LOG_TRACE] 003424 100000: bpl 003426
[LOG_TRACE] R0:3420 R1:3450 R2:0 R3:11 R4:63260 R5:4716 R6:7772 R7:3426
[LOG_TRACE] 003426 000100: jmp R0
[LOG_TRACE] R0:3420 R1:3450 R2:0 R3:11 R4:63260 R5:4716 R6:7772 R7:3420
[LOG_TRACE] 003420 041415: bic (R4), (R5)
[LOG_TRACE] R0:3420 R1:3450 R2:0 R3:11 R4:63260 R5:4716 R6:7772 R7:3422
[LOG_TRACE] 003422 160104: sub R1, R4
[LOG_TRACE] R0:3420 R1:3450 R2:0 R3:11 R4:57610 R5:4716 R6:7772 R7:3424
[LOG_TRACE] 003424 100000: bpl 003426
[LOG_TRACE] R0:3420 R1:3450 R2:0 R3:11 R4:57610 R5:4716 R6:7772 R7:3426
[LOG_TRACE] 003426 000100: jmp R0
[LOG_TRACE] R0:3420 R1:3450 R2:0 R3:11 R4:57610 R5:4716 R6:7772 R7:3420
[LOG_TRACE] 003420 041415: bic (R4), (R5)
[LOG_TRACE] R0:3420 R1:3450 R2:0 R3:11 R4:57610 R5:4716 R6:7772 R7:3422
[LOG_TRACE] 003422 160104: sub R1, R4
[LOG_TRACE] R0:3420 R1:3450 R2:0 R3:11 R4:54140 R5:4716 R6:7772 R7:3424
[LOG_TRACE] 003424 100000: bpl 003426
[LOG_TRACE] R0:3420 R1:3450 R2:0 R3:11 R4:54140 R5:4716 R6:7772 R7:3426
[LOG_TRACE] 003426 000100: jmp R0
[LOG_TRACE] R0:3420 R1:3450 R2:0 R3:11 R4:54140 R5:4716 R6:7772 R7:3420
[LOG_TRACE] 003420 041415: bic (R4), (R5)
[LOG_TRACE] R0:3420 R1:3450 R2:0 R3:11 R4:54140 R5:4716 R6:7772 R7:3422
[LOG_TRACE] 003422 160104: sub R1, R4
[LOG_TRACE] R0:3420 R1:3450 R2:0 R3:11 R4:50470 R5:4716 R6:7772 R7:3424
[LOG_TRACE] 003424 100000: bpl 003426
[LOG_TRACE] R0:3420 R1:3450 R2:0 R3:11 R4:50470 R5:4716 R6:7772 R7:3426
[LOG_TRACE] 003426 000100: jmp R0
[LOG_TRACE] R0:3420 R1:3450 R2:0 R3:11 R4:50470 R5:4716 R6:7772 R7:3420
[LOG_TRACE] 003420 041415: bic (R4), (R5)
[LOG_TRACE] R0:3420 R1:3450 R2:0 R3:11 R4:50470 R5:4716 R6:7772 R7:3422
[LOG_TRACE] 003422 160104: sub R1, R4
[LOG_TRACE] R0:3420 R1:3450 R2:0 R3:11 R4:45020 R5:4716 R6:7772 R7:3424
[LOG_TRACE] 003424 100000: bpl 003426
[LOG_TRACE] R0:3420 R1:3450 R2:0 R3:11 R4:45020 R5:4716 R6:7772 R7:3426
[LOG_TRACE] 003426 000100: jmp R0
[LOG_TRACE] R0:3420 R1:3450 R2:0 R3:11 R4:45020 R5:4716 R6:7772 R7:3420
[LOG_TRACE] 003420 041415: bic (R4), (R5)
[LOG_TRACE] R0:3420 R1:3450 R2:0 R3:11 R4:45020 R5:4716 R6:7772 R7:3422
[LOG_TRACE] 003422 160104: sub R1, R4
[LOG_TRACE] R0:3420 R1:3450 R2:0 R3:11 R4:41350 R5:4716 R6:7772 R7:3424
[LOG_TRACE] 003424 100000: bpl 003426
[LOG_TRACE] R0:3420 R1:3450 R2:0 R3:11 R4:41350 R5:4716 R6:7772 R7:3426
[LOG_TRACE] 003426 000100: jmp R0
[LOG_TRACE] R0:3420 R1:3450 R2:0 R3:11 R4:41350 R5:4716 R6:7772 R7:3420
[LOG_TRACE] 003420 041415: bic (R4), (R5)
[LOG_TRACE] R0:3420 R1:3450 R2:0 R3:11 R4:41350 R5:4716 R6:7772 R7:3422
[LOG_TRACE] 003422 160104: sub R1, R4
[LOG_TRACE] R0:3420 R1:3450 R2:0 R3:11 R4:35700 R5:4716 R6:7772 R7:3424
[LOG_TRACE] 003424 100000: bpl 003426
[LOG_TRACE] R0:3420 R1:3450 R2:0 R3:11 R4:35700 R5:4716 R6:7772 R7:3426
[LOG_TRACE] 003426 000100: jmp R0
[LOG_TRACE] R0:3420 R1:3450 R2:0 R3:11 R4:35700 R5:4716 R6:7772 R7:3420
[LOG_TRACE] 003420 041415: bic (R4), (R5)
[LOG_TRACE] R0:3420 R1:3450 R2:0 R3:11 R4:35700 R5:4716 R6:7772 R7:3422
[LOG_TRACE] 003422 160104: sub R1, R4
[LOG_TRACE] R0:3420 R1:3450 R2:0 R3:11 R4:32230 R5:4716 R6:7772 R7:3424
[LOG_TRACE] 003424 100000: bpl 003426
[LOG_TRACE] R0:3420 R1:3450 R2:0 R3:11 R4:32230 R5:4716 R6:7772 R7:3426
[LOG_TRACE] 003426 000100: jmp R0
[LOG_TRACE] R0:3420 R1:3450 R2:0 R3:11 R4:32230 R5:4716 R6:7772 R7:3420
[LOG_TRACE] 003420 041415: bic (R4), (R5)
[LOG_TRACE] R0:3420 R1:3450 R2:0 R3:11 R4:32230 R5:4716 R6:7772 R7:3422
[LOG_TRACE] 003422 160104: sub R1, R4
[LOG_TRACE] R0:3420 R1:3450 R2:0 R3:11 R4:26560 R5:4716 R6:7772 R7:3424
[LOG_TRACE] 003424 100000: bpl 003426
[LOG_TRACE] R0:3420 R1:3450 R2:0 R3:11 R4:26560 R5:4716 R6:7772 R7:3426
[LOG_TRACE] 003426 000100: jmp R0
[LOG_TRACE] R0:3420 R1:3450 R2:0 R3:11 R4:26560 R5:4716 R6:7772 R7:3420
[LOG_TRACE] 003420 041415: bic (R4), (R5)
[LOG_TRACE] R0:3420 R1:3450 R2:0 R3:11 R4:26560 R5:4716 R6:7772 R7:3422
[LOG_TRACE] 003422 160104: sub R1, R4
[LOG_TRACE] R0:3420 R1:3450 R2:0 R3:11 R4:23110 R5:4716 R6:7772 R7:3424
[LOG_TRACE] 003424 100000: bpl 003426
[LOG_TRACE] R0:3420 R1:3450 R2:0 R3:11 R4:23110 R5:4716 R6:7772 R7:3426
[LOG_TRACE] 003426 000100: jmp R0
[LOG_TRACE] R0:3420 R1:3450 R2:0 R3:11 R4:23110 R5:4716 R6:7772 R7:3420
[LOG_TRACE] 003420 041415: bic (R4), (R5)
[LOG_TRACE] R0:3420 R1:3450 R2:0 R3:11 R4:23110 R5:4716 R6:7772 R7:3422
[LOG_TRACE] 003422 160104: sub R1, R4
[LOG_TRACE] R0:3420 R1:3450 R2:0 R3:11 R4:17440 R5:4716 R6:7772 R7:3424
[LOG_TRACE] 003424 100000: bpl 003426
[LOG_TRACE] R0:3420 R1:3450 R2:0 R3:11 R4:17440 R5:4716 R6:7772 R7:3426
[LOG_TRACE] 003426 000100: jmp R0
[LOG_TRACE] R0:3420 R1:3450 R2:0 R3:11 R4:17440 R5:4716 R6:7772 R7:3420
[LOG_TRACE] 003420 041415: bic (R4), (R5)
[LOG_TRACE] R0:3420 R1:3450 R2:0 R3:11 R4:17440 R5:4716 R6:7772 R7:3422
[LOG_TRACE] 003422 160104: sub R1, R4
[LOG_TRACE] R0:3420 R1:3450 R2:0 R3:11 R4:13770 R5:4716 R6:7772 R7:3424
[LOG_TRACE] 003424 100000: bpl 003426
[LOG_TRACE] R0:3420 R1:3450 R2:0 R3:11 R4:13770 R5:4716 R6:7772 R7:3426
[LOG_TRACE] 003426 000100: jmp R0
[LOG_TRACE] R0:3420 R1:3450 R2:0 R3:11 R4:13770 R5:4716 R6:7772 R7:3420
[LOG_TRACE] 003420 041415: bic (R4), (R5)
[LOG_TRACE] R0:3420 R1:3450 R2:0 R3:11 R4:13770 R5:4716 R6:7772 R7:3422
[LOG_TRACE] 003422 160104: sub R1, R4
[LOG_TRACE] R0:3420 R1:3450 R2:0 R3:11 R4:10320 R5:4716 R6:7772 R7:3424
[LOG_TRACE] 003424 100000: bpl 003426
[LOG_TRACE] R0:3420 R1:3450 R2:0 R3:11 R4:10320 R5:4716 R6:7772 R7:3426
[LOG_TRACE] 003426 000100: jmp R0
[LOG_TRACE] R0:3420 R1:3450 R2:0 R3:11 R4:10320 R5:4716 R6:7772 R7:3420
[LOG_TRACE] 003420 041415: bic (R4), (R5)
[LOG_TRACE] R0:3420 R1:3450 R2:0 R3:11 R4:10320 R5:4716 R6:7772 R7:3422
[LOG_TRACE] 003422 160104: sub R1, R4
[LOG_TRACE] R0:3420 R1:3450 R2:0 R3:11 R4:4650 R5:4716 R6:7772 R7:3424
[LOG_TRACE] 003424 100000: bpl 003426
[LOG_TRACE] R0:3420 R1:3450 R2:0 R3:11 R4:4650 R5:4716 R6:7772 R7:3426
[LOG_TRACE] 003426 000100: jmp R0
[LOG_TRACE] R0:3420 R1:3450 R2:0 R3:11 R4:4650 R5:4716 R6:7772 R7:3420
[LOG_TRACE] 003420 041415: bic (R4), (R5)
[LOG_TRACE] R0:3420 R1:3450 R2:0 R3:11 R4:4650 R5:4716 R6:7772 R7:3422
[LOG_TRACE] 003422 160104: sub R1, R4
[LOG_TRACE] R0:3420 R1:3450 R2:0 R3:11 R4:1200 R5:4716 R6:7772 R7:3424
[LOG_TRACE] 003424 100000: bpl 003426
[LOG_TRACE] R0:3420 R1:3450 R2:0 R3:11 R4:1200 R5:4716 R6:7772 R7:3426
[LOG_TRACE] 003426 000100: jmp R0
[LOG_TRACE] R0:3420 R1:3450 R2:0 R3:11 R4:1200 R5:4716 R6:7772 R7:3420
[LOG_TRACE] 003420 041415: bic (R4), (R5)
[LOG_TRACE] R0:3420 R1:3450 R2:0 R3:11 R4:1200 R5:4716 R6:7772 R7:3422
[LOG_TRACE] 003422 160104: sub R1, R4
[LOG_TRACE] R0:3420 R1:3450 R2:0 R3:11 R4:175530 R5:4716 R6:7772 R7:3424
[LOG_TRACE] 003424 100000: bpl 003426
[LOG_TRACE] R0:3420 R1:3450 R2:0 R3:11 R4:175530 R5:4716 R6:7772 R7:3426
[LOG_TRACE] 003426 000100: jmp R0
[LOG_TRACE] R0:3420 R1:3450 R2:0 R3:11 R4:175530 R5:4716 R6:7772 R7:3420
[LOG_TRACE] >>> BUS ERROR TRAP: Saving context and branching to Vector 4...
[LOG_TRACE] 003172 005011: clr (R1)
[LOG_TRACE] R0:3420 R1:3450 R2:0 R3:11 R4:175530 R5:4716 R6:7766 R7:3174
[LOG_TRACE] 003174 000002: rti (R4), (R1)
[LOG_TRACE] >>> RTI: Returned from interrupt. Restored PC: 003422
[LOG_TRACE] R0:3420 R1:3450 R2:0 R3:11 R4:175530 R5:4716 R6:7772 R7:3422
[LOG_TRACE] 003422 160104: sub R1, R4
[LOG_TRACE] R0:3420 R1:3450 R2:0 R3:11 R4:172060 R5:4716 R6:7772 R7:3424
[LOG_TRACE] 003424 100000: bpl 003426
[LOG_TRACE] R0:3420 R1:3450 R2:0 R3:11 R4:172060 R5:4716 R6:7772 R7:3426
[LOG_TRACE] 003426 000100: jmp R0
[LOG_TRACE] R0:3420 R1:3450 R2:0 R3:11 R4:172060 R5:4716 R6:7772 R7:3420
[LOG_TRACE] >>> BUS ERROR TRAP: Saving context and branching to Vector 4...
[LOG_TRACE] 003172 005011: clr (R1)
[LOG_TRACE] R0:3420 R1:3450 R2:0 R3:11 R4:172060 R5:4716 R6:7766 R7:3174
[LOG_TRACE] 003174 000002: rti (R4), (R1)
[LOG_TRACE] >>> RTI: Returned from interrupt. Restored PC: 003422
[LOG_TRACE] R0:3420 R1:3450 R2:0 R3:11 R4:172060 R5:4716 R6:7772 R7:3422
[LOG_TRACE] 003422 160104: sub R1, R4
[LOG_TRACE] R0:3420 R1:3450 R2:0 R3:11 R4:166410 R5:4716 R6:7772 R7:3424
[LOG_TRACE] 003424 100000: bpl 003426
[LOG_TRACE] R0:3420 R1:3450 R2:0 R3:11 R4:166410 R5:4716 R6:7772 R7:3426
[LOG_TRACE] 003426 000100: jmp R0
[LOG_TRACE] R0:3420 R1:3450 R2:0 R3:11 R4:166410 R5:4716 R6:7772 R7:3420
[LOG_TRACE] >>> BUS ERROR TRAP: Saving context and branching to Vector 4...
[LOG_TRACE] 003172 005011: clr (R1)
[LOG_TRACE] R0:3420 R1:3450 R2:0 R3:11 R4:166410 R5:4716 R6:7766 R7:3174
[LOG_TRACE] 003174 000002: rti (R4), (R1)
[LOG_TRACE] >>> RTI: Returned from interrupt. Restored PC: 003422
[LOG_TRACE] R0:3420 R1:3450 R2:0 R3:11 R4:166410 R5:4716 R6:7772 R7:3422
[LOG_TRACE] 003422 160104: sub R1, R4
[LOG_TRACE] R0:3420 R1:3450 R2:0 R3:11 R4:162740 R5:4716 R6:7772 R7:3424
[LOG_TRACE] 003424 100000: bpl 003426
[LOG_TRACE] R0:3420 R1:3450 R2:0 R3:11 R4:162740 R5:4716 R6:7772 R7:3426
[LOG_TRACE] 003426 000100: jmp R0
[LOG_TRACE] R0:3420 R1:3450 R2:0 R3:11 R4:162740 R5:4716 R6:7772 R7:3420
[LOG_TRACE] >>> BUS ERROR TRAP: Saving context and branching to Vector 4...
[LOG_TRACE] 003172 005011: clr (R1)
[LOG_TRACE] R0:3420 R1:3450 R2:0 R3:11 R4:162740 R5:4716 R6:7766 R7:3174
[LOG_TRACE] 003174 000002: rti (R4), (R1)
[LOG_TRACE] >>> RTI: Returned from interrupt. Restored PC: 003422
[LOG_TRACE] R0:3420 R1:3450 R2:0 R3:11 R4:162740 R5:4716 R6:7772 R7:3422
[LOG_TRACE] 003422 160104: sub R1, R4
[LOG_TRACE] R0:3420 R1:3450 R2:0 R3:11 R4:157270 R5:4716 R6:7772 R7:3424
[LOG_TRACE] 003424 100000: bpl 003426
[LOG_TRACE] R0:3420 R1:3450 R2:0 R3:11 R4:157270 R5:4716 R6:7772 R7:3426
[LOG_TRACE] 003426 000100: jmp R0
[LOG_TRACE] R0:3420 R1:3450 R2:0 R3:11 R4:157270 R5:4716 R6:7772 R7:3420
[LOG_TRACE] 003420 041415: bic (R4), (R5)
[LOG_TRACE] R0:3420 R1:3450 R2:0 R3:11 R4:157270 R5:4716 R6:7772 R7:3422
[LOG_TRACE] 003422 160104: sub R1, R4
[LOG_TRACE] R0:3420 R1:3450 R2:0 R3:11 R4:153620 R5:4716 R6:7772 R7:3424
[LOG_TRACE] 003424 100000: bpl 003426
[LOG_TRACE] R0:3420 R1:3450 R2:0 R3:11 R4:153620 R5:4716 R6:7772 R7:3426
[LOG_TRACE] 003426 000100: jmp R0
[LOG_TRACE] R0:3420 R1:3450 R2:0 R3:11 R4:153620 R5:4716 R6:7772 R7:3420
[LOG_TRACE] 003420 041415: bic (R4), (R5)
[LOG_TRACE] R0:3420 R1:3450 R2:0 R3:11 R4:153620 R5:4716 R6:7772 R7:3422
[LOG_TRACE] 003422 160104: sub R1, R4
[LOG_TRACE] R0:3420 R1:3450 R2:0 R3:11 R4:150150 R5:4716 R6:7772 R7:3424
[LOG_TRACE] 003424 100000: bpl 003426
[LOG_TRACE] R0:3420 R1:3450 R2:0 R3:11 R4:150150 R5:4716 R6:7772 R7:3426
[LOG_TRACE] 003426 000100: jmp R0
[LOG_TRACE] R0:3420 R1:3450 R2:0 R3:11 R4:150150 R5:4716 R6:7772 R7:3420
[LOG_TRACE] 003420 041415: bic (R4), (R5)
[LOG_TRACE] R0:3420 R1:3450 R2:0 R3:11 R4:150150 R5:4716 R6:7772 R7:3422
[LOG_TRACE] 003422 160104: sub R1, R4
[LOG_TRACE] R0:3420 R1:3450 R2:0 R3:11 R4:144500 R5:4716 R6:7772 R7:3424
[LOG_TRACE] 003424 100000: bpl 003426
[LOG_TRACE] R0:3420 R1:3450 R2:0 R3:11 R4:144500 R5:4716 R6:7772 R7:3426
[LOG_TRACE] 003426 000100: jmp R0
[LOG_TRACE] R0:3420 R1:3450 R2:0 R3:11 R4:144500 R5:4716 R6:7772 R7:3420
[LOG_TRACE] 003420 041415: bic (R4), (R5)
[LOG_TRACE] R0:3420 R1:3450 R2:0 R3:11 R4:144500 R5:4716 R6:7772 R7:3422
[LOG_TRACE] 003422 160104: sub R1, R4
[LOG_TRACE] R0:3420 R1:3450 R2:0 R3:11 R4:141030 R5:4716 R6:7772 R7:3424
[LOG_TRACE] 003424 100000: bpl 003426
[LOG_TRACE] R0:3420 R1:3450 R2:0 R3:11 R4:141030 R5:4716 R6:7772 R7:3426
[LOG_TRACE] 003426 000100: jmp R0
[LOG_TRACE] R0:3420 R1:3450 R2:0 R3:11 R4:141030 R5:4716 R6:7772 R7:3420
[LOG_TRACE] 003420 041415: bic (R4), (R5)
[LOG_TRACE] R0:3420 R1:3450 R2:0 R3:11 R4:141030 R5:4716 R6:7772 R7:3422
[LOG_TRACE] 003422 160104: sub R1, R4
[LOG_TRACE] R0:3420 R1:3450 R2:0 R3:11 R4:135360 R5:4716 R6:7772 R7:3424
[LOG_TRACE] 003424 100000: bpl 003426
[LOG_TRACE] R0:3420 R1:3450 R2:0 R3:11 R4:135360 R5:4716 R6:7772 R7:3426
[LOG_TRACE] 003426 000100: jmp R0
[LOG_TRACE] R0:3420 R1:3450 R2:0 R3:11 R4:135360 R5:4716 R6:7772 R7:3420
[LOG_TRACE] 003420 041415: bic (R4), (R5)
[LOG_TRACE] R0:3420 R1:3450 R2:0 R3:11 R4:135360 R5:4716 R6:7772 R7:3422
[LOG_TRACE] 003422 160104: sub R1, R4
[LOG_TRACE] R0:3420 R1:3450 R2:0 R3:11 R4:131710 R5:4716 R6:7772 R7:3424
[LOG_TRACE] 003424 100000: bpl 003426
[LOG_TRACE] R0:3420 R1:3450 R2:0 R3:11 R4:131710 R5:4716 R6:7772 R7:3426
[LOG_TRACE] 003426 000100: jmp R0
[LOG_TRACE] R0:3420 R1:3450 R2:0 R3:11 R4:131710 R5:4716 R6:7772 R7:3420
[LOG_TRACE] 003420 041415: bic (R4), (R5)
[LOG_TRACE] R0:3420 R1:3450 R2:0 R3:11 R4:131710 R5:4716 R6:7772 R7:3422
[LOG_TRACE] 003422 160104: sub R1, R4
[LOG_TRACE] R0:3420 R1:3450 R2:0 R3:11 R4:126240 R5:4716 R6:7772 R7:3424
[LOG_TRACE] 003424 100000: bpl 003426
[LOG_TRACE] R0:3420 R1:3450 R2:0 R3:11 R4:126240 R5:4716 R6:7772 R7:3426
[LOG_TRACE] 003426 000100: jmp R0
[LOG_TRACE] R0:3420 R1:3450 R2:0 R3:11 R4:126240 R5:4716 R6:7772 R7:3420
[LOG_TRACE] 003420 041415: bic (R4), (R5)
[LOG_TRACE] R0:3420 R1:3450 R2:0 R3:11 R4:126240 R5:4716 R6:7772 R7:3422
[LOG_TRACE] 003422 160104: sub R1, R4
[LOG_TRACE] R0:3420 R1:3450 R2:0 R3:11 R4:122570 R5:4716 R6:7772 R7:3424
[LOG_TRACE] 003424 100000: bpl 003426
[LOG_TRACE] R0:3420 R1:3450 R2:0 R3:11 R4:122570 R5:4716 R6:7772 R7:3426
[LOG_TRACE] 003426 000100: jmp R0
[LOG_TRACE] R0:3420 R1:3450 R2:0 R3:11 R4:122570 R5:4716 R6:7772 R7:3420
[LOG_TRACE] 003420 041415: bic (R4), (R5)
[LOG_TRACE] R0:3420 R1:3450 R2:0 R3:11 R4:122570 R5:4716 R6:7772 R7:3422
[LOG_TRACE] 003422 160104: sub R1, R4
[LOG_TRACE] R0:3420 R1:3450 R2:0 R3:11 R4:117120 R5:4716 R6:7772 R7:3424
[LOG_TRACE] 003424 100000: bpl 003426
[LOG_TRACE] R0:3420 R1:3450 R2:0 R3:11 R4:117120 R5:4716 R6:7772 R7:3426
[LOG_TRACE] 003426 000100: jmp R0
[LOG_TRACE] R0:3420 R1:3450 R2:0 R3:11 R4:117120 R5:4716 R6:7772 R7:3420
[LOG_TRACE] 003420 041415: bic (R4), (R5)
[LOG_TRACE] R0:3420 R1:3450 R2:0 R3:11 R4:117120 R5:4716 R6:7772 R7:3422
[LOG_TRACE] 003422 160104: sub R1, R4
[LOG_TRACE] R0:3420 R1:3450 R2:0 R3:11 R4:113450 R5:4716 R6:7772 R7:3424
[LOG_TRACE] 003424 100000: bpl 003426
[LOG_TRACE] R0:3420 R1:3450 R2:0 R3:11 R4:113450 R5:4716 R6:7772 R7:3426
[LOG_TRACE] 003426 000100: jmp R0
[LOG_TRACE] R0:3420 R1:3450 R2:0 R3:11 R4:113450 R5:4716 R6:7772 R7:3420
[LOG_TRACE] 003420 041415: bic (R4), (R5)
[LOG_TRACE] R0:3420 R1:3450 R2:0 R3:11 R4:113450 R5:4716 R6:7772 R7:3422
[LOG_TRACE] 003422 160104: sub R1, R4
[LOG_TRACE] R0:3420 R1:3450 R2:0 R3:11 R4:110000 R5:4716 R6:7772 R7:3424
[LOG_TRACE] 003424 100000: bpl 003426
[LOG_TRACE] R0:3420 R1:3450 R2:0 R3:11 R4:110000 R5:4716 R6:7772 R7:3426
[LOG_TRACE] 003426 000100: jmp R0
[LOG_TRACE] R0:3420 R1:3450 R2:0 R3:11 R4:110000 R5:4716 R6:7772 R7:3420
[LOG_TRACE] 003420 041415: bic (R4), (R5)
[LOG_TRACE] R0:3420 R1:3450 R2:0 R3:11 R4:110000 R5:4716 R6:7772 R7:3422
[LOG_TRACE] 003422 160104: sub R1, R4
[LOG_TRACE] R0:3420 R1:3450 R2:0 R3:11 R4:104330 R5:4716 R6:7772 R7:3424
[LOG_TRACE] 003424 100000: bpl 003426
[LOG_TRACE] R0:3420 R1:3450 R2:0 R3:11 R4:104330 R5:4716 R6:7772 R7:3426
[LOG_TRACE] 003426 000100: jmp R0
[LOG_TRACE] R0:3420 R1:3450 R2:0 R3:11 R4:104330 R5:4716 R6:7772 R7:3420
[LOG_TRACE] 003420 041415: bic (R4), (R5)
[LOG_TRACE] R0:3420 R1:3450 R2:0 R3:11 R4:104330 R5:4716 R6:7772 R7:3422
[LOG_TRACE] 003422 160104: sub R1, R4
[LOG_TRACE] R0:3420 R1:3450 R2:0 R3:11 R4:100660 R5:4716 R6:7772 R7:3424
[LOG_TRACE] 003424 100000: bpl 003426
[LOG_TRACE] R0:3420 R1:3450 R2:0 R3:11 R4:100660 R5:4716 R6:7772 R7:3426
[LOG_TRACE] 003426 000100: jmp R0
[LOG_TRACE] R0:3420 R1:3450 R2:0 R3:11 R4:100660 R5:4716 R6:7772 R7:3420
[LOG_TRACE] 003420 041415: bic (R4), (R5)
[LOG_TRACE] R0:3420 R1:3450 R2:0 R3:11 R4:100660 R5:4716 R6:7772 R7:3422
[LOG_TRACE] 003422 160104: sub R1, R4
[LOG_TRACE] R0:3420 R1:3450 R2:0 R3:11 R4:75210 R5:4716 R6:7772 R7:3424
[LOG_TRACE] 003424 100000: bpl 003426
[LOG_TRACE] R0:3420 R1:3450 R2:0 R3:11 R4:75210 R5:4716 R6:7772 R7:3426
[LOG_TRACE] 003426 000100: jmp R0
[LOG_TRACE] R0:3420 R1:3450 R2:0 R3:11 R4:75210 R5:4716 R6:7772 R7:3420
[LOG_TRACE] 003420 041415: bic (R4), (R5)
[LOG_TRACE] R0:3420 R1:3450 R2:0 R3:11 R4:75210 R5:4716 R6:7772 R7:3422
[LOG_TRACE] 003422 160104: sub R1, R4
[LOG_TRACE] R0:3420 R1:3450 R2:0 R3:11 R4:71540 R5:4716 R6:7772 R7:3424
[LOG_TRACE] 003424 100000: bpl 003426
[LOG_TRACE] R0:3420 R1:3450 R2:0 R3:11 R4:71540 R5:4716 R6:7772 R7:3426
[LOG_TRACE] 003426 000100: jmp R0
[LOG_TRACE] R0:3420 R1:3450 R2:0 R3:11 R4:71540 R5:4716 R6:7772 R7:3420
[LOG_TRACE] 003420 041415: bic (R4), (R5)
[LOG_TRACE] R0:3420 R1:3450 R2:0 R3:11 R4:71540 R5:4716 R6:7772 R7:3422
[LOG_TRACE] 003422 160104: sub R1, R4
[LOG_TRACE] R0:3420 R1:3450 R2:0 R3:11 R4:66070 R5:4716 R6:7772 R7:3424
[LOG_TRACE] 003424 100000: bpl 003426
[LOG_TRACE] R0:3420 R1:3450 R2:0 R3:11 R4:66070 R5:4716 R6:7772 R7:3426
[LOG_TRACE] 003426 000100: jmp R0
[LOG_TRACE] R0:3420 R1:3450 R2:0 R3:11 R4:66070 R5:4716 R6:7772 R7:3420
[LOG_TRACE] 003420 041415: bic (R4), (R5)
[LOG_TRACE] R0:3420 R1:3450 R2:0 R3:11 R4:66070 R5:4716 R6:7772 R7:3422
[LOG_TRACE] 003422 160104: sub R1, R4
[LOG_TRACE] R0:3420 R1:3450 R2:0 R3:11 R4:62420 R5:4716 R6:7772 R7:3424
[LOG_TRACE] 003424 100000: bpl 003426
[LOG_TRACE] R0:3420 R1:3450 R2:0 R3:11 R4:62420 R5:4716 R6:7772 R7:3426
[LOG_TRACE] 003426 000100: jmp R0
[LOG_TRACE] R0:3420 R1:3450 R2:0 R3:11 R4:62420 R5:4716 R6:7772 R7:3420
[LOG_TRACE] 003420 041415: bic (R4), (R5)
[LOG_TRACE] R0:3420 R1:3450 R2:0 R3:11 R4:62420 R5:4716 R6:7772 R7:3422
[LOG_TRACE] 003422 160104: sub R1, R4
[LOG_TRACE] R0:3420 R1:3450 R2:0 R3:11 R4:56750 R5:4716 R6:7772 R7:3424
[LOG_TRACE] 003424 100000: bpl 003426
[LOG_TRACE] R0:3420 R1:3450 R2:0 R3:11 R4:56750 R5:4716 R6:7772 R7:3426
[LOG_TRACE] 003426 000100: jmp R0
[LOG_TRACE] R0:3420 R1:3450 R2:0 R3:11 R4:56750 R5:4716 R6:7772 R7:3420
[LOG_TRACE] 003420 041415: bic (R4), (R5)
[LOG_TRACE] R0:3420 R1:3450 R2:0 R3:11 R4:56750 R5:4716 R6:7772 R7:3422
[LOG_TRACE] 003422 160104: sub R1, R4
[LOG_TRACE] R0:3420 R1:3450 R2:0 R3:11 R4:53300 R5:4716 R6:7772 R7:3424
[LOG_TRACE] 003424 100000: bpl 003426
[LOG_TRACE] R0:3420 R1:3450 R2:0 R3:11 R4:53300 R5:4716 R6:7772 R7:3426
[LOG_TRACE] 003426 000100: jmp R0
[LOG_TRACE] R0:3420 R1:3450 R2:0 R3:11 R4:53300 R5:4716 R6:7772 R7:3420
[LOG_TRACE] 003420 041415: bic (R4), (R5)
[LOG_TRACE] R0:3420 R1:3450 R2:0 R3:11 R4:53300 R5:4716 R6:7772 R7:3422
[LOG_TRACE] 003422 160104: sub R1, R4
[LOG_TRACE] R0:3420 R1:3450 R2:0 R3:11 R4:47630 R5:4716 R6:7772 R7:3424
[LOG_TRACE] 003424 100000: bpl 003426
[LOG_TRACE] R0:3420 R1:3450 R2:0 R3:11 R4:47630 R5:4716 R6:7772 R7:3426
[LOG_TRACE] 003426 000100: jmp R0
[LOG_TRACE] R0:3420 R1:3450 R2:0 R3:11 R4:47630 R5:4716 R6:7772 R7:3420
[LOG_TRACE] 003420 041415: bic (R4), (R5)
[LOG_TRACE] R0:3420 R1:3450 R2:0 R3:11 R4:47630 R5:4716 R6:7772 R7:3422
[LOG_TRACE] 003422 160104: sub R1, R4
[LOG_TRACE] R0:3420 R1:3450 R2:0 R3:11 R4:44160 R5:4716 R6:7772 R7:3424
[LOG_TRACE] 003424 100000: bpl 003426
[LOG_TRACE] R0:3420 R1:3450 R2:0 R3:11 R4:44160 R5:4716 R6:7772 R7:3426
[LOG_TRACE] 003426 000100: jmp R0
[LOG_TRACE] R0:3420 R1:3450 R2:0 R3:11 R4:44160 R5:4716 R6:7772 R7:3420
[LOG_TRACE] 003420 041415: bic (R4), (R5)
[LOG_TRACE] R0:3420 R1:3450 R2:0 R3:11 R4:44160 R5:4716 R6:7772 R7:3422
[LOG_TRACE] 003422 160104: sub R1, R4
[LOG_TRACE] R0:3420 R1:3450 R2:0 R3:11 R4:40510 R5:4716 R6:7772 R7:3424
[LOG_TRACE] 003424 100000: bpl 003426
[LOG_TRACE] R0:3420 R1:3450 R2:0 R3:11 R4:40510 R5:4716 R6:7772 R7:3426
[LOG_TRACE] 003426 000100: jmp R0
[LOG_TRACE] R0:3420 R1:3450 R2:0 R3:11 R4:40510 R5:4716 R6:7772 R7:3420
[LOG_TRACE] 003420 041415: bic (R4), (R5)
[LOG_TRACE] R0:3420 R1:3450 R2:0 R3:11 R4:40510 R5:4716 R6:7772 R7:3422
[LOG_TRACE] 003422 160104: sub R1, R4
[LOG_TRACE] R0:3420 R1:3450 R2:0 R3:11 R4:35040 R5:4716 R6:7772 R7:3424
[LOG_TRACE] 003424 100000: bpl 003426
[LOG_TRACE] R0:3420 R1:3450 R2:0 R3:11 R4:35040 R5:4716 R6:7772 R7:3426
[LOG_TRACE] 003426 000100: jmp R0
[LOG_TRACE] R0:3420 R1:3450 R2:0 R3:11 R4:35040 R5:4716 R6:7772 R7:3420
[LOG_TRACE] 003420 041415: bic (R4), (R5)
[LOG_TRACE] R0:3420 R1:3450 R2:0 R3:11 R4:35040 R5:4716 R6:7772 R7:3422
[LOG_TRACE] 003422 160104: sub R1, R4
[LOG_TRACE] R0:3420 R1:3450 R2:0 R3:11 R4:31370 R5:4716 R6:7772 R7:3424
[LOG_TRACE] 003424 100000: bpl 003426
[LOG_TRACE] R0:3420 R1:3450 R2:0 R3:11 R4:31370 R5:4716 R6:7772 R7:3426
[LOG_TRACE] 003426 000100: jmp R0
[LOG_TRACE] R0:3420 R1:3450 R2:0 R3:11 R4:31370 R5:4716 R6:7772 R7:3420
[LOG_TRACE] 003420 041415: bic (R4), (R5)
[LOG_TRACE] R0:3420 R1:3450 R2:0 R3:11 R4:31370 R5:4716 R6:7772 R7:3422
[LOG_TRACE] 003422 160104: sub R1, R4
[LOG_TRACE] R0:3420 R1:3450 R2:0 R3:11 R4:25720 R5:4716 R6:7772 R7:3424
[LOG_TRACE] 003424 100000: bpl 003426
[LOG_TRACE] R0:3420 R1:3450 R2:0 R3:11 R4:25720 R5:4716 R6:7772 R7:3426
[LOG_TRACE] 003426 000100: jmp R0
[LOG_TRACE] R0:3420 R1:3450 R2:0 R3:11 R4:25720 R5:4716 R6:7772 R7:3420
[LOG_TRACE] 003420 041415: bic (R4), (R5)
[LOG_TRACE] R0:3420 R1:3450 R2:0 R3:11 R4:25720 R5:4716 R6:7772 R7:3422
[LOG_TRACE] 003422 160104: sub R1, R4
[LOG_TRACE] R0:3420 R1:3450 R2:0 R3:11 R4:22250 R5:4716 R6:7772 R7:3424
[LOG_TRACE] 003424 100000: bpl 003426
[LOG_TRACE] R0:3420 R1:3450 R2:0 R3:11 R4:22250 R5:4716 R6:7772 R7:3426
[LOG_TRACE] 003426 000100: jmp R0
[LOG_TRACE] R0:3420 R1:3450 R2:0 R3:11 R4:22250 R5:4716 R6:7772 R7:3420
[LOG_TRACE] 003420 041415: bic (R4), (R5)
[LOG_TRACE] R0:3420 R1:3450 R2:0 R3:11 R4:22250 R5:4716 R6:7772 R7:3422
[LOG_TRACE] 003422 160104: sub R1, R4
[LOG_TRACE] R0:3420 R1:3450 R2:0 R3:11 R4:16600 R5:4716 R6:7772 R7:3424
[LOG_TRACE] 003424 100000: bpl 003426
[LOG_TRACE] R0:3420 R1:3450 R2:0 R3:11 R4:16600 R5:4716 R6:7772 R7:3426
[LOG_TRACE] 003426 000100: jmp R0
[LOG_TRACE] R0:3420 R1:3450 R2:0 R3:11 R4:16600 R5:4716 R6:7772 R7:3420
[LOG_TRACE] 003420 041415: bic (R4), (R5)
[LOG_TRACE] R0:3420 R1:3450 R2:0 R3:11 R4:16600 R5:4716 R6:7772 R7:3422
[LOG_TRACE] 003422 160104: sub R1, R4
[LOG_TRACE] R0:3420 R1:3450 R2:0 R3:11 R4:13130 R5:4716 R6:7772 R7:3424
[LOG_TRACE] 003424 100000: bpl 003426
[LOG_TRACE] R0:3420 R1:3450 R2:0 R3:11 R4:13130 R5:4716 R6:7772 R7:3426
[LOG_TRACE] 003426 000100: jmp R0
[LOG_TRACE] R0:3420 R1:3450 R2:0 R3:11 R4:13130 R5:4716 R6:7772 R7:3420
[LOG_TRACE] 003420 041415: bic (R4), (R5)
[LOG_TRACE] R0:3420 R1:3450 R2:0 R3:11 R4:13130 R5:4716 R6:7772 R7:3422
[LOG_TRACE] 003422 160104: sub R1, R4
[LOG_TRACE] R0:3420 R1:3450 R2:0 R3:11 R4:7460 R5:4716 R6:7772 R7:3424
[LOG_TRACE] 003424 100000: bpl 003426
[LOG_TRACE] R0:3420 R1:3450 R2:0 R3:11 R4:7460 R5:4716 R6:7772 R7:3426
[LOG_TRACE] 003426 000100: jmp R0
[LOG_TRACE] R0:3420 R1:3450 R2:0 R3:11 R4:7460 R5:4716 R6:7772 R7:3420
[LOG_TRACE] 003420 041415: bic (R4), (R5)
[LOG_TRACE] R0:3420 R1:3450 R2:0 R3:11 R4:7460 R5:4716 R6:7772 R7:3422
[LOG_TRACE] 003422 160104: sub R1, R4
[LOG_TRACE] R0:3420 R1:3450 R2:0 R3:11 R4:4010 R5:4716 R6:7772 R7:3424
[LOG_TRACE] 003424 100000: bpl 003426
[LOG_TRACE] R0:3420 R1:3450 R2:0 R3:11 R4:4010 R5:4716 R6:7772 R7:3426
[LOG_TRACE] 003426 000100: jmp R0
[LOG_TRACE] R0:3420 R1:3450 R2:0 R3:11 R4:4010 R5:4716 R6:7772 R7:3420
[LOG_TRACE] 003420 041415: bic (R4), (R5)
[LOG_TRACE] R0:3420 R1:3450 R2:0 R3:11 R4:4010 R5:4716 R6:7772 R7:3422
[LOG_TRACE] 003422 160104: sub R1, R4
[LOG_TRACE] R0:3420 R1:3450 R2:0 R3:11 R4:340 R5:4716 R6:7772 R7:3424
[LOG_TRACE] 003424 100000: bpl 003426
[LOG_TRACE] R0:3420 R1:3450 R2:0 R3:11 R4:340 R5:4716 R6:7772 R7:3426
[LOG_TRACE] 003426 000100: jmp R0
[LOG_TRACE] R0:3420 R1:3450 R2:0 R3:11 R4:340 R5:4716 R6:7772 R7:3420
[LOG_TRACE] 003420 041415: bic (R4), (R5)
[LOG_TRACE] R0:3420 R1:3450 R2:0 R3:11 R4:340 R5:4716 R6:7772 R7:3422
[LOG_TRACE] 003422 160104: sub R1, R4
[LOG_TRACE] R0:3420 R1:3450 R2:0 R3:11 R4:174670 R5:4716 R6:7772 R7:3424
[LOG_TRACE] 003424 100000: bpl 003426
[LOG_TRACE] R0:3420 R1:3450 R2:0 R3:11 R4:174670 R5:4716 R6:7772 R7:3426
[LOG_TRACE] 003426 000100: jmp R0
[LOG_TRACE] R0:3420 R1:3450 R2:0 R3:11 R4:174670 R5:4716 R6:7772 R7:3420
[LOG_TRACE] >>> BUS ERROR TRAP: Saving context and branching to Vector 4...
[LOG_TRACE] 003172 005011: clr (R1)
[LOG_TRACE] R0:3420 R1:3450 R2:0 R3:11 R4:174670 R5:4716 R6:7766 R7:3174
[LOG_TRACE] 003174 000002: rti (R4), (R1)
[LOG_TRACE] >>> RTI: Returned from interrupt. Restored PC: 003422
[LOG_TRACE] R0:3420 R1:3450 R2:0 R3:11 R4:174670 R5:4716 R6:7772 R7:3422
[LOG_TRACE] 003422 160104: sub R1, R4
[LOG_TRACE] R0:3420 R1:3450 R2:0 R3:11 R4:171220 R5:4716 R6:7772 R7:3424
[LOG_TRACE] 003424 100000: bpl 003426
[LOG_TRACE] R0:3420 R1:3450 R2:0 R3:11 R4:171220 R5:4716 R6:7772 R7:3426
[LOG_TRACE] 003426 000100: jmp R0
[LOG_TRACE] R0:3420 R1:3450 R2:0 R3:11 R4:171220 R5:4716 R6:7772 R7:3420
[LOG_TRACE] >>> BUS ERROR TRAP: Saving context and branching to Vector 4...
[LOG_TRACE] 003172 005011: clr (R1)
[LOG_TRACE] R0:3420 R1:3450 R2:0 R3:11 R4:171220 R5:4716 R6:7766 R7:3174
[LOG_TRACE] 003174 000002: rti (R4), (R1)
[LOG_TRACE] >>> RTI: Returned from interrupt. Restored PC: 003422
[LOG_TRACE] R0:3420 R1:3450 R2:0 R3:11 R4:171220 R5:4716 R6:7772 R7:3422
[LOG_TRACE] 003422 160104: sub R1, R4
[LOG_TRACE] R0:3420 R1:3450 R2:0 R3:11 R4:165550 R5:4716 R6:7772 R7:3424
[LOG_TRACE] 003424 100000: bpl 003426
[LOG_TRACE] R0:3420 R1:3450 R2:0 R3:11 R4:165550 R5:4716 R6:7772 R7:3426
[LOG_TRACE] 003426 000100: jmp R0
[LOG_TRACE] R0:3420 R1:3450 R2:0 R3:11 R4:165550 R5:4716 R6:7772 R7:3420
[LOG_TRACE] >>> BUS ERROR TRAP: Saving context and branching to Vector 4...
[LOG_TRACE] 003172 005011: clr (R1)
[LOG_TRACE] R0:3420 R1:3450 R2:0 R3:11 R4:165550 R5:4716 R6:7766 R7:3174
[LOG_TRACE] 003174 000002: rti (R4), (R1)
[LOG_TRACE] >>> RTI: Returned from interrupt. Restored PC: 003422
[LOG_TRACE] R0:3420 R1:3450 R2:0 R3:11 R4:165550 R5:4716 R6:7772 R7:3422
[LOG_TRACE] 003422 160104: sub R1, R4
[LOG_TRACE] R0:3420 R1:3450 R2:0 R3:11 R4:162100 R5:4716 R6:7772 R7:3424
[LOG_TRACE] 003424 100000: bpl 003426
[LOG_TRACE] R0:3420 R1:3450 R2:0 R3:11 R4:162100 R5:4716 R6:7772 R7:3426
[LOG_TRACE] 003426 000100: jmp R0
[LOG_TRACE] R0:3420 R1:3450 R2:0 R3:11 R4:162100 R5:4716 R6:7772 R7:3420
[LOG_TRACE] >>> BUS ERROR TRAP: Saving context and branching to Vector 4...
[LOG_TRACE] 003172 005011: clr (R1)
[LOG_TRACE] R0:3420 R1:3450 R2:0 R3:11 R4:162100 R5:4716 R6:7766 R7:3174
[LOG_TRACE] 003174 000002: rti (R4), (R1)
[LOG_TRACE] >>> RTI: Returned from interrupt. Restored PC: 003422
[LOG_TRACE] R0:3420 R1:3450 R2:0 R3:11 R4:162100 R5:4716 R6:7772 R7:3422
[LOG_TRACE] 003422 160104: sub R1, R4
[LOG_TRACE] R0:3420 R1:3450 R2:0 R3:11 R4:156430 R5:4716 R6:7772 R7:3424
[LOG_TRACE] 003424 100000: bpl 003426
[LOG_TRACE] R0:3420 R1:3450 R2:0 R3:11 R4:156430 R5:4716 R6:7772 R7:3426
[LOG_TRACE] 003426 000100: jmp R0
[LOG_TRACE] R0:3420 R1:3450 R2:0 R3:11 R4:156430 R5:4716 R6:7772 R7:3420
[LOG_TRACE] 003420 041415: bic (R4), (R5)
[LOG_TRACE] R0:3420 R1:3450 R2:0 R3:11 R4:156430 R5:4716 R6:7772 R7:3422
[LOG_TRACE] 003422 160104: sub R1, R4
[LOG_TRACE] R0:3420 R1:3450 R2:0 R3:11 R4:152760 R5:4716 R6:7772 R7:3424
[LOG_TRACE] 003424 100000: bpl 003426
[LOG_TRACE] R0:3420 R1:3450 R2:0 R3:11 R4:152760 R5:4716 R6:7772 R7:3426
[LOG_TRACE] 003426 000100: jmp R0
[LOG_TRACE] R0:3420 R1:3450 R2:0 R3:11 R4:152760 R5:4716 R6:7772 R7:3420
[LOG_TRACE] 003420 041415: bic (R4), (R5)
[LOG_TRACE] R0:3420 R1:3450 R2:0 R3:11 R4:152760 R5:4716 R6:7772 R7:3422
[LOG_TRACE] 003422 160104: sub R1, R4
[LOG_TRACE] R0:3420 R1:3450 R2:0 R3:11 R4:147310 R5:4716 R6:7772 R7:3424
[LOG_TRACE] 003424 100000: bpl 003426
[LOG_TRACE] R0:3420 R1:3450 R2:0 R3:11 R4:147310 R5:4716 R6:7772 R7:3426
[LOG_TRACE] 003426 000100: jmp R0
[LOG_TRACE] R0:3420 R1:3450 R2:0 R3:11 R4:147310 R5:4716 R6:7772 R7:3420
[LOG_TRACE] 003420 041415: bic (R4), (R5)
[LOG_TRACE] R0:3420 R1:3450 R2:0 R3:11 R4:147310 R5:4716 R6:7772 R7:3422
[LOG_TRACE] 003422 160104: sub R1, R4
[LOG_TRACE] R0:3420 R1:3450 R2:0 R3:11 R4:143640 R5:4716 R6:7772 R7:3424
[LOG_TRACE] 003424 100000: bpl 003426
[LOG_TRACE] R0:3420 R1:3450 R2:0 R3:11 R4:143640 R5:4716 R6:7772 R7:3426
[LOG_TRACE] 003426 000100: jmp R0
[LOG_TRACE] R0:3420 R1:3450 R2:0 R3:11 R4:143640 R5:4716 R6:7772 R7:3420
[LOG_TRACE] 003420 041415: bic (R4), (R5)
[LOG_TRACE] R0:3420 R1:3450 R2:0 R3:11 R4:143640 R5:4716 R6:7772 R7:3422
[LOG_TRACE] 003422 160104: sub R1, R4
[LOG_TRACE] R0:3420 R1:3450 R2:0 R3:11 R4:140170 R5:4716 R6:7772 R7:3424
[LOG_TRACE] 003424 100000: bpl 003426
[LOG_TRACE] R0:3420 R1:3450 R2:0 R3:11 R4:140170 R5:4716 R6:7772 R7:3426
[LOG_TRACE] 003426 000100: jmp R0
[LOG_TRACE] R0:3420 R1:3450 R2:0 R3:11 R4:140170 R5:4716 R6:7772 R7:3420
[LOG_TRACE] 003420 041415: bic (R4), (R5)
[LOG_TRACE] R0:3420 R1:3450 R2:0 R3:11 R4:140170 R5:4716 R6:7772 R7:3422
[LOG_TRACE] 003422 160104: sub R1, R4
[LOG_TRACE] R0:3420 R1:3450 R2:0 R3:11 R4:134520 R5:4716 R6:7772 R7:3424
[LOG_TRACE] 003424 100000: bpl 003426
[LOG_TRACE] R0:3420 R1:3450 R2:0 R3:11 R4:134520 R5:4716 R6:7772 R7:3426
[LOG_TRACE] 003426 000100: jmp R0
[LOG_TRACE] R0:3420 R1:3450 R2:0 R3:11 R4:134520 R5:4716 R6:7772 R7:3420
[LOG_TRACE] 003420 041415: bic (R4), (R5)
[LOG_TRACE] R0:3420 R1:3450 R2:0 R3:11 R4:134520 R5:4716 R6:7772 R7:3422
[LOG_TRACE] 003422 160104: sub R1, R4
[LOG_TRACE] R0:3420 R1:3450 R2:0 R3:11 R4:131050 R5:4716 R6:7772 R7:3424
[LOG_TRACE] 003424 100000: bpl 003426
[LOG_TRACE] R0:3420 R1:3450 R2:0 R3:11 R4:131050 R5:4716 R6:7772 R7:3426
[LOG_TRACE] 003426 000100: jmp R0
[LOG_TRACE] R0:3420 R1:3450 R2:0 R3:11 R4:131050 R5:4716 R6:7772 R7:3420
[LOG_TRACE] 003420 041415: bic (R4), (R5)
[LOG_TRACE] R0:3420 R1:3450 R2:0 R3:11 R4:131050 R5:4716 R6:7772 R7:3422
[LOG_TRACE] 003422 160104: sub R1, R4
[LOG_TRACE] R0:3420 R1:3450 R2:0 R3:11 R4:125400 R5:4716 R6:7772 R7:3424
[LOG_TRACE] 003424 100000: bpl 003426
[LOG_TRACE] R0:3420 R1:3450 R2:0 R3:11 R4:125400 R5:4716 R6:7772 R7:3426
[LOG_TRACE] 003426 000100: jmp R0
[LOG_TRACE] R0:3420 R1:3450 R2:0 R3:11 R4:125400 R5:4716 R6:7772 R7:3420
[LOG_TRACE] 003420 041415: bic (R4), (R5)
[LOG_TRACE] R0:3420 R1:3450 R2:0 R3:11 R4:125400 R5:4716 R6:7772 R7:3422
[LOG_TRACE] 003422 160104: sub R1, R4
[LOG_TRACE] R0:3420 R1:3450 R2:0 R3:11 R4:121730 R5:4716 R6:7772 R7:3424
[LOG_TRACE] 003424 100000: bpl 003426
[LOG_TRACE] R0:3420 R1:3450 R2:0 R3:11 R4:121730 R5:4716 R6:7772 R7:3426
[LOG_TRACE] 003426 000100: jmp R0
[LOG_TRACE] R0:3420 R1:3450 R2:0 R3:11 R4:121730 R5:4716 R6:7772 R7:3420
[LOG_TRACE] 003420 041415: bic (R4), (R5)
[LOG_TRACE] R0:3420 R1:3450 R2:0 R3:11 R4:121730 R5:4716 R6:7772 R7:3422
[LOG_TRACE] 003422 160104: sub R1, R4
[LOG_TRACE] R0:3420 R1:3450 R2:0 R3:11 R4:116260 R5:4716 R6:7772 R7:3424
[LOG_TRACE] 003424 100000: bpl 003426
[LOG_TRACE] R0:3420 R1:3450 R2:0 R3:11 R4:116260 R5:4716 R6:7772 R7:3426
[LOG_TRACE] 003426 000100: jmp R0
[LOG_TRACE] R0:3420 R1:3450 R2:0 R3:11 R4:116260 R5:4716 R6:7772 R7:3420
[LOG_TRACE] 003420 041415: bic (R4), (R5)
[LOG_TRACE] R0:3420 R1:3450 R2:0 R3:11 R4:116260 R5:4716 R6:7772 R7:3422
[LOG_TRACE] 003422 160104: sub R1, R4
[LOG_TRACE] R0:3420 R1:3450 R2:0 R3:11 R4:112610 R5:4716 R6:7772 R7:3424
[LOG_TRACE] 003424 100000: bpl 003426
[LOG_TRACE] R0:3420 R1:3450 R2:0 R3:11 R4:112610 R5:4716 R6:7772 R7:3426
[LOG_TRACE] 003426 000100: jmp R0
[LOG_TRACE] R0:3420 R1:3450 R2:0 R3:11 R4:112610 R5:4716 R6:7772 R7:3420
[LOG_TRACE] 003420 041415: bic (R4), (R5)
[LOG_TRACE] R0:3420 R1:3450 R2:0 R3:11 R4:112610 R5:4716 R6:7772 R7:3422
[LOG_TRACE] 003422 160104: sub R1, R4
[LOG_TRACE] R0:3420 R1:3450 R2:0 R3:11 R4:107140 R5:4716 R6:7772 R7:3424
[LOG_TRACE] 003424 100000: bpl 003426
[LOG_TRACE] R0:3420 R1:3450 R2:0 R3:11 R4:107140 R5:4716 R6:7772 R7:3426
[LOG_TRACE] 003426 000100: jmp R0
[LOG_TRACE] R0:3420 R1:3450 R2:0 R3:11 R4:107140 R5:4716 R6:7772 R7:3420
[LOG_TRACE] 003420 041415: bic (R4), (R5)
[LOG_TRACE] R0:3420 R1:3450 R2:0 R3:11 R4:107140 R5:4716 R6:7772 R7:3422
[LOG_TRACE] 003422 160104: sub R1, R4
[LOG_TRACE] R0:3420 R1:3450 R2:0 R3:11 R4:103470 R5:4716 R6:7772 R7:3424
[LOG_TRACE] 003424 100000: bpl 003426
[LOG_TRACE] R0:3420 R1:3450 R2:0 R3:11 R4:103470 R5:4716 R6:7772 R7:3426
[LOG_TRACE] 003426 000100: jmp R0
[LOG_TRACE] R0:3420 R1:3450 R2:0 R3:11 R4:103470 R5:4716 R6:7772 R7:3420
[LOG_TRACE] 003420 041415: bic (R4), (R5)
[LOG_TRACE] R0:3420 R1:3450 R2:0 R3:11 R4:103470 R5:4716 R6:7772 R7:3422
[LOG_TRACE] 003422 160104: sub R1, R4
[LOG_TRACE] R0:3420 R1:3450 R2:0 R3:11 R4:100020 R5:4716 R6:7772 R7:3424
[LOG_TRACE] 003424 100000: bpl 003426
[LOG_TRACE] R0:3420 R1:3450 R2:0 R3:11 R4:100020 R5:4716 R6:7772 R7:3426
[LOG_TRACE] 003426 000100: jmp R0
[LOG_TRACE] R0:3420 R1:3450 R2:0 R3:11 R4:100020 R5:4716 R6:7772 R7:3420
[LOG_TRACE] 003420 041415: bic (R4), (R5)
[LOG_TRACE] R0:3420 R1:3450 R2:0 R3:11 R4:100020 R5:4716 R6:7772 R7:3422
[LOG_TRACE] 003422 160104: sub R1, R4
[LOG_TRACE] R0:3420 R1:3450 R2:0 R3:11 R4:74350 R5:4716 R6:7772 R7:3424
[LOG_TRACE] 003424 100000: bpl 003426
[LOG_TRACE] R0:3420 R1:3450 R2:0 R3:11 R4:74350 R5:4716 R6:7772 R7:3426
[LOG_TRACE] 003426 000100: jmp R0
[LOG_TRACE] R0:3420 R1:3450 R2:0 R3:11 R4:74350 R5:4716 R6:7772 R7:3420
[LOG_TRACE] 003420 041415: bic (R4), (R5)
[LOG_TRACE] R0:3420 R1:3450 R2:0 R3:11 R4:74350 R5:4716 R6:7772 R7:3422
[LOG_TRACE] 003422 160104: sub R1, R4
[LOG_TRACE] R0:3420 R1:3450 R2:0 R3:11 R4:70700 R5:4716 R6:7772 R7:3424
[LOG_TRACE] 003424 100000: bpl 003426
[LOG_TRACE] R0:3420 R1:3450 R2:0 R3:11 R4:70700 R5:4716 R6:7772 R7:3426
[LOG_TRACE] 003426 000100: jmp R0
[LOG_TRACE] R0:3420 R1:3450 R2:0 R3:11 R4:70700 R5:4716 R6:7772 R7:3420
[LOG_TRACE] 003420 041415: bic (R4), (R5)
[LOG_TRACE] R0:3420 R1:3450 R2:0 R3:11 R4:70700 R5:4716 R6:7772 R7:3422
[LOG_TRACE] 003422 160104: sub R1, R4
[LOG_TRACE] R0:3420 R1:3450 R2:0 R3:11 R4:65230 R5:4716 R6:7772 R7:3424
[LOG_TRACE] 003424 100000: bpl 003426
[LOG_TRACE] R0:3420 R1:3450 R2:0 R3:11 R4:65230 R5:4716 R6:7772 R7:3426
[LOG_TRACE] 003426 000100: jmp R0
[LOG_TRACE] R0:3420 R1:3450 R2:0 R3:11 R4:65230 R5:4716 R6:7772 R7:3420
[LOG_TRACE] 003420 041415: bic (R4), (R5)
[LOG_TRACE] R0:3420 R1:3450 R2:0 R3:11 R4:65230 R5:4716 R6:7772 R7:3422
[LOG_TRACE] 003422 160104: sub R1, R4
[LOG_TRACE] R0:3420 R1:3450 R2:0 R3:11 R4:61560 R5:4716 R6:7772 R7:3424
[LOG_TRACE] 003424 100000: bpl 003426
[LOG_TRACE] R0:3420 R1:3450 R2:0 R3:11 R4:61560 R5:4716 R6:7772 R7:3426
[LOG_TRACE] 003426 000100: jmp R0
[LOG_TRACE] R0:3420 R1:3450 R2:0 R3:11 R4:61560 R5:4716 R6:7772 R7:3420
[LOG_TRACE] 003420 041415: bic (R4), (R5)
[LOG_TRACE] R0:3420 R1:3450 R2:0 R3:11 R4:61560 R5:4716 R6:7772 R7:3422
[LOG_TRACE] 003422 160104: sub R1, R4
[LOG_TRACE] R0:3420 R1:3450 R2:0 R3:11 R4:56110 R5:4716 R6:7772 R7:3424
[LOG_TRACE] 003424 100000: bpl 003426
[LOG_TRACE] R0:3420 R1:3450 R2:0 R3:11 R4:56110 R5:4716 R6:7772 R7:3426
[LOG_TRACE] 003426 000100: jmp R0
[LOG_TRACE] R0:3420 R1:3450 R2:0 R3:11 R4:56110 R5:4716 R6:7772 R7:3420
[LOG_TRACE] 003420 041415: bic (R4), (R5)
[LOG_TRACE] R0:3420 R1:3450 R2:0 R3:11 R4:56110 R5:4716 R6:7772 R7:3422
[LOG_TRACE] 003422 160104: sub R1, R4
[LOG_TRACE] R0:3420 R1:3450 R2:0 R3:11 R4:52440 R5:4716 R6:7772 R7:3424
[LOG_TRACE] 003424 100000: bpl 003426
[LOG_TRACE] R0:3420 R1:3450 R2:0 R3:11 R4:52440 R5:4716 R6:7772 R7:3426
[LOG_TRACE] 003426 000100: jmp R0
[LOG_TRACE] R0:3420 R1:3450 R2:0 R3:11 R4:52440 R5:4716 R6:7772 R7:3420
[LOG_TRACE] 003420 041415: bic (R4), (R5)
[LOG_TRACE] R0:3420 R1:3450 R2:0 R3:11 R4:52440 R5:4716 R6:7772 R7:3422
[LOG_TRACE] 003422 160104: sub R1, R4
[LOG_TRACE] R0:3420 R1:3450 R2:0 R3:11 R4:46770 R5:4716 R6:7772 R7:3424
[LOG_TRACE] 003424 100000: bpl 003426
[LOG_TRACE] R0:3420 R1:3450 R2:0 R3:11 R4:46770 R5:4716 R6:7772 R7:3426
[LOG_TRACE] 003426 000100: jmp R0
[LOG_TRACE] R0:3420 R1:3450 R2:0 R3:11 R4:46770 R5:4716 R6:7772 R7:3420
[LOG_TRACE] 003420 041415: bic (R4), (R5)
[LOG_TRACE] R0:3420 R1:3450 R2:0 R3:11 R4:46770 R5:4716 R6:7772 R7:3422
[LOG_TRACE] 003422 160104: sub R1, R4
[LOG_TRACE] R0:3420 R1:3450 R2:0 R3:11 R4:43320 R5:4716 R6:7772 R7:3424
[LOG_TRACE] 003424 100000: bpl 003426
[LOG_TRACE] R0:3420 R1:3450 R2:0 R3:11 R4:43320 R5:4716 R6:7772 R7:3426
[LOG_TRACE] 003426 000100: jmp R0
[LOG_TRACE] R0:3420 R1:3450 R2:0 R3:11 R4:43320 R5:4716 R6:7772 R7:3420
[LOG_TRACE] 003420 041415: bic (R4), (R5)
[LOG_TRACE] R0:3420 R1:3450 R2:0 R3:11 R4:43320 R5:4716 R6:7772 R7:3422
[LOG_TRACE] 003422 160104: sub R1, R4
[LOG_TRACE] R0:3420 R1:3450 R2:0 R3:11 R4:37650 R5:4716 R6:7772 R7:3424
[LOG_TRACE] 003424 100000: bpl 003426
[LOG_TRACE] R0:3420 R1:3450 R2:0 R3:11 R4:37650 R5:4716 R6:7772 R7:3426
[LOG_TRACE] 003426 000100: jmp R0
[LOG_TRACE] R0:3420 R1:3450 R2:0 R3:11 R4:37650 R5:4716 R6:7772 R7:3420
[LOG_TRACE] 003420 041415: bic (R4), (R5)
[LOG_TRACE] R0:3420 R1:3450 R2:0 R3:11 R4:37650 R5:4716 R6:7772 R7:3422
[LOG_TRACE] 003422 160104: sub R1, R4
[LOG_TRACE] R0:3420 R1:3450 R2:0 R3:11 R4:34200 R5:4716 R6:7772 R7:3424
[LOG_TRACE] 003424 100000: bpl 003426
[LOG_TRACE] R0:3420 R1:3450 R2:0 R3:11 R4:34200 R5:4716 R6:7772 R7:3426
[LOG_TRACE] 003426 000100: jmp R0
[LOG_TRACE] R0:3420 R1:3450 R2:0 R3:11 R4:34200 R5:4716 R6:7772 R7:3420
[LOG_TRACE] 003420 041415: bic (R4), (R5)
[LOG_TRACE] R0:3420 R1:3450 R2:0 R3:11 R4:34200 R5:4716 R6:7772 R7:3422
[LOG_TRACE] 003422 160104: sub R1, R4
[LOG_TRACE] R0:3420 R1:3450 R2:0 R3:11 R4:30530 R5:4716 R6:7772 R7:3424
[LOG_TRACE] 003424 100000: bpl 003426
[LOG_TRACE] R0:3420 R1:3450 R2:0 R3:11 R4:30530 R5:4716 R6:7772 R7:3426
[LOG_TRACE] 003426 000100: jmp R0
[LOG_TRACE] R0:3420 R1:3450 R2:0 R3:11 R4:30530 R5:4716 R6:7772 R7:3420
[LOG_TRACE] 003420 041415: bic (R4), (R5)
[LOG_TRACE] R0:3420 R1:3450 R2:0 R3:11 R4:30530 R5:4716 R6:7772 R7:3422
[LOG_TRACE] 003422 160104: sub R1, R4
[LOG_TRACE] R0:3420 R1:3450 R2:0 R3:11 R4:25060 R5:4716 R6:7772 R7:3424
[LOG_TRACE] 003424 100000: bpl 003426
[LOG_TRACE] R0:3420 R1:3450 R2:0 R3:11 R4:25060 R5:4716 R6:7772 R7:3426
[LOG_TRACE] 003426 000100: jmp R0
[LOG_TRACE] R0:3420 R1:3450 R2:0 R3:11 R4:25060 R5:4716 R6:7772 R7:3420
[LOG_TRACE] 003420 041415: bic (R4), (R5)
[LOG_TRACE] R0:3420 R1:3450 R2:0 R3:11 R4:25060 R5:4716 R6:7772 R7:3422
[LOG_TRACE] 003422 160104: sub R1, R4
[LOG_TRACE] R0:3420 R1:3450 R2:0 R3:11 R4:21410 R5:4716 R6:7772 R7:3424
[LOG_TRACE] 003424 100000: bpl 003426
[LOG_TRACE] R0:3420 R1:3450 R2:0 R3:11 R4:21410 R5:4716 R6:7772 R7:3426
[LOG_TRACE] 003426 000100: jmp R0
[LOG_TRACE] R0:3420 R1:3450 R2:0 R3:11 R4:21410 R5:4716 R6:7772 R7:3420
[LOG_TRACE] 003420 041415: bic (R4), (R5)
[LOG_TRACE] R0:3420 R1:3450 R2:0 R3:11 R4:21410 R5:4716 R6:7772 R7:3422
[LOG_TRACE] 003422 160104: sub R1, R4
[LOG_TRACE] R0:3420 R1:3450 R2:0 R3:11 R4:15740 R5:4716 R6:7772 R7:3424
[LOG_TRACE] 003424 100000: bpl 003426
[LOG_TRACE] R0:3420 R1:3450 R2:0 R3:11 R4:15740 R5:4716 R6:7772 R7:3426
[LOG_TRACE] 003426 000100: jmp R0
[LOG_TRACE] R0:3420 R1:3450 R2:0 R3:11 R4:15740 R5:4716 R6:7772 R7:3420
[LOG_TRACE] 003420 041415: bic (R4), (R5)
[LOG_TRACE] R0:3420 R1:3450 R2:0 R3:11 R4:15740 R5:4716 R6:7772 R7:3422
[LOG_TRACE] 003422 160104: sub R1, R4
[LOG_TRACE] R0:3420 R1:3450 R2:0 R3:11 R4:12270 R5:4716 R6:7772 R7:3424
[LOG_TRACE] 003424 100000: bpl 003426
[LOG_TRACE] R0:3420 R1:3450 R2:0 R3:11 R4:12270 R5:4716 R6:7772 R7:3426
[LOG_TRACE] 003426 000100: jmp R0
[LOG_TRACE] R0:3420 R1:3450 R2:0 R3:11 R4:12270 R5:4716 R6:7772 R7:3420
[LOG_TRACE] 003420 041415: bic (R4), (R5)
[LOG_TRACE] R0:3420 R1:3450 R2:0 R3:11 R4:12270 R5:4716 R6:7772 R7:3422
[LOG_TRACE] 003422 160104: sub R1, R4
[LOG_TRACE] R0:3420 R1:3450 R2:0 R3:11 R4:6620 R5:4716 R6:7772 R7:3424
[LOG_TRACE] 003424 100000: bpl 003426
[LOG_TRACE] R0:3420 R1:3450 R2:0 R3:11 R4:6620 R5:4716 R6:7772 R7:3426
[LOG_TRACE] 003426 000100: jmp R0
[LOG_TRACE] R0:3420 R1:3450 R2:0 R3:11 R4:6620 R5:4716 R6:7772 R7:3420
[LOG_TRACE] 003420 041415: bic (R4), (R5)
[LOG_TRACE] R0:3420 R1:3450 R2:0 R3:11 R4:6620 R5:4716 R6:7772 R7:3422
[LOG_TRACE] 003422 160104: sub R1, R4
[LOG_TRACE] R0:3420 R1:3450 R2:0 R3:11 R4:3150 R5:4716 R6:7772 R7:3424
[LOG_TRACE] 003424 100000: bpl 003426
[LOG_TRACE] R0:3420 R1:3450 R2:0 R3:11 R4:3150 R5:4716 R6:7772 R7:3426
[LOG_TRACE] 003426 000100: jmp R0
[LOG_TRACE] R0:3420 R1:3450 R2:0 R3:11 R4:3150 R5:4716 R6:7772 R7:3420
[LOG_TRACE] 003420 041415: bic (R4), (R5)
[LOG_TRACE] R0:3420 R1:3450 R2:0 R3:11 R4:3150 R5:4716 R6:7772 R7:3422
[LOG_TRACE] 003422 160104: sub R1, R4
[LOG_TRACE] R0:3420 R1:3450 R2:0 R3:11 R4:177500 R5:4716 R6:7772 R7:3424
[LOG_TRACE] 003424 100000: bpl 003426
[LOG_TRACE] R0:3420 R1:3450 R2:0 R3:11 R4:177500 R5:4716 R6:7772 R7:3426
[LOG_TRACE] 003426 000100: jmp R0
[LOG_TRACE] R0:3420 R1:3450 R2:0 R3:11 R4:177500 R5:4716 R6:7772 R7:3420
[LOG_TRACE] >>> BUS ERROR TRAP: Saving context and branching to Vector 4...
[LOG_TRACE] 003172 005011: clr (R1)
[LOG_TRACE] R0:3420 R1:3450 R2:0 R3:11 R4:177500 R5:4716 R6:7766 R7:3174
[LOG_TRACE] 003174 000002: rti (R4), (R1)
[LOG_TRACE] >>> RTI: Returned from interrupt. Restored PC: 003422
[LOG_TRACE] R0:3420 R1:3450 R2:0 R3:11 R4:177500 R5:4716 R6:7772 R7:3422
[LOG_TRACE] 003422 160104: sub R1, R4
[LOG_TRACE] R0:3420 R1:3450 R2:0 R3:11 R4:174030 R5:4716 R6:7772 R7:3424
[LOG_TRACE] 003424 100000: bpl 003426
[LOG_TRACE] R0:3420 R1:3450 R2:0 R3:11 R4:174030 R5:4716 R6:7772 R7:3426
[LOG_TRACE] 003426 000100: jmp R0
[LOG_TRACE] R0:3420 R1:3450 R2:0 R3:11 R4:174030 R5:4716 R6:7772 R7:3420
[LOG_TRACE] >>> BUS ERROR TRAP: Saving context and branching to Vector 4...
[LOG_TRACE] 003172 005011: clr (R1)
[LOG_TRACE] R0:3420 R1:3450 R2:0 R3:11 R4:174030 R5:4716 R6:7766 R7:3174
[LOG_TRACE] 003174 000002: rti (R4), (R1)
[LOG_TRACE] >>> RTI: Returned from interrupt. Restored PC: 003422
[LOG_TRACE] R0:3420 R1:3450 R2:0 R3:11 R4:174030 R5:4716 R6:7772 R7:3422
[LOG_TRACE] 003422 160104: sub R1, R4
[LOG_TRACE] R0:3420 R1:3450 R2:0 R3:11 R4:170360 R5:4716 R6:7772 R7:3424
[LOG_TRACE] 003424 100000: bpl 003426
[LOG_TRACE] R0:3420 R1:3450 R2:0 R3:11 R4:170360 R5:4716 R6:7772 R7:3426
[LOG_TRACE] 003426 000100: jmp R0
[LOG_TRACE] R0:3420 R1:3450 R2:0 R3:11 R4:170360 R5:4716 R6:7772 R7:3420
[LOG_TRACE] >>> BUS ERROR TRAP: Saving context and branching to Vector 4...
[LOG_TRACE] 003172 005011: clr (R1)
[LOG_TRACE] R0:3420 R1:3450 R2:0 R3:11 R4:170360 R5:4716 R6:7766 R7:3174
[LOG_TRACE] 003174 000002: rti (R4), (R1)
[LOG_TRACE] >>> RTI: Returned from interrupt. Restored PC: 003422
[LOG_TRACE] R0:3420 R1:3450 R2:0 R3:11 R4:170360 R5:4716 R6:7772 R7:3422
[LOG_TRACE] 003422 160104: sub R1, R4
[LOG_TRACE] R0:3420 R1:3450 R2:0 R3:11 R4:164710 R5:4716 R6:7772 R7:3424
[LOG_TRACE] 003424 100000: bpl 003426
[LOG_TRACE] R0:3420 R1:3450 R2:0 R3:11 R4:164710 R5:4716 R6:7772 R7:3426
[LOG_TRACE] 003426 000100: jmp R0
[LOG_TRACE] R0:3420 R1:3450 R2:0 R3:11 R4:164710 R5:4716 R6:7772 R7:3420
[LOG_TRACE] >>> BUS ERROR TRAP: Saving context and branching to Vector 4...
[LOG_TRACE] 003172 005011: clr (R1)
[LOG_TRACE] R0:3420 R1:3450 R2:0 R3:11 R4:164710 R5:4716 R6:7766 R7:3174
[LOG_TRACE] 003174 000002: rti (R4), (R1)
[LOG_TRACE] >>> RTI: Returned from interrupt. Restored PC: 003422
[LOG_TRACE] R0:3420 R1:3450 R2:0 R3:11 R4:164710 R5:4716 R6:7772 R7:3422
[LOG_TRACE] 003422 160104: sub R1, R4
[LOG_TRACE] R0:3420 R1:3450 R2:0 R3:11 R4:161240 R5:4716 R6:7772 R7:3424
[LOG_TRACE] 003424 100000: bpl 003426
[LOG_TRACE] R0:3420 R1:3450 R2:0 R3:11 R4:161240 R5:4716 R6:7772 R7:3426
[LOG_TRACE] 003426 000100: jmp R0
[LOG_TRACE] R0:3420 R1:3450 R2:0 R3:11 R4:161240 R5:4716 R6:7772 R7:3420
[LOG_TRACE] >>> BUS ERROR TRAP: Saving context and branching to Vector 4...
[LOG_TRACE] 003172 005011: clr (R1)
[LOG_TRACE] R0:3420 R1:3450 R2:0 R3:11 R4:161240 R5:4716 R6:7766 R7:3174
[LOG_TRACE] 003174 000002: rti (R4), (R1)
[LOG_TRACE] >>> RTI: Returned from interrupt. Restored PC: 003422
[LOG_TRACE] R0:3420 R1:3450 R2:0 R3:11 R4:161240 R5:4716 R6:7772 R7:3422
[LOG_TRACE] 003422 160104: sub R1, R4
[LOG_TRACE] R0:3420 R1:3450 R2:0 R3:11 R4:155570 R5:4716 R6:7772 R7:3424
[LOG_TRACE] 003424 100000: bpl 003426
[LOG_TRACE] R0:3420 R1:3450 R2:0 R3:11 R4:155570 R5:4716 R6:7772 R7:3426
[LOG_TRACE] 003426 000100: jmp R0
[LOG_TRACE] R0:3420 R1:3450 R2:0 R3:11 R4:155570 R5:4716 R6:7772 R7:3420
[LOG_TRACE] 003420 041415: bic (R4), (R5)
[LOG_TRACE] R0:3420 R1:3450 R2:0 R3:11 R4:155570 R5:4716 R6:7772 R7:3422
[LOG_TRACE] 003422 160104: sub R1, R4
[LOG_TRACE] R0:3420 R1:3450 R2:0 R3:11 R4:152120 R5:4716 R6:7772 R7:3424
[LOG_TRACE] 003424 100000: bpl 003426
[LOG_TRACE] R0:3420 R1:3450 R2:0 R3:11 R4:152120 R5:4716 R6:7772 R7:3426
[LOG_TRACE] 003426 000100: jmp R0
[LOG_TRACE] R0:3420 R1:3450 R2:0 R3:11 R4:152120 R5:4716 R6:7772 R7:3420
[LOG_TRACE] 003420 041415: bic (R4), (R5)
[LOG_TRACE] R0:3420 R1:3450 R2:0 R3:11 R4:152120 R5:4716 R6:7772 R7:3422
[LOG_TRACE] 003422 160104: sub R1, R4
[LOG_TRACE] R0:3420 R1:3450 R2:0 R3:11 R4:146450 R5:4716 R6:7772 R7:3424
[LOG_TRACE] 003424 100000: bpl 003426
[LOG_TRACE] R0:3420 R1:3450 R2:0 R3:11 R4:146450 R5:4716 R6:7772 R7:3426
[LOG_TRACE] 003426 000100: jmp R0
[LOG_TRACE] R0:3420 R1:3450 R2:0 R3:11 R4:146450 R5:4716 R6:7772 R7:3420
[LOG_TRACE] 003420 041415: bic (R4), (R5)
[LOG_TRACE] R0:3420 R1:3450 R2:0 R3:11 R4:146450 R5:4716 R6:7772 R7:3422
[LOG_TRACE] 003422 160104: sub R1, R4
[LOG_TRACE] R0:3420 R1:3450 R2:0 R3:11 R4:143000 R5:4716 R6:7772 R7:3424
[LOG_TRACE] 003424 100000: bpl 003426
[LOG_TRACE] R0:3420 R1:3450 R2:0 R3:11 R4:143000 R5:4716 R6:7772 R7:3426
[LOG_TRACE] 003426 000100: jmp R0
[LOG_TRACE] R0:3420 R1:3450 R2:0 R3:11 R4:143000 R5:4716 R6:7772 R7:3420
[LOG_TRACE] 003420 041415: bic (R4), (R5)
[LOG_TRACE] R0:3420 R1:3450 R2:0 R3:11 R4:143000 R5:4716 R6:7772 R7:3422
[LOG_TRACE] 003422 160104: sub R1, R4
[LOG_TRACE] R0:3420 R1:3450 R2:0 R3:11 R4:137330 R5:4716 R6:7772 R7:3424
[LOG_TRACE] 003424 100000: bpl 003426
[LOG_TRACE] R0:3420 R1:3450 R2:0 R3:11 R4:137330 R5:4716 R6:7772 R7:3426
[LOG_TRACE] 003426 000100: jmp R0
[LOG_TRACE] R0:3420 R1:3450 R2:0 R3:11 R4:137330 R5:4716 R6:7772 R7:3420
[LOG_TRACE] 003420 041415: bic (R4), (R5)
[LOG_TRACE] R0:3420 R1:3450 R2:0 R3:11 R4:137330 R5:4716 R6:7772 R7:3422
[LOG_TRACE] 003422 160104: sub R1, R4
[LOG_TRACE] R0:3420 R1:3450 R2:0 R3:11 R4:133660 R5:4716 R6:7772 R7:3424
[LOG_TRACE] 003424 100000: bpl 003426
[LOG_TRACE] R0:3420 R1:3450 R2:0 R3:11 R4:133660 R5:4716 R6:7772 R7:3426
[LOG_TRACE] 003426 000100: jmp R0
[LOG_TRACE] R0:3420 R1:3450 R2:0 R3:11 R4:133660 R5:4716 R6:7772 R7:3420
[LOG_TRACE] 003420 041415: bic (R4), (R5)
[LOG_TRACE] R0:3420 R1:3450 R2:0 R3:11 R4:133660 R5:4716 R6:7772 R7:3422
[LOG_TRACE] 003422 160104: sub R1, R4
[LOG_TRACE] R0:3420 R1:3450 R2:0 R3:11 R4:130210 R5:4716 R6:7772 R7:3424
[LOG_TRACE] 003424 100000: bpl 003426
[LOG_TRACE] R0:3420 R1:3450 R2:0 R3:11 R4:130210 R5:4716 R6:7772 R7:3426
[LOG_TRACE] 003426 000100: jmp R0
[LOG_TRACE] R0:3420 R1:3450 R2:0 R3:11 R4:130210 R5:4716 R6:7772 R7:3420
[LOG_TRACE] 003420 041415: bic (R4), (R5)
[LOG_TRACE] R0:3420 R1:3450 R2:0 R3:11 R4:130210 R5:4716 R6:7772 R7:3422
[LOG_TRACE] 003422 160104: sub R1, R4
[LOG_TRACE] R0:3420 R1:3450 R2:0 R3:11 R4:124540 R5:4716 R6:7772 R7:3424
[LOG_TRACE] 003424 100000: bpl 003426
[LOG_TRACE] R0:3420 R1:3450 R2:0 R3:11 R4:124540 R5:4716 R6:7772 R7:3426
[LOG_TRACE] 003426 000100: jmp R0
[LOG_TRACE] R0:3420 R1:3450 R2:0 R3:11 R4:124540 R5:4716 R6:7772 R7:3420
[LOG_TRACE] 003420 041415: bic (R4), (R5)
[LOG_TRACE] R0:3420 R1:3450 R2:0 R3:11 R4:124540 R5:4716 R6:7772 R7:3422
[LOG_TRACE] 003422 160104: sub R1, R4
[LOG_TRACE] R0:3420 R1:3450 R2:0 R3:11 R4:121070 R5:4716 R6:7772 R7:3424
[LOG_TRACE] 003424 100000: bpl 003426
[LOG_TRACE] R0:3420 R1:3450 R2:0 R3:11 R4:121070 R5:4716 R6:7772 R7:3426
[LOG_TRACE] 003426 000100: jmp R0
[LOG_TRACE] R0:3420 R1:3450 R2:0 R3:11 R4:121070 R5:4716 R6:7772 R7:3420
[LOG_TRACE] 003420 041415: bic (R4), (R5)
[LOG_TRACE] R0:3420 R1:3450 R2:0 R3:11 R4:121070 R5:4716 R6:7772 R7:3422
[LOG_TRACE] 003422 160104: sub R1, R4
[LOG_TRACE] R0:3420 R1:3450 R2:0 R3:11 R4:115420 R5:4716 R6:7772 R7:3424
[LOG_TRACE] 003424 100000: bpl 003426
[LOG_TRACE] R0:3420 R1:3450 R2:0 R3:11 R4:115420 R5:4716 R6:7772 R7:3426
[LOG_TRACE] 003426 000100: jmp R0
[LOG_TRACE] R0:3420 R1:3450 R2:0 R3:11 R4:115420 R5:4716 R6:7772 R7:3420
[LOG_TRACE] 003420 041415: bic (R4), (R5)
[LOG_TRACE] R0:3420 R1:3450 R2:0 R3:11 R4:115420 R5:4716 R6:7772 R7:3422
[LOG_TRACE] 003422 160104: sub R1, R4
[LOG_TRACE] R0:3420 R1:3450 R2:0 R3:11 R4:111750 R5:4716 R6:7772 R7:3424
[LOG_TRACE] 003424 100000: bpl 003426
[LOG_TRACE] R0:3420 R1:3450 R2:0 R3:11 R4:111750 R5:4716 R6:7772 R7:3426
[LOG_TRACE] 003426 000100: jmp R0
[LOG_TRACE] R0:3420 R1:3450 R2:0 R3:11 R4:111750 R5:4716 R6:7772 R7:3420
[LOG_TRACE] 003420 041415: bic (R4), (R5)
[LOG_TRACE] R0:3420 R1:3450 R2:0 R3:11 R4:111750 R5:4716 R6:7772 R7:3422
[LOG_TRACE] 003422 160104: sub R1, R4
[LOG_TRACE] R0:3420 R1:3450 R2:0 R3:11 R4:106300 R5:4716 R6:7772 R7:3424
[LOG_TRACE] 003424 100000: bpl 003426
[LOG_TRACE] R0:3420 R1:3450 R2:0 R3:11 R4:106300 R5:4716 R6:7772 R7:3426
[LOG_TRACE] 003426 000100: jmp R0
[LOG_TRACE] R0:3420 R1:3450 R2:0 R3:11 R4:106300 R5:4716 R6:7772 R7:3420
[LOG_TRACE] 003420 041415: bic (R4), (R5)
[LOG_TRACE] R0:3420 R1:3450 R2:0 R3:11 R4:106300 R5:4716 R6:7772 R7:3422
[LOG_TRACE] 003422 160104: sub R1, R4
[LOG_TRACE] R0:3420 R1:3450 R2:0 R3:11 R4:102630 R5:4716 R6:7772 R7:3424
[LOG_TRACE] 003424 100000: bpl 003426
[LOG_TRACE] R0:3420 R1:3450 R2:0 R3:11 R4:102630 R5:4716 R6:7772 R7:3426
[LOG_TRACE] 003426 000100: jmp R0
[LOG_TRACE] R0:3420 R1:3450 R2:0 R3:11 R4:102630 R5:4716 R6:7772 R7:3420
[LOG_TRACE] 003420 041415: bic (R4), (R5)
[LOG_TRACE] R0:3420 R1:3450 R2:0 R3:11 R4:102630 R5:4716 R6:7772 R7:3422
[LOG_TRACE] 003422 160104: sub R1, R4
[LOG_TRACE] R0:3420 R1:3450 R2:0 R3:11 R4:77160 R5:4716 R6:7772 R7:3424
[LOG_TRACE] 003424 100000: bpl 003426
[LOG_TRACE] R0:3420 R1:3450 R2:0 R3:11 R4:77160 R5:4716 R6:7772 R7:3426
[LOG_TRACE] 003426 000100: jmp R0
[LOG_TRACE] R0:3420 R1:3450 R2:0 R3:11 R4:77160 R5:4716 R6:7772 R7:3420
[LOG_TRACE] 003420 041415: bic (R4), (R5)
[LOG_TRACE] R0:3420 R1:3450 R2:0 R3:11 R4:77160 R5:4716 R6:7772 R7:3422
[LOG_TRACE] 003422 160104: sub R1, R4
[LOG_TRACE] R0:3420 R1:3450 R2:0 R3:11 R4:73510 R5:4716 R6:7772 R7:3424
[LOG_TRACE] 003424 100000: bpl 003426
[LOG_TRACE] R0:3420 R1:3450 R2:0 R3:11 R4:73510 R5:4716 R6:7772 R7:3426
[LOG_TRACE] 003426 000100: jmp R0
[LOG_TRACE] R0:3420 R1:3450 R2:0 R3:11 R4:73510 R5:4716 R6:7772 R7:3420
[LOG_TRACE] 003420 041415: bic (R4), (R5)
[LOG_TRACE] R0:3420 R1:3450 R2:0 R3:11 R4:73510 R5:4716 R6:7772 R7:3422
[LOG_TRACE] 003422 160104: sub R1, R4
[LOG_TRACE] R0:3420 R1:3450 R2:0 R3:11 R4:70040 R5:4716 R6:7772 R7:3424
[LOG_TRACE] 003424 100000: bpl 003426
[LOG_TRACE] R0:3420 R1:3450 R2:0 R3:11 R4:70040 R5:4716 R6:7772 R7:3426
[LOG_TRACE] 003426 000100: jmp R0
[LOG_TRACE] R0:3420 R1:3450 R2:0 R3:11 R4:70040 R5:4716 R6:7772 R7:3420
[LOG_TRACE] 003420 041415: bic (R4), (R5)
[LOG_TRACE] R0:3420 R1:3450 R2:0 R3:11 R4:70040 R5:4716 R6:7772 R7:3422
[LOG_TRACE] 003422 160104: sub R1, R4
[LOG_TRACE] R0:3420 R1:3450 R2:0 R3:11 R4:64370 R5:4716 R6:7772 R7:3424
[LOG_TRACE] 003424 100000: bpl 003426
[LOG_TRACE] R0:3420 R1:3450 R2:0 R3:11 R4:64370 R5:4716 R6:7772 R7:3426
[LOG_TRACE] 003426 000100: jmp R0
[LOG_TRACE] R0:3420 R1:3450 R2:0 R3:11 R4:64370 R5:4716 R6:7772 R7:3420
[LOG_TRACE] 003420 041415: bic (R4), (R5)
[LOG_TRACE] R0:3420 R1:3450 R2:0 R3:11 R4:64370 R5:4716 R6:7772 R7:3422
[LOG_TRACE] 003422 160104: sub R1, R4
[LOG_TRACE] R0:3420 R1:3450 R2:0 R3:11 R4:60720 R5:4716 R6:7772 R7:3424
[LOG_TRACE] 003424 100000: bpl 003426
[LOG_TRACE] R0:3420 R1:3450 R2:0 R3:11 R4:60720 R5:4716 R6:7772 R7:3426
[LOG_TRACE] 003426 000100: jmp R0
[LOG_TRACE] R0:3420 R1:3450 R2:0 R3:11 R4:60720 R5:4716 R6:7772 R7:3420
[LOG_TRACE] 003420 041415: bic (R4), (R5)
[LOG_TRACE] R0:3420 R1:3450 R2:0 R3:11 R4:60720 R5:4716 R6:7772 R7:3422
[LOG_TRACE] 003422 160104: sub R1, R4
[LOG_TRACE] R0:3420 R1:3450 R2:0 R3:11 R4:55250 R5:4716 R6:7772 R7:3424
[LOG_TRACE] 003424 100000: bpl 003426
[LOG_TRACE] R0:3420 R1:3450 R2:0 R3:11 R4:55250 R5:4716 R6:7772 R7:3426
[LOG_TRACE] 003426 000100: jmp R0
[LOG_TRACE] R0:3420 R1:3450 R2:0 R3:11 R4:55250 R5:4716 R6:7772 R7:3420
[LOG_TRACE] 003420 041415: bic (R4), (R5)
[LOG_TRACE] R0:3420 R1:3450 R2:0 R3:11 R4:55250 R5:4716 R6:7772 R7:3422
[LOG_TRACE] 003422 160104: sub R1, R4
[LOG_TRACE] R0:3420 R1:3450 R2:0 R3:11 R4:51600 R5:4716 R6:7772 R7:3424
[LOG_TRACE] 003424 100000: bpl 003426
[LOG_TRACE] R0:3420 R1:3450 R2:0 R3:11 R4:51600 R5:4716 R6:7772 R7:3426
[LOG_TRACE] 003426 000100: jmp R0
[LOG_TRACE] R0:3420 R1:3450 R2:0 R3:11 R4:51600 R5:4716 R6:7772 R7:3420
[LOG_TRACE] 003420 041415: bic (R4), (R5)
[LOG_TRACE] R0:3420 R1:3450 R2:0 R3:11 R4:51600 R5:4716 R6:7772 R7:3422
[LOG_TRACE] 003422 160104: sub R1, R4
[LOG_TRACE] R0:3420 R1:3450 R2:0 R3:11 R4:46130 R5:4716 R6:7772 R7:3424
[LOG_TRACE] 003424 100000: bpl 003426
[LOG_TRACE] R0:3420 R1:3450 R2:0 R3:11 R4:46130 R5:4716 R6:7772 R7:3426
[LOG_TRACE] 003426 000100: jmp R0
[LOG_TRACE] R0:3420 R1:3450 R2:0 R3:11 R4:46130 R5:4716 R6:7772 R7:3420
[LOG_TRACE] 003420 041415: bic (R4), (R5)
[LOG_TRACE] R0:3420 R1:3450 R2:0 R3:11 R4:46130 R5:4716 R6:7772 R7:3422
[LOG_TRACE] 003422 160104: sub R1, R4
[LOG_TRACE] R0:3420 R1:3450 R2:0 R3:11 R4:42460 R5:4716 R6:7772 R7:3424
[LOG_TRACE] 003424 100000: bpl 003426
[LOG_TRACE] R0:3420 R1:3450 R2:0 R3:11 R4:42460 R5:4716 R6:7772 R7:3426
[LOG_TRACE] 003426 000100: jmp R0
[LOG_TRACE] R0:3420 R1:3450 R2:0 R3:11 R4:42460 R5:4716 R6:7772 R7:3420
[LOG_TRACE] 003420 041415: bic (R4), (R5)
[LOG_TRACE] R0:3420 R1:3450 R2:0 R3:11 R4:42460 R5:4716 R6:7772 R7:3422
[LOG_TRACE] 003422 160104: sub R1, R4
[LOG_TRACE] R0:3420 R1:3450 R2:0 R3:11 R4:37010 R5:4716 R6:7772 R7:3424
[LOG_TRACE] 003424 100000: bpl 003426
[LOG_TRACE] R0:3420 R1:3450 R2:0 R3:11 R4:37010 R5:4716 R6:7772 R7:3426
[LOG_TRACE] 003426 000100: jmp R0
[LOG_TRACE] R0:3420 R1:3450 R2:0 R3:11 R4:37010 R5:4716 R6:7772 R7:3420
[LOG_TRACE] 003420 041415: bic (R4), (R5)
[LOG_TRACE] R0:3420 R1:3450 R2:0 R3:11 R4:37010 R5:4716 R6:7772 R7:3422
[LOG_TRACE] 003422 160104: sub R1, R4
[LOG_TRACE] R0:3420 R1:3450 R2:0 R3:11 R4:33340 R5:4716 R6:7772 R7:3424
[LOG_TRACE] 003424 100000: bpl 003426
[LOG_TRACE] R0:3420 R1:3450 R2:0 R3:11 R4:33340 R5:4716 R6:7772 R7:3426
[LOG_TRACE] 003426 000100: jmp R0
[LOG_TRACE] R0:3420 R1:3450 R2:0 R3:11 R4:33340 R5:4716 R6:7772 R7:3420
[LOG_TRACE] 003420 041415: bic (R4), (R5)
[LOG_TRACE] R0:3420 R1:3450 R2:0 R3:11 R4:33340 R5:4716 R6:7772 R7:3422
[LOG_TRACE] 003422 160104: sub R1, R4
[LOG_TRACE] R0:3420 R1:3450 R2:0 R3:11 R4:27670 R5:4716 R6:7772 R7:3424
[LOG_TRACE] 003424 100000: bpl 003426
[LOG_TRACE] R0:3420 R1:3450 R2:0 R3:11 R4:27670 R5:4716 R6:7772 R7:3426
[LOG_TRACE] 003426 000100: jmp R0
[LOG_TRACE] R0:3420 R1:3450 R2:0 R3:11 R4:27670 R5:4716 R6:7772 R7:3420
[LOG_TRACE] 003420 041415: bic (R4), (R5)
[LOG_TRACE] R0:3420 R1:3450 R2:0 R3:11 R4:27670 R5:4716 R6:7772 R7:3422
[LOG_TRACE] 003422 160104: sub R1, R4
[LOG_TRACE] R0:3420 R1:3450 R2:0 R3:11 R4:24220 R5:4716 R6:7772 R7:3424
[LOG_TRACE] 003424 100000: bpl 003426
[LOG_TRACE] R0:3420 R1:3450 R2:0 R3:11 R4:24220 R5:4716 R6:7772 R7:3426
[LOG_TRACE] 003426 000100: jmp R0
[LOG_TRACE] R0:3420 R1:3450 R2:0 R3:11 R4:24220 R5:4716 R6:7772 R7:3420
[LOG_TRACE] 003420 041415: bic (R4), (R5)
[LOG_TRACE] R0:3420 R1:3450 R2:0 R3:11 R4:24220 R5:4716 R6:7772 R7:3422
[LOG_TRACE] 003422 160104: sub R1, R4
[LOG_TRACE] R0:3420 R1:3450 R2:0 R3:11 R4:20550 R5:4716 R6:7772 R7:3424
[LOG_TRACE] 003424 100000: bpl 003426
[LOG_TRACE] R0:3420 R1:3450 R2:0 R3:11 R4:20550 R5:4716 R6:7772 R7:3426
[LOG_TRACE] 003426 000100: jmp R0
[LOG_TRACE] R0:3420 R1:3450 R2:0 R3:11 R4:20550 R5:4716 R6:7772 R7:3420
[LOG_TRACE] 003420 041415: bic (R4), (R5)
[LOG_TRACE] R0:3420 R1:3450 R2:0 R3:11 R4:20550 R5:4716 R6:7772 R7:3422
[LOG_TRACE] 003422 160104: sub R1, R4
[LOG_TRACE] R0:3420 R1:3450 R2:0 R3:11 R4:15100 R5:4716 R6:7772 R7:3424
[LOG_TRACE] 003424 100000: bpl 003426
[LOG_TRACE] R0:3420 R1:3450 R2:0 R3:11 R4:15100 R5:4716 R6:7772 R7:3426
[LOG_TRACE] 003426 000100: jmp R0
[LOG_TRACE] R0:3420 R1:3450 R2:0 R3:11 R4:15100 R5:4716 R6:7772 R7:3420
[LOG_TRACE] 003420 041415: bic (R4), (R5)
[LOG_TRACE] R0:3420 R1:3450 R2:0 R3:11 R4:15100 R5:4716 R6:7772 R7:3422
[LOG_TRACE] 003422 160104: sub R1, R4
[LOG_TRACE] R0:3420 R1:3450 R2:0 R3:11 R4:11430 R5:4716 R6:7772 R7:3424
[LOG_TRACE] 003424 100000: bpl 003426
[LOG_TRACE] R0:3420 R1:3450 R2:0 R3:11 R4:11430 R5:4716 R6:7772 R7:3426
[LOG_TRACE] 003426 000100: jmp R0
[LOG_TRACE] R0:3420 R1:3450 R2:0 R3:11 R4:11430 R5:4716 R6:7772 R7:3420
[LOG_TRACE] 003420 041415: bic (R4), (R5)
[LOG_TRACE] R0:3420 R1:3450 R2:0 R3:11 R4:11430 R5:4716 R6:7772 R7:3422
[LOG_TRACE] 003422 160104: sub R1, R4
[LOG_TRACE] R0:3420 R1:3450 R2:0 R3:11 R4:5760 R5:4716 R6:7772 R7:3424
[LOG_TRACE] 003424 100000: bpl 003426
[LOG_TRACE] R0:3420 R1:3450 R2:0 R3:11 R4:5760 R5:4716 R6:7772 R7:3426
[LOG_TRACE] 003426 000100: jmp R0
[LOG_TRACE] R0:3420 R1:3450 R2:0 R3:11 R4:5760 R5:4716 R6:7772 R7:3420
[LOG_TRACE] 003420 041415: bic (R4), (R5)
[LOG_TRACE] R0:3420 R1:3450 R2:0 R3:11 R4:5760 R5:4716 R6:7772 R7:3422
[LOG_TRACE] 003422 160104: sub R1, R4
[LOG_TRACE] R0:3420 R1:3450 R2:0 R3:11 R4:2310 R5:4716 R6:7772 R7:3424
[LOG_TRACE] 003424 100000: bpl 003426
[LOG_TRACE] R0:3420 R1:3450 R2:0 R3:11 R4:2310 R5:4716 R6:7772 R7:3426
[LOG_TRACE] 003426 000100: jmp R0
[LOG_TRACE] R0:3420 R1:3450 R2:0 R3:11 R4:2310 R5:4716 R6:7772 R7:3420
[LOG_TRACE] 003420 041415: bic (R4), (R5)
[LOG_TRACE] R0:3420 R1:3450 R2:0 R3:11 R4:2310 R5:4716 R6:7772 R7:3422
[LOG_TRACE] 003422 160104: sub R1, R4
[LOG_TRACE] R0:3420 R1:3450 R2:0 R3:11 R4:176640 R5:4716 R6:7772 R7:3424
[LOG_TRACE] 003424 100000: bpl 003426
[LOG_TRACE] R0:3420 R1:3450 R2:0 R3:11 R4:176640 R5:4716 R6:7772 R7:3426
[LOG_TRACE] 003426 000100: jmp R0
[LOG_TRACE] R0:3420 R1:3450 R2:0 R3:11 R4:176640 R5:4716 R6:7772 R7:3420
[LOG_TRACE] >>> BUS ERROR TRAP: Saving context and branching to Vector 4...
[LOG_TRACE] 003172 005011: clr (R1)
[LOG_TRACE] R0:3420 R1:3450 R2:0 R3:11 R4:176640 R5:4716 R6:7766 R7:3174
[LOG_TRACE] 003174 000002: rti (R4), (R1)
[LOG_TRACE] >>> RTI: Returned from interrupt. Restored PC: 003422
[LOG_TRACE] R0:3420 R1:3450 R2:0 R3:11 R4:176640 R5:4716 R6:7772 R7:3422
[LOG_TRACE] 003422 160104: sub R1, R4
[LOG_TRACE] R0:3420 R1:3450 R2:0 R3:11 R4:173170 R5:4716 R6:7772 R7:3424
[LOG_TRACE] 003424 100000: bpl 003426
[LOG_TRACE] R0:3420 R1:3450 R2:0 R3:11 R4:173170 R5:4716 R6:7772 R7:3426
[LOG_TRACE] 003426 000100: jmp R0
[LOG_TRACE] R0:3420 R1:3450 R2:0 R3:11 R4:173170 R5:4716 R6:7772 R7:3420
[LOG_TRACE] >>> BUS ERROR TRAP: Saving context and branching to Vector 4...
[LOG_TRACE] 003172 005011: clr (R1)
[LOG_TRACE] R0:3420 R1:3450 R2:0 R3:11 R4:173170 R5:4716 R6:7766 R7:3174
[LOG_TRACE] 003174 000002: rti (R4), (R1)
[LOG_TRACE] >>> RTI: Returned from interrupt. Restored PC: 003422
[LOG_TRACE] R0:3420 R1:3450 R2:0 R3:11 R4:173170 R5:4716 R6:7772 R7:3422
[LOG_TRACE] 003422 160104: sub R1, R4
[LOG_TRACE] R0:3420 R1:3450 R2:0 R3:11 R4:167520 R5:4716 R6:7772 R7:3424
[LOG_TRACE] 003424 100000: bpl 003426
[LOG_TRACE] R0:3420 R1:3450 R2:0 R3:11 R4:167520 R5:4716 R6:7772 R7:3426
[LOG_TRACE] 003426 000100: jmp R0
[LOG_TRACE] R0:3420 R1:3450 R2:0 R3:11 R4:167520 R5:4716 R6:7772 R7:3420
[LOG_TRACE] >>> BUS ERROR TRAP: Saving context and branching to Vector 4...
[LOG_TRACE] 003172 005011: clr (R1)
[LOG_TRACE] R0:3420 R1:3450 R2:0 R3:11 R4:167520 R5:4716 R6:7766 R7:3174
[LOG_TRACE] 003174 000002: rti (R4), (R1)
[LOG_TRACE] >>> RTI: Returned from interrupt. Restored PC: 003422
[LOG_TRACE] R0:3420 R1:3450 R2:0 R3:11 R4:167520 R5:4716 R6:7772 R7:3422
[LOG_TRACE] 003422 160104: sub R1, R4
[LOG_TRACE] R0:3420 R1:3450 R2:0 R3:11 R4:164050 R5:4716 R6:7772 R7:3424
[LOG_TRACE] 003424 100000: bpl 003426
[LOG_TRACE] R0:3420 R1:3450 R2:0 R3:11 R4:164050 R5:4716 R6:7772 R7:3426
[LOG_TRACE] 003426 000100: jmp R0
[LOG_TRACE] R0:3420 R1:3450 R2:0 R3:11 R4:164050 R5:4716 R6:7772 R7:3420
[LOG_TRACE] >>> BUS ERROR TRAP: Saving context and branching to Vector 4...
[LOG_TRACE] 003172 005011: clr (R1)
[LOG_TRACE] R0:3420 R1:3450 R2:0 R3:11 R4:164050 R5:4716 R6:7766 R7:3174
[LOG_TRACE] 003174 000002: rti (R4), (R1)
[LOG_TRACE] >>> RTI: Returned from interrupt. Restored PC: 003422
[LOG_TRACE] R0:3420 R1:3450 R2:0 R3:11 R4:164050 R5:4716 R6:7772 R7:3422
[LOG_TRACE] 003422 160104: sub R1, R4
[LOG_TRACE] R0:3420 R1:3450 R2:0 R3:11 R4:160400 R5:4716 R6:7772 R7:3424
[LOG_TRACE] 003424 100000: bpl 003426
[LOG_TRACE] R0:3420 R1:3450 R2:0 R3:11 R4:160400 R5:4716 R6:7772 R7:3426
[LOG_TRACE] 003426 000100: jmp R0
[LOG_TRACE] R0:3420 R1:3450 R2:0 R3:11 R4:160400 R5:4716 R6:7772 R7:3420
[LOG_TRACE] >>> BUS ERROR TRAP: Saving context and branching to Vector 4...
[LOG_TRACE] 003172 005011: clr (R1)
[LOG_TRACE] R0:3420 R1:3450 R2:0 R3:11 R4:160400 R5:4716 R6:7766 R7:3174
[LOG_TRACE] 003174 000002: rti (R4), (R1)
[LOG_TRACE] >>> RTI: Returned from interrupt. Restored PC: 003422
[LOG_TRACE] R0:3420 R1:3450 R2:0 R3:11 R4:160400 R5:4716 R6:7772 R7:3422
[LOG_TRACE] 003422 160104: sub R1, R4
[LOG_TRACE] R0:3420 R1:3450 R2:0 R3:11 R4:154730 R5:4716 R6:7772 R7:3424
[LOG_TRACE] 003424 100000: bpl 003426
[LOG_TRACE] R0:3420 R1:3450 R2:0 R3:11 R4:154730 R5:4716 R6:7772 R7:3426
[LOG_TRACE] 003426 000100: jmp R0
[LOG_TRACE] R0:3420 R1:3450 R2:0 R3:11 R4:154730 R5:4716 R6:7772 R7:3420
[LOG_TRACE] 003420 041415: bic (R4), (R5)
[LOG_TRACE] R0:3420 R1:3450 R2:0 R3:11 R4:154730 R5:4716 R6:7772 R7:3422
[LOG_TRACE] 003422 160104: sub R1, R4
[LOG_TRACE] R0:3420 R1:3450 R2:0 R3:11 R4:151260 R5:4716 R6:7772 R7:3424
[LOG_TRACE] 003424 100000: bpl 003426
[LOG_TRACE] R0:3420 R1:3450 R2:0 R3:11 R4:151260 R5:4716 R6:7772 R7:3426
[LOG_TRACE] 003426 000100: jmp R0
[LOG_TRACE] R0:3420 R1:3450 R2:0 R3:11 R4:151260 R5:4716 R6:7772 R7:3420
[LOG_TRACE] 003420 041415: bic (R4), (R5)
[LOG_TRACE] R0:3420 R1:3450 R2:0 R3:11 R4:151260 R5:4716 R6:7772 R7:3422
[LOG_TRACE] 003422 160104: sub R1, R4
[LOG_TRACE] R0:3420 R1:3450 R2:0 R3:11 R4:145610 R5:4716 R6:7772 R7:3424
[LOG_TRACE] 003424 100000: bpl 003426
[LOG_TRACE] R0:3420 R1:3450 R2:0 R3:11 R4:145610 R5:4716 R6:7772 R7:3426
[LOG_TRACE] 003426 000100: jmp R0
[LOG_TRACE] R0:3420 R1:3450 R2:0 R3:11 R4:145610 R5:4716 R6:7772 R7:3420
[LOG_TRACE] 003420 041415: bic (R4), (R5)
[LOG_TRACE] R0:3420 R1:3450 R2:0 R3:11 R4:145610 R5:4716 R6:7772 R7:3422
[LOG_TRACE] 003422 160104: sub R1, R4
[LOG_TRACE] R0:3420 R1:3450 R2:0 R3:11 R4:142140 R5:4716 R6:7772 R7:3424
[LOG_TRACE] 003424 100000: bpl 003426
[LOG_TRACE] R0:3420 R1:3450 R2:0 R3:11 R4:142140 R5:4716 R6:7772 R7:3426
[LOG_TRACE] 003426 000100: jmp R0
[LOG_TRACE] R0:3420 R1:3450 R2:0 R3:11 R4:142140 R5:4716 R6:7772 R7:3420
[LOG_TRACE] 003420 041415: bic (R4), (R5)
[LOG_TRACE] R0:3420 R1:3450 R2:0 R3:11 R4:142140 R5:4716 R6:7772 R7:3422
[LOG_TRACE] 003422 160104: sub R1, R4
[LOG_TRACE] R0:3420 R1:3450 R2:0 R3:11 R4:136470 R5:4716 R6:7772 R7:3424
[LOG_TRACE] 003424 100000: bpl 003426
[LOG_TRACE] R0:3420 R1:3450 R2:0 R3:11 R4:136470 R5:4716 R6:7772 R7:3426
[LOG_TRACE] 003426 000100: jmp R0
[LOG_TRACE] R0:3420 R1:3450 R2:0 R3:11 R4:136470 R5:4716 R6:7772 R7:3420
[LOG_TRACE] 003420 041415: bic (R4), (R5)
[LOG_TRACE] R0:3420 R1:3450 R2:0 R3:11 R4:136470 R5:4716 R6:7772 R7:3422
[LOG_TRACE] 003422 160104: sub R1, R4
[LOG_TRACE] R0:3420 R1:3450 R2:0 R3:11 R4:133020 R5:4716 R6:7772 R7:3424
[LOG_TRACE] 003424 100000: bpl 003426
[LOG_TRACE] R0:3420 R1:3450 R2:0 R3:11 R4:133020 R5:4716 R6:7772 R7:3426
[LOG_TRACE] 003426 000100: jmp R0
[LOG_TRACE] R0:3420 R1:3450 R2:0 R3:11 R4:133020 R5:4716 R6:7772 R7:3420
[LOG_TRACE] 003420 041415: bic (R4), (R5)
[LOG_TRACE] R0:3420 R1:3450 R2:0 R3:11 R4:133020 R5:4716 R6:7772 R7:3422
[LOG_TRACE] 003422 160104: sub R1, R4
[LOG_TRACE] R0:3420 R1:3450 R2:0 R3:11 R4:127350 R5:4716 R6:7772 R7:3424
[LOG_TRACE] 003424 100000: bpl 003426
[LOG_TRACE] R0:3420 R1:3450 R2:0 R3:11 R4:127350 R5:4716 R6:7772 R7:3426
[LOG_TRACE] 003426 000100: jmp R0
[LOG_TRACE] R0:3420 R1:3450 R2:0 R3:11 R4:127350 R5:4716 R6:7772 R7:3420
[LOG_TRACE] 003420 041415: bic (R4), (R5)
[LOG_TRACE] R0:3420 R1:3450 R2:0 R3:11 R4:127350 R5:4716 R6:7772 R7:3422
[LOG_TRACE] 003422 160104: sub R1, R4
[LOG_TRACE] R0:3420 R1:3450 R2:0 R3:11 R4:123700 R5:4716 R6:7772 R7:3424
[LOG_TRACE] 003424 100000: bpl 003426
[LOG_TRACE] R0:3420 R1:3450 R2:0 R3:11 R4:123700 R5:4716 R6:7772 R7:3426
[LOG_TRACE] 003426 000100: jmp R0
[LOG_TRACE] R0:3420 R1:3450 R2:0 R3:11 R4:123700 R5:4716 R6:7772 R7:3420
[LOG_TRACE] 003420 041415: bic (R4), (R5)
[LOG_TRACE] R0:3420 R1:3450 R2:0 R3:11 R4:123700 R5:4716 R6:7772 R7:3422
[LOG_TRACE] 003422 160104: sub R1, R4
[LOG_TRACE] R0:3420 R1:3450 R2:0 R3:11 R4:120230 R5:4716 R6:7772 R7:3424
[LOG_TRACE] 003424 100000: bpl 003426
[LOG_TRACE] R0:3420 R1:3450 R2:0 R3:11 R4:120230 R5:4716 R6:7772 R7:3426
[LOG_TRACE] 003426 000100: jmp R0
[LOG_TRACE] R0:3420 R1:3450 R2:0 R3:11 R4:120230 R5:4716 R6:7772 R7:3420
[LOG_TRACE] 003420 041415: bic (R4), (R5)
[LOG_TRACE] R0:3420 R1:3450 R2:0 R3:11 R4:120230 R5:4716 R6:7772 R7:3422
[LOG_TRACE] 003422 160104: sub R1, R4
[LOG_TRACE] R0:3420 R1:3450 R2:0 R3:11 R4:114560 R5:4716 R6:7772 R7:3424
[LOG_TRACE] 003424 100000: bpl 003426
[LOG_TRACE] R0:3420 R1:3450 R2:0 R3:11 R4:114560 R5:4716 R6:7772 R7:3426
[LOG_TRACE] 003426 000100: jmp R0
[LOG_TRACE] R0:3420 R1:3450 R2:0 R3:11 R4:114560 R5:4716 R6:7772 R7:3420
[LOG_TRACE] 003420 041415: bic (R4), (R5)
[LOG_TRACE] R0:3420 R1:3450 R2:0 R3:11 R4:114560 R5:4716 R6:7772 R7:3422
[LOG_TRACE] 003422 160104: sub R1, R4
[LOG_TRACE] R0:3420 R1:3450 R2:0 R3:11 R4:111110 R5:4716 R6:7772 R7:3424
[LOG_TRACE] 003424 100000: bpl 003426
[LOG_TRACE] R0:3420 R1:3450 R2:0 R3:11 R4:111110 R5:4716 R6:7772 R7:3426
[LOG_TRACE] 003426 000100: jmp R0
[LOG_TRACE] R0:3420 R1:3450 R2:0 R3:11 R4:111110 R5:4716 R6:7772 R7:3420
[LOG_TRACE] 003420 041415: bic (R4), (R5)
[LOG_TRACE] R0:3420 R1:3450 R2:0 R3:11 R4:111110 R5:4716 R6:7772 R7:3422
[LOG_TRACE] 003422 160104: sub R1, R4
[LOG_TRACE] R0:3420 R1:3450 R2:0 R3:11 R4:105440 R5:4716 R6:7772 R7:3424
[LOG_TRACE] 003424 100000: bpl 003426
[LOG_TRACE] R0:3420 R1:3450 R2:0 R3:11 R4:105440 R5:4716 R6:7772 R7:3426
[LOG_TRACE] 003426 000100: jmp R0
[LOG_TRACE] R0:3420 R1:3450 R2:0 R3:11 R4:105440 R5:4716 R6:7772 R7:3420
[LOG_TRACE] 003420 041415: bic (R4), (R5)
[LOG_TRACE] R0:3420 R1:3450 R2:0 R3:11 R4:105440 R5:4716 R6:7772 R7:3422
[LOG_TRACE] 003422 160104: sub R1, R4
[LOG_TRACE] R0:3420 R1:3450 R2:0 R3:11 R4:101770 R5:4716 R6:7772 R7:3424
[LOG_TRACE] 003424 100000: bpl 003426
[LOG_TRACE] R0:3420 R1:3450 R2:0 R3:11 R4:101770 R5:4716 R6:7772 R7:3426
[LOG_TRACE] 003426 000100: jmp R0
[LOG_TRACE] R0:3420 R1:3450 R2:0 R3:11 R4:101770 R5:4716 R6:7772 R7:3420
[LOG_TRACE] 003420 041415: bic (R4), (R5)
[LOG_TRACE] R0:3420 R1:3450 R2:0 R3:11 R4:101770 R5:4716 R6:7772 R7:3422
[LOG_TRACE] 003422 160104: sub R1, R4
[LOG_TRACE] R0:3420 R1:3450 R2:0 R3:11 R4:76320 R5:4716 R6:7772 R7:3424
[LOG_TRACE] 003424 100000: bpl 003426
[LOG_TRACE] R0:3420 R1:3450 R2:0 R3:11 R4:76320 R5:4716 R6:7772 R7:3426
[LOG_TRACE] 003426 000100: jmp R0
[LOG_TRACE] R0:3420 R1:3450 R2:0 R3:11 R4:76320 R5:4716 R6:7772 R7:3420
[LOG_TRACE] 003420 041415: bic (R4), (R5)
[LOG_TRACE] R0:3420 R1:3450 R2:0 R3:11 R4:76320 R5:4716 R6:7772 R7:3422
[LOG_TRACE] 003422 160104: sub R1, R4
[LOG_TRACE] R0:3420 R1:3450 R2:0 R3:11 R4:72650 R5:4716 R6:7772 R7:3424
[LOG_TRACE] 003424 100000: bpl 003426
[LOG_TRACE] R0:3420 R1:3450 R2:0 R3:11 R4:72650 R5:4716 R6:7772 R7:3426
[LOG_TRACE] 003426 000100: jmp R0
[LOG_TRACE] R0:3420 R1:3450 R2:0 R3:11 R4:72650 R5:4716 R6:7772 R7:3420
[LOG_TRACE] 003420 041415: bic (R4), (R5)
[LOG_TRACE] R0:3420 R1:3450 R2:0 R3:11 R4:72650 R5:4716 R6:7772 R7:3422
[LOG_TRACE] 003422 160104: sub R1, R4
[LOG_TRACE] R0:3420 R1:3450 R2:0 R3:11 R4:67200 R5:4716 R6:7772 R7:3424
[LOG_TRACE] 003424 100000: bpl 003426
[LOG_TRACE] R0:3420 R1:3450 R2:0 R3:11 R4:67200 R5:4716 R6:7772 R7:3426
[LOG_TRACE] 003426 000100: jmp R0
[LOG_TRACE] R0:3420 R1:3450 R2:0 R3:11 R4:67200 R5:4716 R6:7772 R7:3420
[LOG_TRACE] 003420 041415: bic (R4), (R5)
[LOG_TRACE] R0:3420 R1:3450 R2:0 R3:11 R4:67200 R5:4716 R6:7772 R7:3422
[LOG_TRACE] 003422 160104: sub R1, R4
[LOG_TRACE] R0:3420 R1:3450 R2:0 R3:11 R4:63530 R5:4716 R6:7772 R7:3424
[LOG_TRACE] 003424 100000: bpl 003426
[LOG_TRACE] R0:3420 R1:3450 R2:0 R3:11 R4:63530 R5:4716 R6:7772 R7:3426
[LOG_TRACE] 003426 000100: jmp R0
[LOG_TRACE] R0:3420 R1:3450 R2:0 R3:11 R4:63530 R5:4716 R6:7772 R7:3420
[LOG_TRACE] 003420 041415: bic (R4), (R5)
[LOG_TRACE] R0:3420 R1:3450 R2:0 R3:11 R4:63530 R5:4716 R6:7772 R7:3422
[LOG_TRACE] 003422 160104: sub R1, R4
[LOG_TRACE] R0:3420 R1:3450 R2:0 R3:11 R4:60060 R5:4716 R6:7772 R7:3424
[LOG_TRACE] 003424 100000: bpl 003426
[LOG_TRACE] R0:3420 R1:3450 R2:0 R3:11 R4:60060 R5:4716 R6:7772 R7:3426
[LOG_TRACE] 003426 000100: jmp R0
[LOG_TRACE] R0:3420 R1:3450 R2:0 R3:11 R4:60060 R5:4716 R6:7772 R7:3420
[LOG_TRACE] 003420 041415: bic (R4), (R5)
[LOG_TRACE] R0:3420 R1:3450 R2:0 R3:11 R4:60060 R5:4716 R6:7772 R7:3422
[LOG_TRACE] 003422 160104: sub R1, R4
[LOG_TRACE] R0:3420 R1:3450 R2:0 R3:11 R4:54410 R5:4716 R6:7772 R7:3424
[LOG_TRACE] 003424 100000: bpl 003426
[LOG_TRACE] R0:3420 R1:3450 R2:0 R3:11 R4:54410 R5:4716 R6:7772 R7:3426
[LOG_TRACE] 003426 000100: jmp R0
[LOG_TRACE] R0:3420 R1:3450 R2:0 R3:11 R4:54410 R5:4716 R6:7772 R7:3420
[LOG_TRACE] 003420 041415: bic (R4), (R5)
[LOG_TRACE] R0:3420 R1:3450 R2:0 R3:11 R4:54410 R5:4716 R6:7772 R7:3422
[LOG_TRACE] 003422 160104: sub R1, R4
[LOG_TRACE] R0:3420 R1:3450 R2:0 R3:11 R4:50740 R5:4716 R6:7772 R7:3424
[LOG_TRACE] 003424 100000: bpl 003426
[LOG_TRACE] R0:3420 R1:3450 R2:0 R3:11 R4:50740 R5:4716 R6:7772 R7:3426
[LOG_TRACE] 003426 000100: jmp R0
[LOG_TRACE] R0:3420 R1:3450 R2:0 R3:11 R4:50740 R5:4716 R6:7772 R7:3420
[LOG_TRACE] 003420 041415: bic (R4), (R5)
[LOG_TRACE] R0:3420 R1:3450 R2:0 R3:11 R4:50740 R5:4716 R6:7772 R7:3422
[LOG_TRACE] 003422 160104: sub R1, R4
[LOG_TRACE] R0:3420 R1:3450 R2:0 R3:11 R4:45270 R5:4716 R6:7772 R7:3424
[LOG_TRACE] 003424 100000: bpl 003426
[LOG_TRACE] R0:3420 R1:3450 R2:0 R3:11 R4:45270 R5:4716 R6:7772 R7:3426
[LOG_TRACE] 003426 000100: jmp R0
[LOG_TRACE] R0:3420 R1:3450 R2:0 R3:11 R4:45270 R5:4716 R6:7772 R7:3420
[LOG_TRACE] 003420 041415: bic (R4), (R5)
[LOG_TRACE] R0:3420 R1:3450 R2:0 R3:11 R4:45270 R5:4716 R6:7772 R7:3422
[LOG_TRACE] 003422 160104: sub R1, R4
[LOG_TRACE] R0:3420 R1:3450 R2:0 R3:11 R4:41620 R5:4716 R6:7772 R7:3424
[LOG_TRACE] 003424 100000: bpl 003426
[LOG_TRACE] R0:3420 R1:3450 R2:0 R3:11 R4:41620 R5:4716 R6:7772 R7:3426
[LOG_TRACE] 003426 000100: jmp R0
[LOG_TRACE] R0:3420 R1:3450 R2:0 R3:11 R4:41620 R5:4716 R6:7772 R7:3420
[LOG_TRACE] 003420 041415: bic (R4), (R5)
[LOG_TRACE] R0:3420 R1:3450 R2:0 R3:11 R4:41620 R5:4716 R6:7772 R7:3422
[LOG_TRACE] 003422 160104: sub R1, R4
[LOG_TRACE] R0:3420 R1:3450 R2:0 R3:11 R4:36150 R5:4716 R6:7772 R7:3424
[LOG_TRACE] 003424 100000: bpl 003426
[LOG_TRACE] R0:3420 R1:3450 R2:0 R3:11 R4:36150 R5:4716 R6:7772 R7:3426
[LOG_TRACE] 003426 000100: jmp R0
[LOG_TRACE] R0:3420 R1:3450 R2:0 R3:11 R4:36150 R5:4716 R6:7772 R7:3420
[LOG_TRACE] 003420 041415: bic (R4), (R5)
[LOG_TRACE] R0:3420 R1:3450 R2:0 R3:11 R4:36150 R5:4716 R6:7772 R7:3422
[LOG_TRACE] 003422 160104: sub R1, R4
[LOG_TRACE] R0:3420 R1:3450 R2:0 R3:11 R4:32500 R5:4716 R6:7772 R7:3424
[LOG_TRACE] 003424 100000: bpl 003426
[LOG_TRACE] R0:3420 R1:3450 R2:0 R3:11 R4:32500 R5:4716 R6:7772 R7:3426
[LOG_TRACE] 003426 000100: jmp R0
[LOG_TRACE] R0:3420 R1:3450 R2:0 R3:11 R4:32500 R5:4716 R6:7772 R7:3420
[LOG_TRACE] 003420 041415: bic (R4), (R5)
[LOG_TRACE] R0:3420 R1:3450 R2:0 R3:11 R4:32500 R5:4716 R6:7772 R7:3422
[LOG_TRACE] 003422 160104: sub R1, R4
[LOG_TRACE] R0:3420 R1:3450 R2:0 R3:11 R4:27030 R5:4716 R6:7772 R7:3424
[LOG_TRACE] 003424 100000: bpl 003426
[LOG_TRACE] R0:3420 R1:3450 R2:0 R3:11 R4:27030 R5:4716 R6:7772 R7:3426
[LOG_TRACE] 003426 000100: jmp R0
[LOG_TRACE] R0:3420 R1:3450 R2:0 R3:11 R4:27030 R5:4716 R6:7772 R7:3420
[LOG_TRACE] 003420 041415: bic (R4), (R5)
[LOG_TRACE] R0:3420 R1:3450 R2:0 R3:11 R4:27030 R5:4716 R6:7772 R7:3422
[LOG_TRACE] 003422 160104: sub R1, R4
[LOG_TRACE] R0:3420 R1:3450 R2:0 R3:11 R4:23360 R5:4716 R6:7772 R7:3424
[LOG_TRACE] 003424 100000: bpl 003426
[LOG_TRACE] R0:3420 R1:3450 R2:0 R3:11 R4:23360 R5:4716 R6:7772 R7:3426
[LOG_TRACE] 003426 000100: jmp R0
[LOG_TRACE] R0:3420 R1:3450 R2:0 R3:11 R4:23360 R5:4716 R6:7772 R7:3420
[LOG_TRACE] 003420 041415: bic (R4), (R5)
[LOG_TRACE] R0:3420 R1:3450 R2:0 R3:11 R4:23360 R5:4716 R6:7772 R7:3422
[LOG_TRACE] 003422 160104: sub R1, R4
[LOG_TRACE] R0:3420 R1:3450 R2:0 R3:11 R4:17710 R5:4716 R6:7772 R7:3424
[LOG_TRACE] 003424 100000: bpl 003426
[LOG_TRACE] R0:3420 R1:3450 R2:0 R3:11 R4:17710 R5:4716 R6:7772 R7:3426
[LOG_TRACE] 003426 000100: jmp R0
[LOG_TRACE] R0:3420 R1:3450 R2:0 R3:11 R4:17710 R5:4716 R6:7772 R7:3420
[LOG_TRACE] 003420 041415: bic (R4), (R5)
[LOG_TRACE] R0:3420 R1:3450 R2:0 R3:11 R4:17710 R5:4716 R6:7772 R7:3422
[LOG_TRACE] 003422 160104: sub R1, R4
[LOG_TRACE] R0:3420 R1:3450 R2:0 R3:11 R4:14240 R5:4716 R6:7772 R7:3424
[LOG_TRACE] 003424 100000: bpl 003426
[LOG_TRACE] R0:3420 R1:3450 R2:0 R3:11 R4:14240 R5:4716 R6:7772 R7:3426
[LOG_TRACE] 003426 000100: jmp R0
[LOG_TRACE] R0:3420 R1:3450 R2:0 R3:11 R4:14240 R5:4716 R6:7772 R7:3420
[LOG_TRACE] 003420 041415: bic (R4), (R5)
[LOG_TRACE] R0:3420 R1:3450 R2:0 R3:11 R4:14240 R5:4716 R6:7772 R7:3422
[LOG_TRACE] 003422 160104: sub R1, R4
[LOG_TRACE] R0:3420 R1:3450 R2:0 R3:11 R4:10570 R5:4716 R6:7772 R7:3424
[LOG_TRACE] 003424 100000: bpl 003426
[LOG_TRACE] R0:3420 R1:3450 R2:0 R3:11 R4:10570 R5:4716 R6:7772 R7:3426
[LOG_TRACE] 003426 000100: jmp R0
[LOG_TRACE] R0:3420 R1:3450 R2:0 R3:11 R4:10570 R5:4716 R6:7772 R7:3420
[LOG_TRACE] 003420 041415: bic (R4), (R5)
[LOG_TRACE] R0:3420 R1:3450 R2:0 R3:11 R4:10570 R5:4716 R6:7772 R7:3422
[LOG_TRACE] 003422 160104: sub R1, R4
[LOG_TRACE] R0:3420 R1:3450 R2:0 R3:11 R4:5120 R5:4716 R6:7772 R7:3424
[LOG_TRACE] 003424 100000: bpl 003426
[LOG_TRACE] R0:3420 R1:3450 R2:0 R3:11 R4:5120 R5:4716 R6:7772 R7:3426
[LOG_TRACE] 003426 000100: jmp R0
[LOG_TRACE] R0:3420 R1:3450 R2:0 R3:11 R4:5120 R5:4716 R6:7772 R7:3420
[LOG_TRACE] 003420 041415: bic (R4), (R5)
[LOG_TRACE] R0:3420 R1:3450 R2:0 R3:11 R4:5120 R5:4716 R6:7772 R7:3422
[LOG_TRACE] 003422 160104: sub R1, R4
[LOG_TRACE] R0:3420 R1:3450 R2:0 R3:11 R4:1450 R5:4716 R6:7772 R7:3424
[LOG_TRACE] 003424 100000: bpl 003426
[LOG_TRACE] R0:3420 R1:3450 R2:0 R3:11 R4:1450 R5:4716 R6:7772 R7:3426
[LOG_TRACE] 003426 000100: jmp R0
[LOG_TRACE] R0:3420 R1:3450 R2:0 R3:11 R4:1450 R5:4716 R6:7772 R7:3420
[LOG_TRACE] 003420 041415: bic (R4), (R5)
[LOG_TRACE] R0:3420 R1:3450 R2:0 R3:11 R4:1450 R5:4716 R6:7772 R7:3422
[LOG_TRACE] 003422 160104: sub R1, R4
[LOG_TRACE] R0:3420 R1:3450 R2:0 R3:11 R4:176000 R5:4716 R6:7772 R7:3424
[LOG_TRACE] 003424 100000: bpl 003426
[LOG_TRACE] R0:3420 R1:3450 R2:0 R3:11 R4:176000 R5:4716 R6:7772 R7:3426
[LOG_TRACE] 003426 000100: jmp R0
[LOG_TRACE] R0:3420 R1:3450 R2:0 R3:11 R4:176000 R5:4716 R6:7772 R7:3420
[LOG_TRACE] >>> BUS ERROR TRAP: Saving context and branching to Vector 4...
[LOG_TRACE] 003172 005011: clr (R1)
[LOG_TRACE] R0:3420 R1:3450 R2:0 R3:11 R4:176000 R5:4716 R6:7766 R7:3174
[LOG_TRACE] 003174 000002: rti (R4), (R1)
[LOG_TRACE] >>> RTI: Returned from interrupt. Restored PC: 003422
[LOG_TRACE] R0:3420 R1:3450 R2:0 R3:11 R4:176000 R5:4716 R6:7772 R7:3422
[LOG_TRACE] 003422 160104: sub R1, R4
[LOG_TRACE] R0:3420 R1:3450 R2:0 R3:11 R4:172330 R5:4716 R6:7772 R7:3424
[LOG_TRACE] 003424 100000: bpl 003426
[LOG_TRACE] R0:3420 R1:3450 R2:0 R3:11 R4:172330 R5:4716 R6:7772 R7:3426
[LOG_TRACE] 003426 000100: jmp R0
[LOG_TRACE] R0:3420 R1:3450 R2:0 R3:11 R4:172330 R5:4716 R6:7772 R7:3420
[LOG_TRACE] >>> BUS ERROR TRAP: Saving context and branching to Vector 4...
[LOG_TRACE] 003172 005011: clr (R1)
[LOG_TRACE] R0:3420 R1:3450 R2:0 R3:11 R4:172330 R5:4716 R6:7766 R7:3174
[LOG_TRACE] 003174 000002: rti (R4), (R1)
[LOG_TRACE] >>> RTI: Returned from interrupt. Restored PC: 003422
[LOG_TRACE] R0:3420 R1:3450 R2:0 R3:11 R4:172330 R5:4716 R6:7772 R7:3422
[LOG_TRACE] 003422 160104: sub R1, R4
[LOG_TRACE] R0:3420 R1:3450 R2:0 R3:11 R4:166660 R5:4716 R6:7772 R7:3424
[LOG_TRACE] 003424 100000: bpl 003426
[LOG_TRACE] R0:3420 R1:3450 R2:0 R3:11 R4:166660 R5:4716 R6:7772 R7:3426
[LOG_TRACE] 003426 000100: jmp R0
[LOG_TRACE] R0:3420 R1:3450 R2:0 R3:11 R4:166660 R5:4716 R6:7772 R7:3420
[LOG_TRACE] >>> BUS ERROR TRAP: Saving context and branching to Vector 4...
[LOG_TRACE] 003172 005011: clr (R1)
[LOG_TRACE] R0:3420 R1:3450 R2:0 R3:11 R4:166660 R5:4716 R6:7766 R7:3174
[LOG_TRACE] 003174 000002: rti (R4), (R1)
[LOG_TRACE] >>> RTI: Returned from interrupt. Restored PC: 003422
[LOG_TRACE] R0:3420 R1:3450 R2:0 R3:11 R4:166660 R5:4716 R6:7772 R7:3422
[LOG_TRACE] 003422 160104: sub R1, R4
[LOG_TRACE] R0:3420 R1:3450 R2:0 R3:11 R4:163210 R5:4716 R6:7772 R7:3424
[LOG_TRACE] 003424 100000: bpl 003426
[LOG_TRACE] R0:3420 R1:3450 R2:0 R3:11 R4:163210 R5:4716 R6:7772 R7:3426
[LOG_TRACE] 003426 000100: jmp R0
[LOG_TRACE] R0:3420 R1:3450 R2:0 R3:11 R4:163210 R5:4716 R6:7772 R7:3420
[LOG_TRACE] >>> BUS ERROR TRAP: Saving context and branching to Vector 4...
[LOG_TRACE] 003172 005011: clr (R1)
[LOG_TRACE] R0:3420 R1:3450 R2:0 R3:11 R4:163210 R5:4716 R6:7766 R7:3174
[LOG_TRACE] 003174 000002: rti (R4), (R1)
[LOG_TRACE] >>> RTI: Returned from interrupt. Restored PC: 003422
[LOG_TRACE] R0:3420 R1:3450 R2:0 R3:11 R4:163210 R5:4716 R6:7772 R7:3422
[LOG_TRACE] 003422 160104: sub R1, R4
[LOG_TRACE] R0:3420 R1:3450 R2:0 R3:11 R4:157540 R5:4716 R6:7772 R7:3424
[LOG_TRACE] 003424 100000: bpl 003426
[LOG_TRACE] R0:3420 R1:3450 R2:0 R3:11 R4:157540 R5:4716 R6:7772 R7:3426
[LOG_TRACE] 003426 000100: jmp R0
[LOG_TRACE] R0:3420 R1:3450 R2:0 R3:11 R4:157540 R5:4716 R6:7772 R7:3420
[LOG_TRACE] 003420 041415: bic (R4), (R5)
[LOG_TRACE] R0:3420 R1:3450 R2:0 R3:11 R4:157540 R5:4716 R6:7772 R7:3422
[LOG_TRACE] 003422 160104: sub R1, R4
[LOG_TRACE] R0:3420 R1:3450 R2:0 R3:11 R4:154070 R5:4716 R6:7772 R7:3424
[LOG_TRACE] 003424 100000: bpl 003426
[LOG_TRACE] R0:3420 R1:3450 R2:0 R3:11 R4:154070 R5:4716 R6:7772 R7:3426
[LOG_TRACE] 003426 000100: jmp R0
[LOG_TRACE] R0:3420 R1:3450 R2:0 R3:11 R4:154070 R5:4716 R6:7772 R7:3420
[LOG_TRACE] 003420 041415: bic (R4), (R5)
[LOG_TRACE] R0:3420 R1:3450 R2:0 R3:11 R4:154070 R5:4716 R6:7772 R7:3422
[LOG_TRACE] 003422 160104: sub R1, R4
[LOG_TRACE] R0:3420 R1:3450 R2:0 R3:11 R4:150420 R5:4716 R6:7772 R7:3424
[LOG_TRACE] 003424 100000: bpl 003426
[LOG_TRACE] R0:3420 R1:3450 R2:0 R3:11 R4:150420 R5:4716 R6:7772 R7:3426
[LOG_TRACE] 003426 000100: jmp R0
[LOG_TRACE] R0:3420 R1:3450 R2:0 R3:11 R4:150420 R5:4716 R6:7772 R7:3420
[LOG_TRACE] 003420 041415: bic (R4), (R5)
[LOG_TRACE] R0:3420 R1:3450 R2:0 R3:11 R4:150420 R5:4716 R6:7772 R7:3422
[LOG_TRACE] 003422 160104: sub R1, R4
[LOG_TRACE] R0:3420 R1:3450 R2:0 R3:11 R4:144750 R5:4716 R6:7772 R7:3424
[LOG_TRACE] 003424 100000: bpl 003426
[LOG_TRACE] R0:3420 R1:3450 R2:0 R3:11 R4:144750 R5:4716 R6:7772 R7:3426
[LOG_TRACE] 003426 000100: jmp R0
[LOG_TRACE] R0:3420 R1:3450 R2:0 R3:11 R4:144750 R5:4716 R6:7772 R7:3420
[LOG_TRACE] 003420 041415: bic (R4), (R5)
[LOG_TRACE] R0:3420 R1:3450 R2:0 R3:11 R4:144750 R5:4716 R6:7772 R7:3422
[LOG_TRACE] 003422 160104: sub R1, R4
[LOG_TRACE] R0:3420 R1:3450 R2:0 R3:11 R4:141300 R5:4716 R6:7772 R7:3424
[LOG_TRACE] 003424 100000: bpl 003426
[LOG_TRACE] R0:3420 R1:3450 R2:0 R3:11 R4:141300 R5:4716 R6:7772 R7:3426
[LOG_TRACE] 003426 000100: jmp R0
[LOG_TRACE] R0:3420 R1:3450 R2:0 R3:11 R4:141300 R5:4716 R6:7772 R7:3420
[LOG_TRACE] 003420 041415: bic (R4), (R5)
[LOG_TRACE] R0:3420 R1:3450 R2:0 R3:11 R4:141300 R5:4716 R6:7772 R7:3422
[LOG_TRACE] 003422 160104: sub R1, R4
[LOG_TRACE] R0:3420 R1:3450 R2:0 R3:11 R4:135630 R5:4716 R6:7772 R7:3424
[LOG_TRACE] 003424 100000: bpl 003426
[LOG_TRACE] R0:3420 R1:3450 R2:0 R3:11 R4:135630 R5:4716 R6:7772 R7:3426
[LOG_TRACE] 003426 000100: jmp R0
[LOG_TRACE] R0:3420 R1:3450 R2:0 R3:11 R4:135630 R5:4716 R6:7772 R7:3420
[LOG_TRACE] 003420 041415: bic (R4), (R5)
[LOG_TRACE] R0:3420 R1:3450 R2:0 R3:11 R4:135630 R5:4716 R6:7772 R7:3422
[LOG_TRACE] 003422 160104: sub R1, R4
[LOG_TRACE] R0:3420 R1:3450 R2:0 R3:11 R4:132160 R5:4716 R6:7772 R7:3424
[LOG_TRACE] 003424 100000: bpl 003426
[LOG_TRACE] R0:3420 R1:3450 R2:0 R3:11 R4:132160 R5:4716 R6:7772 R7:3426
[LOG_TRACE] 003426 000100: jmp R0
[LOG_TRACE] R0:3420 R1:3450 R2:0 R3:11 R4:132160 R5:4716 R6:7772 R7:3420
[LOG_TRACE] 003420 041415: bic (R4), (R5)
[LOG_TRACE] R0:3420 R1:3450 R2:0 R3:11 R4:132160 R5:4716 R6:7772 R7:3422
[LOG_TRACE] 003422 160104: sub R1, R4
[LOG_TRACE] R0:3420 R1:3450 R2:0 R3:11 R4:126510 R5:4716 R6:7772 R7:3424
[LOG_TRACE] 003424 100000: bpl 003426
[LOG_TRACE] R0:3420 R1:3450 R2:0 R3:11 R4:126510 R5:4716 R6:7772 R7:3426
[LOG_TRACE] 003426 000100: jmp R0
[LOG_TRACE] R0:3420 R1:3450 R2:0 R3:11 R4:126510 R5:4716 R6:7772 R7:3420
[LOG_TRACE] 003420 041415: bic (R4), (R5)
[LOG_TRACE] R0:3420 R1:3450 R2:0 R3:11 R4:126510 R5:4716 R6:7772 R7:3422
[LOG_TRACE] 003422 160104: sub R1, R4
[LOG_TRACE] R0:3420 R1:3450 R2:0 R3:11 R4:123040 R5:4716 R6:7772 R7:3424
[LOG_TRACE] 003424 100000: bpl 003426
[LOG_TRACE] R0:3420 R1:3450 R2:0 R3:11 R4:123040 R5:4716 R6:7772 R7:3426
[LOG_TRACE] 003426 000100: jmp R0
[LOG_TRACE] R0:3420 R1:3450 R2:0 R3:11 R4:123040 R5:4716 R6:7772 R7:3420
[LOG_TRACE] 003420 041415: bic (R4), (R5)
[LOG_TRACE] R0:3420 R1:3450 R2:0 R3:11 R4:123040 R5:4716 R6:7772 R7:3422
[LOG_TRACE] 003422 160104: sub R1, R4
[LOG_TRACE] R0:3420 R1:3450 R2:0 R3:11 R4:117370 R5:4716 R6:7772 R7:3424
[LOG_TRACE] 003424 100000: bpl 003426
[LOG_TRACE] R0:3420 R1:3450 R2:0 R3:11 R4:117370 R5:4716 R6:7772 R7:3426
[LOG_TRACE] 003426 000100: jmp R0
[LOG_TRACE] R0:3420 R1:3450 R2:0 R3:11 R4:117370 R5:4716 R6:7772 R7:3420
[LOG_TRACE] 003420 041415: bic (R4), (R5)
[LOG_TRACE] R0:3420 R1:3450 R2:0 R3:11 R4:117370 R5:4716 R6:7772 R7:3422
[LOG_TRACE] 003422 160104: sub R1, R4
[LOG_TRACE] R0:3420 R1:3450 R2:0 R3:11 R4:113720 R5:4716 R6:7772 R7:3424
[LOG_TRACE] 003424 100000: bpl 003426
[LOG_TRACE] R0:3420 R1:3450 R2:0 R3:11 R4:113720 R5:4716 R6:7772 R7:3426
[LOG_TRACE] 003426 000100: jmp R0
[LOG_TRACE] R0:3420 R1:3450 R2:0 R3:11 R4:113720 R5:4716 R6:7772 R7:3420
[LOG_TRACE] 003420 041415: bic (R4), (R5)
[LOG_TRACE] R0:3420 R1:3450 R2:0 R3:11 R4:113720 R5:4716 R6:7772 R7:3422
[LOG_TRACE] 003422 160104: sub R1, R4
[LOG_TRACE] R0:3420 R1:3450 R2:0 R3:11 R4:110250 R5:4716 R6:7772 R7:3424
[LOG_TRACE] 003424 100000: bpl 003426
[LOG_TRACE] R0:3420 R1:3450 R2:0 R3:11 R4:110250 R5:4716 R6:7772 R7:3426
[LOG_TRACE] 003426 000100: jmp R0
[LOG_TRACE] R0:3420 R1:3450 R2:0 R3:11 R4:110250 R5:4716 R6:7772 R7:3420
[LOG_TRACE] 003420 041415: bic (R4), (R5)
[LOG_TRACE] R0:3420 R1:3450 R2:0 R3:11 R4:110250 R5:4716 R6:7772 R7:3422
[LOG_TRACE] 003422 160104: sub R1, R4
[LOG_TRACE] R0:3420 R1:3450 R2:0 R3:11 R4:104600 R5:4716 R6:7772 R7:3424
[LOG_TRACE] 003424 100000: bpl 003426
[LOG_TRACE] R0:3420 R1:3450 R2:0 R3:11 R4:104600 R5:4716 R6:7772 R7:3426
[LOG_TRACE] 003426 000100: jmp R0
[LOG_TRACE] R0:3420 R1:3450 R2:0 R3:11 R4:104600 R5:4716 R6:7772 R7:3420
[LOG_TRACE] 003420 041415: bic (R4), (R5)
[LOG_TRACE] R0:3420 R1:3450 R2:0 R3:11 R4:104600 R5:4716 R6:7772 R7:3422
[LOG_TRACE] 003422 160104: sub R1, R4
[LOG_TRACE] R0:3420 R1:3450 R2:0 R3:11 R4:101130 R5:4716 R6:7772 R7:3424
[LOG_TRACE] 003424 100000: bpl 003426
[LOG_TRACE] R0:3420 R1:3450 R2:0 R3:11 R4:101130 R5:4716 R6:7772 R7:3426
[LOG_TRACE] 003426 000100: jmp R0
[LOG_TRACE] R0:3420 R1:3450 R2:0 R3:11 R4:101130 R5:4716 R6:7772 R7:3420
[LOG_TRACE] 003420 041415: bic (R4), (R5)
[LOG_TRACE] R0:3420 R1:3450 R2:0 R3:11 R4:101130 R5:4716 R6:7772 R7:3422
[LOG_TRACE] 003422 160104: sub R1, R4
[LOG_TRACE] R0:3420 R1:3450 R2:0 R3:11 R4:75460 R5:4716 R6:7772 R7:3424
[LOG_TRACE] 003424 100000: bpl 003426
[LOG_TRACE] R0:3420 R1:3450 R2:0 R3:11 R4:75460 R5:4716 R6:7772 R7:3426
[LOG_TRACE] 003426 000100: jmp R0
[LOG_TRACE] R0:3420 R1:3450 R2:0 R3:11 R4:75460 R5:4716 R6:7772 R7:3420
[LOG_TRACE] 003420 041415: bic (R4), (R5)
[LOG_TRACE] R0:3420 R1:3450 R2:0 R3:11 R4:75460 R5:4716 R6:7772 R7:3422
[LOG_TRACE] 003422 160104: sub R1, R4
[LOG_TRACE] R0:3420 R1:3450 R2:0 R3:11 R4:72010 R5:4716 R6:7772 R7:3424
[LOG_TRACE] 003424 100000: bpl 003426
[LOG_TRACE] R0:3420 R1:3450 R2:0 R3:11 R4:72010 R5:4716 R6:7772 R7:3426
[LOG_TRACE] 003426 000100: jmp R0
[LOG_TRACE] R0:3420 R1:3450 R2:0 R3:11 R4:72010 R5:4716 R6:7772 R7:3420
[LOG_TRACE] 003420 041415: bic (R4), (R5)
[LOG_TRACE] R0:3420 R1:3450 R2:0 R3:11 R4:72010 R5:4716 R6:7772 R7:3422
[LOG_TRACE] 003422 160104: sub R1, R4
[LOG_TRACE] R0:3420 R1:3450 R2:0 R3:11 R4:66340 R5:4716 R6:7772 R7:3424
[LOG_TRACE] 003424 100000: bpl 003426
[LOG_TRACE] R0:3420 R1:3450 R2:0 R3:11 R4:66340 R5:4716 R6:7772 R7:3426
[LOG_TRACE] 003426 000100: jmp R0
[LOG_TRACE] R0:3420 R1:3450 R2:0 R3:11 R4:66340 R5:4716 R6:7772 R7:3420
[LOG_TRACE] 003420 041415: bic (R4), (R5)
[LOG_TRACE] R0:3420 R1:3450 R2:0 R3:11 R4:66340 R5:4716 R6:7772 R7:3422
[LOG_TRACE] 003422 160104: sub R1, R4
[LOG_TRACE] R0:3420 R1:3450 R2:0 R3:11 R4:62670 R5:4716 R6:7772 R7:3424
[LOG_TRACE] 003424 100000: bpl 003426
[LOG_TRACE] R0:3420 R1:3450 R2:0 R3:11 R4:62670 R5:4716 R6:7772 R7:3426
[LOG_TRACE] 003426 000100: jmp R0
[LOG_TRACE] R0:3420 R1:3450 R2:0 R3:11 R4:62670 R5:4716 R6:7772 R7:3420
[LOG_TRACE] 003420 041415: bic (R4), (R5)
[LOG_TRACE] R0:3420 R1:3450 R2:0 R3:11 R4:62670 R5:4716 R6:7772 R7:3422
[LOG_TRACE] 003422 160104: sub R1, R4
[LOG_TRACE] R0:3420 R1:3450 R2:0 R3:11 R4:57220 R5:4716 R6:7772 R7:3424
[LOG_TRACE] 003424 100000: bpl 003426
[LOG_TRACE] R0:3420 R1:3450 R2:0 R3:11 R4:57220 R5:4716 R6:7772 R7:3426
[LOG_TRACE] 003426 000100: jmp R0
[LOG_TRACE] R0:3420 R1:3450 R2:0 R3:11 R4:57220 R5:4716 R6:7772 R7:3420
[LOG_TRACE] 003420 041415: bic (R4), (R5)
[LOG_TRACE] R0:3420 R1:3450 R2:0 R3:11 R4:57220 R5:4716 R6:7772 R7:3422
[LOG_TRACE] 003422 160104: sub R1, R4
[LOG_TRACE] R0:3420 R1:3450 R2:0 R3:11 R4:53550 R5:4716 R6:7772 R7:3424
[LOG_TRACE] 003424 100000: bpl 003426
[LOG_TRACE] R0:3420 R1:3450 R2:0 R3:11 R4:53550 R5:4716 R6:7772 R7:3426
[LOG_TRACE] 003426 000100: jmp R0
[LOG_TRACE] R0:3420 R1:3450 R2:0 R3:11 R4:53550 R5:4716 R6:7772 R7:3420
[LOG_TRACE] 003420 041415: bic (R4), (R5)
[LOG_TRACE] R0:3420 R1:3450 R2:0 R3:11 R4:53550 R5:4716 R6:7772 R7:3422
[LOG_TRACE] 003422 160104: sub R1, R4
[LOG_TRACE] R0:3420 R1:3450 R2:0 R3:11 R4:50100 R5:4716 R6:7772 R7:3424
[LOG_TRACE] 003424 100000: bpl 003426
[LOG_TRACE] R0:3420 R1:3450 R2:0 R3:11 R4:50100 R5:4716 R6:7772 R7:3426
[LOG_TRACE] 003426 000100: jmp R0
[LOG_TRACE] R0:3420 R1:3450 R2:0 R3:11 R4:50100 R5:4716 R6:7772 R7:3420
[LOG_TRACE] 003420 041415: bic (R4), (R5)
[LOG_TRACE] R0:3420 R1:3450 R2:0 R3:11 R4:50100 R5:4716 R6:7772 R7:3422
[LOG_TRACE] 003422 160104: sub R1, R4
[LOG_TRACE] R0:3420 R1:3450 R2:0 R3:11 R4:44430 R5:4716 R6:7772 R7:3424
[LOG_TRACE] 003424 100000: bpl 003426
[LOG_TRACE] R0:3420 R1:3450 R2:0 R3:11 R4:44430 R5:4716 R6:7772 R7:3426
[LOG_TRACE] 003426 000100: jmp R0
[LOG_TRACE] R0:3420 R1:3450 R2:0 R3:11 R4:44430 R5:4716 R6:7772 R7:3420
[LOG_TRACE] 003420 041415: bic (R4), (R5)
[LOG_TRACE] R0:3420 R1:3450 R2:0 R3:11 R4:44430 R5:4716 R6:7772 R7:3422
[LOG_TRACE] 003422 160104: sub R1, R4
[LOG_TRACE] R0:3420 R1:3450 R2:0 R3:11 R4:40760 R5:4716 R6:7772 R7:3424
[LOG_TRACE] 003424 100000: bpl 003426
[LOG_TRACE] R0:3420 R1:3450 R2:0 R3:11 R4:40760 R5:4716 R6:7772 R7:3426
[LOG_TRACE] 003426 000100: jmp R0
[LOG_TRACE] R0:3420 R1:3450 R2:0 R3:11 R4:40760 R5:4716 R6:7772 R7:3420
[LOG_TRACE] 003420 041415: bic (R4), (R5)
[LOG_TRACE] R0:3420 R1:3450 R2:0 R3:11 R4:40760 R5:4716 R6:7772 R7:3422
[LOG_TRACE] 003422 160104: sub R1, R4
[LOG_TRACE] R0:3420 R1:3450 R2:0 R3:11 R4:35310 R5:4716 R6:7772 R7:3424
[LOG_TRACE] 003424 100000: bpl 003426
[LOG_TRACE] R0:3420 R1:3450 R2:0 R3:11 R4:35310 R5:4716 R6:7772 R7:3426
[LOG_TRACE] 003426 000100: jmp R0
[LOG_TRACE] R0:3420 R1:3450 R2:0 R3:11 R4:35310 R5:4716 R6:7772 R7:3420
[LOG_TRACE] 003420 041415: bic (R4), (R5)
[LOG_TRACE] R0:3420 R1:3450 R2:0 R3:11 R4:35310 R5:4716 R6:7772 R7:3422
[LOG_TRACE] 003422 160104: sub R1, R4
[LOG_TRACE] R0:3420 R1:3450 R2:0 R3:11 R4:31640 R5:4716 R6:7772 R7:3424
[LOG_TRACE] 003424 100000: bpl 003426
[LOG_TRACE] R0:3420 R1:3450 R2:0 R3:11 R4:31640 R5:4716 R6:7772 R7:3426
[LOG_TRACE] 003426 000100: jmp R0
[LOG_TRACE] R0:3420 R1:3450 R2:0 R3:11 R4:31640 R5:4716 R6:7772 R7:3420
[LOG_TRACE] 003420 041415: bic (R4), (R5)
[LOG_TRACE] R0:3420 R1:3450 R2:0 R3:11 R4:31640 R5:4716 R6:7772 R7:3422
[LOG_TRACE] 003422 160104: sub R1, R4
[LOG_TRACE] R0:3420 R1:3450 R2:0 R3:11 R4:26170 R5:4716 R6:7772 R7:3424
[LOG_TRACE] 003424 100000: bpl 003426
[LOG_TRACE] R0:3420 R1:3450 R2:0 R3:11 R4:26170 R5:4716 R6:7772 R7:3426
[LOG_TRACE] 003426 000100: jmp R0
[LOG_TRACE] R0:3420 R1:3450 R2:0 R3:11 R4:26170 R5:4716 R6:7772 R7:3420
[LOG_TRACE] 003420 041415: bic (R4), (R5)
[LOG_TRACE] R0:3420 R1:3450 R2:0 R3:11 R4:26170 R5:4716 R6:7772 R7:3422
[LOG_TRACE] 003422 160104: sub R1, R4
[LOG_TRACE] R0:3420 R1:3450 R2:0 R3:11 R4:22520 R5:4716 R6:7772 R7:3424
[LOG_TRACE] 003424 100000: bpl 003426
[LOG_TRACE] R0:3420 R1:3450 R2:0 R3:11 R4:22520 R5:4716 R6:7772 R7:3426
[LOG_TRACE] 003426 000100: jmp R0
[LOG_TRACE] R0:3420 R1:3450 R2:0 R3:11 R4:22520 R5:4716 R6:7772 R7:3420
[LOG_TRACE] 003420 041415: bic (R4), (R5)
[LOG_TRACE] R0:3420 R1:3450 R2:0 R3:11 R4:22520 R5:4716 R6:7772 R7:3422
[LOG_TRACE] 003422 160104: sub R1, R4
[LOG_TRACE] R0:3420 R1:3450 R2:0 R3:11 R4:17050 R5:4716 R6:7772 R7:3424
[LOG_TRACE] 003424 100000: bpl 003426
[LOG_TRACE] R0:3420 R1:3450 R2:0 R3:11 R4:17050 R5:4716 R6:7772 R7:3426
[LOG_TRACE] 003426 000100: jmp R0
[LOG_TRACE] R0:3420 R1:3450 R2:0 R3:11 R4:17050 R5:4716 R6:7772 R7:3420
[LOG_TRACE] 003420 041415: bic (R4), (R5)
[LOG_TRACE] R0:3420 R1:3450 R2:0 R3:11 R4:17050 R5:4716 R6:7772 R7:3422
[LOG_TRACE] 003422 160104: sub R1, R4
[LOG_TRACE] R0:3420 R1:3450 R2:0 R3:11 R4:13400 R5:4716 R6:7772 R7:3424
[LOG_TRACE] 003424 100000: bpl 003426
[LOG_TRACE] R0:3420 R1:3450 R2:0 R3:11 R4:13400 R5:4716 R6:7772 R7:3426
[LOG_TRACE] 003426 000100: jmp R0
[LOG_TRACE] R0:3420 R1:3450 R2:0 R3:11 R4:13400 R5:4716 R6:7772 R7:3420
[LOG_TRACE] 003420 041415: bic (R4), (R5)
[LOG_TRACE] R0:3420 R1:3450 R2:0 R3:11 R4:13400 R5:4716 R6:7772 R7:3422
[LOG_TRACE] 003422 160104: sub R1, R4
[LOG_TRACE] R0:3420 R1:3450 R2:0 R3:11 R4:7730 R5:4716 R6:7772 R7:3424
[LOG_TRACE] 003424 100000: bpl 003426
[LOG_TRACE] R0:3420 R1:3450 R2:0 R3:11 R4:7730 R5:4716 R6:7772 R7:3426
[LOG_TRACE] 003426 000100: jmp R0
[LOG_TRACE] R0:3420 R1:3450 R2:0 R3:11 R4:7730 R5:4716 R6:7772 R7:3420
[LOG_TRACE] 003420 041415: bic (R4), (R5)
[LOG_TRACE] R0:3420 R1:3450 R2:0 R3:11 R4:7730 R5:4716 R6:7772 R7:3422
[LOG_TRACE] 003422 160104: sub R1, R4
[LOG_TRACE] R0:3420 R1:3450 R2:0 R3:11 R4:4260 R5:4716 R6:7772 R7:3424
[LOG_TRACE] 003424 100000: bpl 003426
[LOG_TRACE] R0:3420 R1:3450 R2:0 R3:11 R4:4260 R5:4716 R6:7772 R7:3426
[LOG_TRACE] 003426 000100: jmp R0
[LOG_TRACE] R0:3420 R1:3450 R2:0 R3:11 R4:4260 R5:4716 R6:7772 R7:3420
[LOG_TRACE] 003420 041415: bic (R4), (R5)
[LOG_TRACE] R0:3420 R1:3450 R2:0 R3:11 R4:4260 R5:4716 R6:7772 R7:3422
[LOG_TRACE] 003422 160104: sub R1, R4
[LOG_TRACE] R0:3420 R1:3450 R2:0 R3:11 R4:610 R5:4716 R6:7772 R7:3424
[LOG_TRACE] 003424 100000: bpl 003426
[LOG_TRACE] R0:3420 R1:3450 R2:0 R3:11 R4:610 R5:4716 R6:7772 R7:3426
[LOG_TRACE] 003426 000100: jmp R0
[LOG_TRACE] R0:3420 R1:3450 R2:0 R3:11 R4:610 R5:4716 R6:7772 R7:3420
[LOG_TRACE] 003420 041415: bic (R4), (R5)
[LOG_TRACE] R0:3420 R1:3450 R2:0 R3:11 R4:610 R5:4716 R6:7772 R7:3422
[LOG_TRACE] 003422 160104: sub R1, R4
[LOG_TRACE] R0:3420 R1:3450 R2:0 R3:11 R4:175140 R5:4716 R6:7772 R7:3424
[LOG_TRACE] 003424 100000: bpl 003426
[LOG_TRACE] R0:3420 R1:3450 R2:0 R3:11 R4:175140 R5:4716 R6:7772 R7:3426
[LOG_TRACE] 003426 000100: jmp R0
[LOG_TRACE] R0:3420 R1:3450 R2:0 R3:11 R4:175140 R5:4716 R6:7772 R7:3420
[LOG_TRACE] >>> BUS ERROR TRAP: Saving context and branching to Vector 4...
[LOG_TRACE] 003172 005011: clr (R1)
[LOG_TRACE] R0:3420 R1:3450 R2:0 R3:11 R4:175140 R5:4716 R6:7766 R7:3174
[LOG_TRACE] 003174 000002: rti (R4), (R1)
[LOG_TRACE] >>> RTI: Returned from interrupt. Restored PC: 003422
[LOG_TRACE] R0:3420 R1:3450 R2:0 R3:11 R4:175140 R5:4716 R6:7772 R7:3422
[LOG_TRACE] 003422 160104: sub R1, R4
[LOG_TRACE] R0:3420 R1:3450 R2:0 R3:11 R4:171470 R5:4716 R6:7772 R7:3424
[LOG_TRACE] 003424 100000: bpl 003426
[LOG_TRACE] R0:3420 R1:3450 R2:0 R3:11 R4:171470 R5:4716 R6:7772 R7:3426
[LOG_TRACE] 003426 000100: jmp R0
[LOG_TRACE] R0:3420 R1:3450 R2:0 R3:11 R4:171470 R5:4716 R6:7772 R7:3420
[LOG_TRACE] >>> BUS ERROR TRAP: Saving context and branching to Vector 4...
[LOG_TRACE] 003172 005011: clr (R1)
[LOG_TRACE] R0:3420 R1:3450 R2:0 R3:11 R4:171470 R5:4716 R6:7766 R7:3174
[LOG_TRACE] 003174 000002: rti (R4), (R1)
[LOG_TRACE] >>> RTI: Returned from interrupt. Restored PC: 003422
[LOG_TRACE] R0:3420 R1:3450 R2:0 R3:11 R4:171470 R5:4716 R6:7772 R7:3422
[LOG_TRACE] 003422 160104: sub R1, R4
[LOG_TRACE] R0:3420 R1:3450 R2:0 R3:11 R4:166020 R5:4716 R6:7772 R7:3424
[LOG_TRACE] 003424 100000: bpl 003426
[LOG_TRACE] R0:3420 R1:3450 R2:0 R3:11 R4:166020 R5:4716 R6:7772 R7:3426
[LOG_TRACE] 003426 000100: jmp R0
[LOG_TRACE] R0:3420 R1:3450 R2:0 R3:11 R4:166020 R5:4716 R6:7772 R7:3420
[LOG_TRACE] >>> BUS ERROR TRAP: Saving context and branching to Vector 4...
[LOG_TRACE] 003172 005011: clr (R1)
[LOG_TRACE] R0:3420 R1:3450 R2:0 R3:11 R4:166020 R5:4716 R6:7766 R7:3174
[LOG_TRACE] 003174 000002: rti (R4), (R1)
[LOG_TRACE] >>> RTI: Returned from interrupt. Restored PC: 003422
[LOG_TRACE] R0:3420 R1:3450 R2:0 R3:11 R4:166020 R5:4716 R6:7772 R7:3422
[LOG_TRACE] 003422 160104: sub R1, R4
[LOG_TRACE] R0:3420 R1:3450 R2:0 R3:11 R4:162350 R5:4716 R6:7772 R7:3424
[LOG_TRACE] 003424 100000: bpl 003426
[LOG_TRACE] R0:3420 R1:3450 R2:0 R3:11 R4:162350 R5:4716 R6:7772 R7:3426
[LOG_TRACE] 003426 000100: jmp R0
[LOG_TRACE] R0:3420 R1:3450 R2:0 R3:11 R4:162350 R5:4716 R6:7772 R7:3420
[LOG_TRACE] >>> BUS ERROR TRAP: Saving context and branching to Vector 4...
[LOG_TRACE] 003172 005011: clr (R1)
[LOG_TRACE] R0:3420 R1:3450 R2:0 R3:11 R4:162350 R5:4716 R6:7766 R7:3174
[LOG_TRACE] 003174 000002: rti (R4), (R1)
[LOG_TRACE] >>> RTI: Returned from interrupt. Restored PC: 003422
[LOG_TRACE] R0:3420 R1:3450 R2:0 R3:11 R4:162350 R5:4716 R6:7772 R7:3422
[LOG_TRACE] 003422 160104: sub R1, R4
[LOG_TRACE] R0:3420 R1:3450 R2:0 R3:11 R4:156700 R5:4716 R6:7772 R7:3424
[LOG_TRACE] 003424 100000: bpl 003426
[LOG_TRACE] R0:3420 R1:3450 R2:0 R3:11 R4:156700 R5:4716 R6:7772 R7:3426
[LOG_TRACE] 003426 000100: jmp R0
[LOG_TRACE] R0:3420 R1:3450 R2:0 R3:11 R4:156700 R5:4716 R6:7772 R7:3420
[LOG_TRACE] 003420 041415: bic (R4), (R5)
[LOG_TRACE] R0:3420 R1:3450 R2:0 R3:11 R4:156700 R5:4716 R6:7772 R7:3422
[LOG_TRACE] 003422 160104: sub R1, R4
[LOG_TRACE] R0:3420 R1:3450 R2:0 R3:11 R4:153230 R5:4716 R6:7772 R7:3424
[LOG_TRACE] 003424 100000: bpl 003426
[LOG_TRACE] R0:3420 R1:3450 R2:0 R3:11 R4:153230 R5:4716 R6:7772 R7:3426
[LOG_TRACE] 003426 000100: jmp R0
[LOG_TRACE] R0:3420 R1:3450 R2:0 R3:11 R4:153230 R5:4716 R6:7772 R7:3420
[LOG_TRACE] 003420 041415: bic (R4), (R5)
[LOG_TRACE] R0:3420 R1:3450 R2:0 R3:11 R4:153230 R5:4716 R6:7772 R7:3422
[LOG_TRACE] 003422 160104: sub R1, R4
[LOG_TRACE] R0:3420 R1:3450 R2:0 R3:11 R4:147560 R5:4716 R6:7772 R7:3424
[LOG_TRACE] 003424 100000: bpl 003426
[LOG_TRACE] R0:3420 R1:3450 R2:0 R3:11 R4:147560 R5:4716 R6:7772 R7:3426
[LOG_TRACE] 003426 000100: jmp R0
[LOG_TRACE] R0:3420 R1:3450 R2:0 R3:11 R4:147560 R5:4716 R6:7772 R7:3420
[LOG_TRACE] 003420 041415: bic (R4), (R5)
[LOG_TRACE] R0:3420 R1:3450 R2:0 R3:11 R4:147560 R5:4716 R6:7772 R7:3422
[LOG_TRACE] 003422 160104: sub R1, R4
[LOG_TRACE] R0:3420 R1:3450 R2:0 R3:11 R4:144110 R5:4716 R6:7772 R7:3424
[LOG_TRACE] 003424 100000: bpl 003426
[LOG_TRACE] R0:3420 R1:3450 R2:0 R3:11 R4:144110 R5:4716 R6:7772 R7:3426
[LOG_TRACE] 003426 000100: jmp R0
[LOG_TRACE] R0:3420 R1:3450 R2:0 R3:11 R4:144110 R5:4716 R6:7772 R7:3420
[LOG_TRACE] 003420 041415: bic (R4), (R5)
[LOG_TRACE] R0:3420 R1:3450 R2:0 R3:11 R4:144110 R5:4716 R6:7772 R7:3422
[LOG_TRACE] 003422 160104: sub R1, R4
[LOG_TRACE] R0:3420 R1:3450 R2:0 R3:11 R4:140440 R5:4716 R6:7772 R7:3424
[LOG_TRACE] 003424 100000: bpl 003426
[LOG_TRACE] R0:3420 R1:3450 R2:0 R3:11 R4:140440 R5:4716 R6:7772 R7:3426
[LOG_TRACE] 003426 000100: jmp R0
[LOG_TRACE] R0:3420 R1:3450 R2:0 R3:11 R4:140440 R5:4716 R6:7772 R7:3420
[LOG_TRACE] 003420 041415: bic (R4), (R5)
[LOG_TRACE] R0:3420 R1:3450 R2:0 R3:11 R4:140440 R5:4716 R6:7772 R7:3422
[LOG_TRACE] 003422 160104: sub R1, R4
[LOG_TRACE] R0:3420 R1:3450 R2:0 R3:11 R4:134770 R5:4716 R6:7772 R7:3424
[LOG_TRACE] 003424 100000: bpl 003426
[LOG_TRACE] R0:3420 R1:3450 R2:0 R3:11 R4:134770 R5:4716 R6:7772 R7:3426
[LOG_TRACE] 003426 000100: jmp R0
[LOG_TRACE] R0:3420 R1:3450 R2:0 R3:11 R4:134770 R5:4716 R6:7772 R7:3420
[LOG_TRACE] 003420 041415: bic (R4), (R5)
[LOG_TRACE] R0:3420 R1:3450 R2:0 R3:11 R4:134770 R5:4716 R6:7772 R7:3422
[LOG_TRACE] 003422 160104: sub R1, R4
[LOG_TRACE] R0:3420 R1:3450 R2:0 R3:11 R4:131320 R5:4716 R6:7772 R7:3424
[LOG_TRACE] 003424 100000: bpl 003426
[LOG_TRACE] R0:3420 R1:3450 R2:0 R3:11 R4:131320 R5:4716 R6:7772 R7:3426
[LOG_TRACE] 003426 000100: jmp R0
[LOG_TRACE] R0:3420 R1:3450 R2:0 R3:11 R4:131320 R5:4716 R6:7772 R7:3420
[LOG_TRACE] 003420 041415: bic (R4), (R5)
[LOG_TRACE] R0:3420 R1:3450 R2:0 R3:11 R4:131320 R5:4716 R6:7772 R7:3422
[LOG_TRACE] 003422 160104: sub R1, R4
[LOG_TRACE] R0:3420 R1:3450 R2:0 R3:11 R4:125650 R5:4716 R6:7772 R7:3424
[LOG_TRACE] 003424 100000: bpl 003426
[LOG_TRACE] R0:3420 R1:3450 R2:0 R3:11 R4:125650 R5:4716 R6:7772 R7:3426
[LOG_TRACE] 003426 000100: jmp R0
[LOG_TRACE] R0:3420 R1:3450 R2:0 R3:11 R4:125650 R5:4716 R6:7772 R7:3420
[LOG_TRACE] 003420 041415: bic (R4), (R5)
[LOG_TRACE] R0:3420 R1:3450 R2:0 R3:11 R4:125650 R5:4716 R6:7772 R7:3422
[LOG_TRACE] 003422 160104: sub R1, R4
[LOG_TRACE] R0:3420 R1:3450 R2:0 R3:11 R4:122200 R5:4716 R6:7772 R7:3424
[LOG_TRACE] 003424 100000: bpl 003426
[LOG_TRACE] R0:3420 R1:3450 R2:0 R3:11 R4:122200 R5:4716 R6:7772 R7:3426
[LOG_TRACE] 003426 000100: jmp R0
[LOG_TRACE] R0:3420 R1:3450 R2:0 R3:11 R4:122200 R5:4716 R6:7772 R7:3420
[LOG_TRACE] 003420 041415: bic (R4), (R5)
[LOG_TRACE] R0:3420 R1:3450 R2:0 R3:11 R4:122200 R5:4716 R6:7772 R7:3422
[LOG_TRACE] 003422 160104: sub R1, R4
[LOG_TRACE] R0:3420 R1:3450 R2:0 R3:11 R4:116530 R5:4716 R6:7772 R7:3424
[LOG_TRACE] 003424 100000: bpl 003426
[LOG_TRACE] R0:3420 R1:3450 R2:0 R3:11 R4:116530 R5:4716 R6:7772 R7:3426
[LOG_TRACE] 003426 000100: jmp R0
[LOG_TRACE] R0:3420 R1:3450 R2:0 R3:11 R4:116530 R5:4716 R6:7772 R7:3420
[LOG_TRACE] 003420 041415: bic (R4), (R5)
[LOG_TRACE] R0:3420 R1:3450 R2:0 R3:11 R4:116530 R5:4716 R6:7772 R7:3422
[LOG_TRACE] 003422 160104: sub R1, R4
[LOG_TRACE] R0:3420 R1:3450 R2:0 R3:11 R4:113060 R5:4716 R6:7772 R7:3424
[LOG_TRACE] 003424 100000: bpl 003426
[LOG_TRACE] R0:3420 R1:3450 R2:0 R3:11 R4:113060 R5:4716 R6:7772 R7:3426
[LOG_TRACE] 003426 000100: jmp R0
[LOG_TRACE] R0:3420 R1:3450 R2:0 R3:11 R4:113060 R5:4716 R6:7772 R7:3420
[LOG_TRACE] 003420 041415: bic (R4), (R5)
[LOG_TRACE] R0:3420 R1:3450 R2:0 R3:11 R4:113060 R5:4716 R6:7772 R7:3422
[LOG_TRACE] 003422 160104: sub R1, R4
[LOG_TRACE] R0:3420 R1:3450 R2:0 R3:11 R4:107410 R5:4716 R6:7772 R7:3424
[LOG_TRACE] 003424 100000: bpl 003426
[LOG_TRACE] R0:3420 R1:3450 R2:0 R3:11 R4:107410 R5:4716 R6:7772 R7:3426
[LOG_TRACE] 003426 000100: jmp R0
[LOG_TRACE] R0:3420 R1:3450 R2:0 R3:11 R4:107410 R5:4716 R6:7772 R7:3420
[LOG_TRACE] 003420 041415: bic (R4), (R5)
[LOG_TRACE] R0:3420 R1:3450 R2:0 R3:11 R4:107410 R5:4716 R6:7772 R7:3422
[LOG_TRACE] 003422 160104: sub R1, R4
[LOG_TRACE] R0:3420 R1:3450 R2:0 R3:11 R4:103740 R5:4716 R6:7772 R7:3424
[LOG_TRACE] 003424 100000: bpl 003426
[LOG_TRACE] R0:3420 R1:3450 R2:0 R3:11 R4:103740 R5:4716 R6:7772 R7:3426
[LOG_TRACE] 003426 000100: jmp R0
[LOG_TRACE] R0:3420 R1:3450 R2:0 R3:11 R4:103740 R5:4716 R6:7772 R7:3420
[LOG_TRACE] 003420 041415: bic (R4), (R5)
[LOG_TRACE] R0:3420 R1:3450 R2:0 R3:11 R4:103740 R5:4716 R6:7772 R7:3422
[LOG_TRACE] 003422 160104: sub R1, R4
[LOG_TRACE] R0:3420 R1:3450 R2:0 R3:11 R4:100270 R5:4716 R6:7772 R7:3424
[LOG_TRACE] 003424 100000: bpl 003426
[LOG_TRACE] R0:3420 R1:3450 R2:0 R3:11 R4:100270 R5:4716 R6:7772 R7:3426
[LOG_TRACE] 003426 000100: jmp R0
[LOG_TRACE] R0:3420 R1:3450 R2:0 R3:11 R4:100270 R5:4716 R6:7772 R7:3420
[LOG_TRACE] 003420 041415: bic (R4), (R5)
[LOG_TRACE] R0:3420 R1:3450 R2:0 R3:11 R4:100270 R5:4716 R6:7772 R7:3422
[LOG_TRACE] 003422 160104: sub R1, R4
[LOG_TRACE] R0:3420 R1:3450 R2:0 R3:11 R4:74620 R5:4716 R6:7772 R7:3424
[LOG_TRACE] 003424 100000: bpl 003426
[LOG_TRACE] R0:3420 R1:3450 R2:0 R3:11 R4:74620 R5:4716 R6:7772 R7:3426
[LOG_TRACE] 003426 000100: jmp R0
[LOG_TRACE] R0:3420 R1:3450 R2:0 R3:11 R4:74620 R5:4716 R6:7772 R7:3420
[LOG_TRACE] 003420 041415: bic (R4), (R5)
[LOG_TRACE] R0:3420 R1:3450 R2:0 R3:11 R4:74620 R5:4716 R6:7772 R7:3422
[LOG_TRACE] 003422 160104: sub R1, R4
[LOG_TRACE] R0:3420 R1:3450 R2:0 R3:11 R4:71150 R5:4716 R6:7772 R7:3424
[LOG_TRACE] 003424 100000: bpl 003426
[LOG_TRACE] R0:3420 R1:3450 R2:0 R3:11 R4:71150 R5:4716 R6:7772 R7:3426
[LOG_TRACE] 003426 000100: jmp R0
[LOG_TRACE] R0:3420 R1:3450 R2:0 R3:11 R4:71150 R5:4716 R6:7772 R7:3420
[LOG_TRACE] 003420 041415: bic (R4), (R5)
[LOG_TRACE] R0:3420 R1:3450 R2:0 R3:11 R4:71150 R5:4716 R6:7772 R7:3422
[LOG_TRACE] 003422 160104: sub R1, R4
[LOG_TRACE] R0:3420 R1:3450 R2:0 R3:11 R4:65500 R5:4716 R6:7772 R7:3424
[LOG_TRACE] 003424 100000: bpl 003426
[LOG_TRACE] R0:3420 R1:3450 R2:0 R3:11 R4:65500 R5:4716 R6:7772 R7:3426
[LOG_TRACE] 003426 000100: jmp R0
[LOG_TRACE] R0:3420 R1:3450 R2:0 R3:11 R4:65500 R5:4716 R6:7772 R7:3420
[LOG_TRACE] 003420 041415: bic (R4), (R5)
[LOG_TRACE] R0:3420 R1:3450 R2:0 R3:11 R4:65500 R5:4716 R6:7772 R7:3422
[LOG_TRACE] 003422 160104: sub R1, R4
[LOG_TRACE] R0:3420 R1:3450 R2:0 R3:11 R4:62030 R5:4716 R6:7772 R7:3424
[LOG_TRACE] 003424 100000: bpl 003426
[LOG_TRACE] R0:3420 R1:3450 R2:0 R3:11 R4:62030 R5:4716 R6:7772 R7:3426
[LOG_TRACE] 003426 000100: jmp R0
[LOG_TRACE] R0:3420 R1:3450 R2:0 R3:11 R4:62030 R5:4716 R6:7772 R7:3420
[LOG_TRACE] 003420 041415: bic (R4), (R5)
[LOG_TRACE] R0:3420 R1:3450 R2:0 R3:11 R4:62030 R5:4716 R6:7772 R7:3422
[LOG_TRACE] 003422 160104: sub R1, R4
[LOG_TRACE] R0:3420 R1:3450 R2:0 R3:11 R4:56360 R5:4716 R6:7772 R7:3424
[LOG_TRACE] 003424 100000: bpl 003426
[LOG_TRACE] R0:3420 R1:3450 R2:0 R3:11 R4:56360 R5:4716 R6:7772 R7:3426
[LOG_TRACE] 003426 000100: jmp R0
[LOG_TRACE] R0:3420 R1:3450 R2:0 R3:11 R4:56360 R5:4716 R6:7772 R7:3420
[LOG_TRACE] 003420 041415: bic (R4), (R5)
[LOG_TRACE] R0:3420 R1:3450 R2:0 R3:11 R4:56360 R5:4716 R6:7772 R7:3422
[LOG_TRACE] 003422 160104: sub R1, R4
[LOG_TRACE] R0:3420 R1:3450 R2:0 R3:11 R4:52710 R5:4716 R6:7772 R7:3424
[LOG_TRACE] 003424 100000: bpl 003426
[LOG_TRACE] R0:3420 R1:3450 R2:0 R3:11 R4:52710 R5:4716 R6:7772 R7:3426
[LOG_TRACE] 003426 000100: jmp R0
[LOG_TRACE] R0:3420 R1:3450 R2:0 R3:11 R4:52710 R5:4716 R6:7772 R7:3420
[LOG_TRACE] 003420 041415: bic (R4), (R5)
[LOG_TRACE] R0:3420 R1:3450 R2:0 R3:11 R4:52710 R5:4716 R6:7772 R7:3422
[LOG_TRACE] 003422 160104: sub R1, R4
[LOG_TRACE] R0:3420 R1:3450 R2:0 R3:11 R4:47240 R5:4716 R6:7772 R7:3424
[LOG_TRACE] 003424 100000: bpl 003426
[LOG_TRACE] R0:3420 R1:3450 R2:0 R3:11 R4:47240 R5:4716 R6:7772 R7:3426
[LOG_TRACE] 003426 000100: jmp R0
[LOG_TRACE] R0:3420 R1:3450 R2:0 R3:11 R4:47240 R5:4716 R6:7772 R7:3420
[LOG_TRACE] 003420 041415: bic (R4), (R5)
[LOG_TRACE] R0:3420 R1:3450 R2:0 R3:11 R4:47240 R5:4716 R6:7772 R7:3422
[LOG_TRACE] 003422 160104: sub R1, R4
[LOG_TRACE] R0:3420 R1:3450 R2:0 R3:11 R4:43570 R5:4716 R6:7772 R7:3424
[LOG_TRACE] 003424 100000: bpl 003426
[LOG_TRACE] R0:3420 R1:3450 R2:0 R3:11 R4:43570 R5:4716 R6:7772 R7:3426
[LOG_TRACE] 003426 000100: jmp R0
[LOG_TRACE] R0:3420 R1:3450 R2:0 R3:11 R4:43570 R5:4716 R6:7772 R7:3420
[LOG_TRACE] 003420 041415: bic (R4), (R5)
[LOG_TRACE] R0:3420 R1:3450 R2:0 R3:11 R4:43570 R5:4716 R6:7772 R7:3422
[LOG_TRACE] 003422 160104: sub R1, R4
[LOG_TRACE] R0:3420 R1:3450 R2:0 R3:11 R4:40120 R5:4716 R6:7772 R7:3424
[LOG_TRACE] 003424 100000: bpl 003426
[LOG_TRACE] R0:3420 R1:3450 R2:0 R3:11 R4:40120 R5:4716 R6:7772 R7:3426
[LOG_TRACE] 003426 000100: jmp R0
[LOG_TRACE] R0:3420 R1:3450 R2:0 R3:11 R4:40120 R5:4716 R6:7772 R7:3420
[LOG_TRACE] 003420 041415: bic (R4), (R5)
[LOG_TRACE] R0:3420 R1:3450 R2:0 R3:11 R4:40120 R5:4716 R6:7772 R7:3422
[LOG_TRACE] 003422 160104: sub R1, R4
[LOG_TRACE] R0:3420 R1:3450 R2:0 R3:11 R4:34450 R5:4716 R6:7772 R7:3424
[LOG_TRACE] 003424 100000: bpl 003426
[LOG_TRACE] R0:3420 R1:3450 R2:0 R3:11 R4:34450 R5:4716 R6:7772 R7:3426
[LOG_TRACE] 003426 000100: jmp R0
[LOG_TRACE] R0:3420 R1:3450 R2:0 R3:11 R4:34450 R5:4716 R6:7772 R7:3420
[LOG_TRACE] 003420 041415: bic (R4), (R5)
[LOG_TRACE] R0:3420 R1:3450 R2:0 R3:11 R4:34450 R5:4716 R6:7772 R7:3422
[LOG_TRACE] 003422 160104: sub R1, R4
[LOG_TRACE] R0:3420 R1:3450 R2:0 R3:11 R4:31000 R5:4716 R6:7772 R7:3424
[LOG_TRACE] 003424 100000: bpl 003426
[LOG_TRACE] R0:3420 R1:3450 R2:0 R3:11 R4:31000 R5:4716 R6:7772 R7:3426
[LOG_TRACE] 003426 000100: jmp R0
[LOG_TRACE] R0:3420 R1:3450 R2:0 R3:11 R4:31000 R5:4716 R6:7772 R7:3420
[LOG_TRACE] 003420 041415: bic (R4), (R5)
[LOG_TRACE] R0:3420 R1:3450 R2:0 R3:11 R4:31000 R5:4716 R6:7772 R7:3422
[LOG_TRACE] 003422 160104: sub R1, R4
[LOG_TRACE] R0:3420 R1:3450 R2:0 R3:11 R4:25330 R5:4716 R6:7772 R7:3424
[LOG_TRACE] 003424 100000: bpl 003426
[LOG_TRACE] R0:3420 R1:3450 R2:0 R3:11 R4:25330 R5:4716 R6:7772 R7:3426
[LOG_TRACE] 003426 000100: jmp R0
[LOG_TRACE] R0:3420 R1:3450 R2:0 R3:11 R4:25330 R5:4716 R6:7772 R7:3420
[LOG_TRACE] 003420 041415: bic (R4), (R5)
[LOG_TRACE] R0:3420 R1:3450 R2:0 R3:11 R4:25330 R5:4716 R6:7772 R7:3422
[LOG_TRACE] 003422 160104: sub R1, R4
[LOG_TRACE] R0:3420 R1:3450 R2:0 R3:11 R4:21660 R5:4716 R6:7772 R7:3424
[LOG_TRACE] 003424 100000: bpl 003426
[LOG_TRACE] R0:3420 R1:3450 R2:0 R3:11 R4:21660 R5:4716 R6:7772 R7:3426
[LOG_TRACE] 003426 000100: jmp R0
[LOG_TRACE] R0:3420 R1:3450 R2:0 R3:11 R4:21660 R5:4716 R6:7772 R7:3420
[LOG_TRACE] 003420 041415: bic (R4), (R5)
[LOG_TRACE] R0:3420 R1:3450 R2:0 R3:11 R4:21660 R5:4716 R6:7772 R7:3422
[LOG_TRACE] 003422 160104: sub R1, R4
[LOG_TRACE] R0:3420 R1:3450 R2:0 R3:11 R4:16210 R5:4716 R6:7772 R7:3424
[LOG_TRACE] 003424 100000: bpl 003426
[LOG_TRACE] R0:3420 R1:3450 R2:0 R3:11 R4:16210 R5:4716 R6:7772 R7:3426
[LOG_TRACE] 003426 000100: jmp R0
[LOG_TRACE] R0:3420 R1:3450 R2:0 R3:11 R4:16210 R5:4716 R6:7772 R7:3420
[LOG_TRACE] 003420 041415: bic (R4), (R5)
[LOG_TRACE] R0:3420 R1:3450 R2:0 R3:11 R4:16210 R5:4716 R6:7772 R7:3422
[LOG_TRACE] 003422 160104: sub R1, R4
[LOG_TRACE] R0:3420 R1:3450 R2:0 R3:11 R4:12540 R5:4716 R6:7772 R7:3424
[LOG_TRACE] 003424 100000: bpl 003426
[LOG_TRACE] R0:3420 R1:3450 R2:0 R3:11 R4:12540 R5:4716 R6:7772 R7:3426
[LOG_TRACE] 003426 000100: jmp R0
[LOG_TRACE] R0:3420 R1:3450 R2:0 R3:11 R4:12540 R5:4716 R6:7772 R7:3420
[LOG_TRACE] 003420 041415: bic (R4), (R5)
[LOG_TRACE] R0:3420 R1:3450 R2:0 R3:11 R4:12540 R5:4716 R6:7772 R7:3422
[LOG_TRACE] 003422 160104: sub R1, R4
[LOG_TRACE] R0:3420 R1:3450 R2:0 R3:11 R4:7070 R5:4716 R6:7772 R7:3424
[LOG_TRACE] 003424 100000: bpl 003426
[LOG_TRACE] R0:3420 R1:3450 R2:0 R3:11 R4:7070 R5:4716 R6:7772 R7:3426
[LOG_TRACE] 003426 000100: jmp R0
[LOG_TRACE] R0:3420 R1:3450 R2:0 R3:11 R4:7070 R5:4716 R6:7772 R7:3420
[LOG_TRACE] 003420 041415: bic (R4), (R5)
[LOG_TRACE] R0:3420 R1:3450 R2:0 R3:11 R4:7070 R5:4716 R6:7772 R7:3422
[LOG_TRACE] 003422 160104: sub R1, R4
[LOG_TRACE] R0:3420 R1:3450 R2:0 R3:11 R4:3420 R5:4716 R6:7772 R7:3424
[LOG_TRACE] 003424 100000: bpl 003426
[LOG_TRACE] R0:3420 R1:3450 R2:0 R3:11 R4:3420 R5:4716 R6:7772 R7:3426
[LOG_TRACE] 003426 000100: jmp R0
[LOG_TRACE] R0:3420 R1:3450 R2:0 R3:11 R4:3420 R5:4716 R6:7772 R7:3420
[LOG_TRACE] 003420 041415: bic (R4), (R5)
[LOG_TRACE] R0:3420 R1:3450 R2:0 R3:11 R4:3420 R5:4716 R6:7772 R7:3422
[LOG_TRACE] 003422 160104: sub R1, R4
[LOG_TRACE] R0:3420 R1:3450 R2:0 R3:11 R4:177750 R5:4716 R6:7772 R7:3424
[LOG_TRACE] 003424 100000: bpl 003426
[LOG_TRACE] R0:3420 R1:3450 R2:0 R3:11 R4:177750 R5:4716 R6:7772 R7:3426
[LOG_TRACE] 003426 000100: jmp R0
[LOG_TRACE] R0:3420 R1:3450 R2:0 R3:11 R4:177750 R5:4716 R6:7772 R7:3420
[LOG_TRACE] >>> BUS ERROR TRAP: Saving context and branching to Vector 4...
[LOG_TRACE] 003172 005011: clr (R1)
[LOG_TRACE] R0:3420 R1:3450 R2:0 R3:11 R4:177750 R5:4716 R6:7766 R7:3174
[LOG_TRACE] 003174 000002: rti (R4), (R1)
[LOG_TRACE] >>> RTI: Returned from interrupt. Restored PC: 003422
[LOG_TRACE] R0:3420 R1:3450 R2:0 R3:11 R4:177750 R5:4716 R6:7772 R7:3422
[LOG_TRACE] 003422 160104: sub R1, R4
[LOG_TRACE] R0:3420 R1:3450 R2:0 R3:11 R4:174300 R5:4716 R6:7772 R7:3424
[LOG_TRACE] 003424 100000: bpl 003426
[LOG_TRACE] R0:3420 R1:3450 R2:0 R3:11 R4:174300 R5:4716 R6:7772 R7:3426
[LOG_TRACE] 003426 000100: jmp R0
[LOG_TRACE] R0:3420 R1:3450 R2:0 R3:11 R4:174300 R5:4716 R6:7772 R7:3420
[LOG_TRACE] >>> BUS ERROR TRAP: Saving context and branching to Vector 4...
[LOG_TRACE] 003172 005011: clr (R1)
[LOG_TRACE] R0:3420 R1:3450 R2:0 R3:11 R4:174300 R5:4716 R6:7766 R7:3174
[LOG_TRACE] 003174 000002: rti (R4), (R1)
[LOG_TRACE] >>> RTI: Returned from interrupt. Restored PC: 003422
[LOG_TRACE] R0:3420 R1:3450 R2:0 R3:11 R4:174300 R5:4716 R6:7772 R7:3422
[LOG_TRACE] 003422 160104: sub R1, R4
[LOG_TRACE] R0:3420 R1:3450 R2:0 R3:11 R4:170630 R5:4716 R6:7772 R7:3424
[LOG_TRACE] 003424 100000: bpl 003426
[LOG_TRACE] R0:3420 R1:3450 R2:0 R3:11 R4:170630 R5:4716 R6:7772 R7:3426
[LOG_TRACE] 003426 000100: jmp R0
[LOG_TRACE] R0:3420 R1:3450 R2:0 R3:11 R4:170630 R5:4716 R6:7772 R7:3420
[LOG_TRACE] >>> BUS ERROR TRAP: Saving context and branching to Vector 4...
[LOG_TRACE] 003172 005011: clr (R1)
[LOG_TRACE] R0:3420 R1:3450 R2:0 R3:11 R4:170630 R5:4716 R6:7766 R7:3174
[LOG_TRACE] 003174 000002: rti (R4), (R1)
[LOG_TRACE] >>> RTI: Returned from interrupt. Restored PC: 003422
[LOG_TRACE] R0:3420 R1:3450 R2:0 R3:11 R4:170630 R5:4716 R6:7772 R7:3422
[LOG_TRACE] 003422 160104: sub R1, R4
[LOG_TRACE] R0:3420 R1:3450 R2:0 R3:11 R4:165160 R5:4716 R6:7772 R7:3424
[LOG_TRACE] 003424 100000: bpl 003426
[LOG_TRACE] R0:3420 R1:3450 R2:0 R3:11 R4:165160 R5:4716 R6:7772 R7:3426
[LOG_TRACE] 003426 000100: jmp R0
[LOG_TRACE] R0:3420 R1:3450 R2:0 R3:11 R4:165160 R5:4716 R6:7772 R7:3420
[LOG_TRACE] >>> BUS ERROR TRAP: Saving context and branching to Vector 4...
[LOG_TRACE] 003172 005011: clr (R1)
[LOG_TRACE] R0:3420 R1:3450 R2:0 R3:11 R4:165160 R5:4716 R6:7766 R7:3174
[LOG_TRACE] 003174 000002: rti (R4), (R1)
[LOG_TRACE] >>> RTI: Returned from interrupt. Restored PC: 003422
[LOG_TRACE] R0:3420 R1:3450 R2:0 R3:11 R4:165160 R5:4716 R6:7772 R7:3422
[LOG_TRACE] 003422 160104: sub R1, R4
[LOG_TRACE] R0:3420 R1:3450 R2:0 R3:11 R4:161510 R5:4716 R6:7772 R7:3424
[LOG_TRACE] 003424 100000: bpl 003426
[LOG_TRACE] R0:3420 R1:3450 R2:0 R3:11 R4:161510 R5:4716 R6:7772 R7:3426
[LOG_TRACE] 003426 000100: jmp R0
[LOG_TRACE] R0:3420 R1:3450 R2:0 R3:11 R4:161510 R5:4716 R6:7772 R7:3420
[LOG_TRACE] >>> BUS ERROR TRAP: Saving context and branching to Vector 4...
[LOG_TRACE] 003172 005011: clr (R1)
[LOG_TRACE] R0:3420 R1:3450 R2:0 R3:11 R4:161510 R5:4716 R6:7766 R7:3174
[LOG_TRACE] 003174 000002: rti (R4), (R1)
[LOG_TRACE] >>> RTI: Returned from interrupt. Restored PC: 003422
[LOG_TRACE] R0:3420 R1:3450 R2:0 R3:11 R4:161510 R5:4716 R6:7772 R7:3422
[LOG_TRACE] 003422 160104: sub R1, R4
[LOG_TRACE] R0:3420 R1:3450 R2:0 R3:11 R4:156040 R5:4716 R6:7772 R7:3424
[LOG_TRACE] 003424 100000: bpl 003426
[LOG_TRACE] R0:3420 R1:3450 R2:0 R3:11 R4:156040 R5:4716 R6:7772 R7:3426
[LOG_TRACE] 003426 000100: jmp R0
[LOG_TRACE] R0:3420 R1:3450 R2:0 R3:11 R4:156040 R5:4716 R6:7772 R7:3420
[LOG_TRACE] 003420 041415: bic (R4), (R5)
[LOG_TRACE] R0:3420 R1:3450 R2:0 R3:11 R4:156040 R5:4716 R6:7772 R7:3422
[LOG_TRACE] 003422 160104: sub R1, R4
[LOG_TRACE] R0:3420 R1:3450 R2:0 R3:11 R4:152370 R5:4716 R6:7772 R7:3424
[LOG_TRACE] 003424 100000: bpl 003426
[LOG_TRACE] R0:3420 R1:3450 R2:0 R3:11 R4:152370 R5:4716 R6:7772 R7:3426
[LOG_TRACE] 003426 000100: jmp R0
[LOG_TRACE] R0:3420 R1:3450 R2:0 R3:11 R4:152370 R5:4716 R6:7772 R7:3420
[LOG_TRACE] 003420 041415: bic (R4), (R5)
[LOG_TRACE] R0:3420 R1:3450 R2:0 R3:11 R4:152370 R5:4716 R6:7772 R7:3422
[LOG_TRACE] 003422 160104: sub R1, R4
[LOG_TRACE] R0:3420 R1:3450 R2:0 R3:11 R4:146720 R5:4716 R6:7772 R7:3424
[LOG_TRACE] 003424 100000: bpl 003426
[LOG_TRACE] R0:3420 R1:3450 R2:0 R3:11 R4:146720 R5:4716 R6:7772 R7:3426
[LOG_TRACE] 003426 000100: jmp R0
[LOG_TRACE] R0:3420 R1:3450 R2:0 R3:11 R4:146720 R5:4716 R6:7772 R7:3420
[LOG_TRACE] 003420 041415: bic (R4), (R5)
[LOG_TRACE] R0:3420 R1:3450 R2:0 R3:11 R4:146720 R5:4716 R6:7772 R7:3422
[LOG_TRACE] 003422 160104: sub R1, R4
[LOG_TRACE] R0:3420 R1:3450 R2:0 R3:11 R4:143250 R5:4716 R6:7772 R7:3424
[LOG_TRACE] 003424 100000: bpl 003426
[LOG_TRACE] R0:3420 R1:3450 R2:0 R3:11 R4:143250 R5:4716 R6:7772 R7:3426
[LOG_TRACE] 003426 000100: jmp R0
[LOG_TRACE] R0:3420 R1:3450 R2:0 R3:11 R4:143250 R5:4716 R6:7772 R7:3420
[LOG_TRACE] 003420 041415: bic (R4), (R5)
[LOG_TRACE] R0:3420 R1:3450 R2:0 R3:11 R4:143250 R5:4716 R6:7772 R7:3422
[LOG_TRACE] 003422 160104: sub R1, R4
[LOG_TRACE] R0:3420 R1:3450 R2:0 R3:11 R4:137600 R5:4716 R6:7772 R7:3424
[LOG_TRACE] 003424 100000: bpl 003426
[LOG_TRACE] R0:3420 R1:3450 R2:0 R3:11 R4:137600 R5:4716 R6:7772 R7:3426
[LOG_TRACE] 003426 000100: jmp R0
[LOG_TRACE] R0:3420 R1:3450 R2:0 R3:11 R4:137600 R5:4716 R6:7772 R7:3420
[LOG_TRACE] 003420 041415: bic (R4), (R5)
[LOG_TRACE] R0:3420 R1:3450 R2:0 R3:11 R4:137600 R5:4716 R6:7772 R7:3422
[LOG_TRACE] 003422 160104: sub R1, R4
[LOG_TRACE] R0:3420 R1:3450 R2:0 R3:11 R4:134130 R5:4716 R6:7772 R7:3424
[LOG_TRACE] 003424 100000: bpl 003426
[LOG_TRACE] R0:3420 R1:3450 R2:0 R3:11 R4:134130 R5:4716 R6:7772 R7:3426
[LOG_TRACE] 003426 000100: jmp R0
[LOG_TRACE] R0:3420 R1:3450 R2:0 R3:11 R4:134130 R5:4716 R6:7772 R7:3420
[LOG_TRACE] 003420 041415: bic (R4), (R5)
[LOG_TRACE] R0:3420 R1:3450 R2:0 R3:11 R4:134130 R5:4716 R6:7772 R7:3422
[LOG_TRACE] 003422 160104: sub R1, R4
[LOG_TRACE] R0:3420 R1:3450 R2:0 R3:11 R4:130460 R5:4716 R6:7772 R7:3424
[LOG_TRACE] 003424 100000: bpl 003426
[LOG_TRACE] R0:3420 R1:3450 R2:0 R3:11 R4:130460 R5:4716 R6:7772 R7:3426
[LOG_TRACE] 003426 000100: jmp R0
[LOG_TRACE] R0:3420 R1:3450 R2:0 R3:11 R4:130460 R5:4716 R6:7772 R7:3420
[LOG_TRACE] 003420 041415: bic (R4), (R5)
[LOG_TRACE] R0:3420 R1:3450 R2:0 R3:11 R4:130460 R5:4716 R6:7772 R7:3422
[LOG_TRACE] 003422 160104: sub R1, R4
[LOG_TRACE] R0:3420 R1:3450 R2:0 R3:11 R4:125010 R5:4716 R6:7772 R7:3424
[LOG_TRACE] 003424 100000: bpl 003426
[LOG_TRACE] R0:3420 R1:3450 R2:0 R3:11 R4:125010 R5:4716 R6:7772 R7:3426
[LOG_TRACE] 003426 000100: jmp R0
[LOG_TRACE] R0:3420 R1:3450 R2:0 R3:11 R4:125010 R5:4716 R6:7772 R7:3420
[LOG_TRACE] 003420 041415: bic (R4), (R5)
[LOG_TRACE] R0:3420 R1:3450 R2:0 R3:11 R4:125010 R5:4716 R6:7772 R7:3422
[LOG_TRACE] 003422 160104: sub R1, R4
[LOG_TRACE] R0:3420 R1:3450 R2:0 R3:11 R4:121340 R5:4716 R6:7772 R7:3424
[LOG_TRACE] 003424 100000: bpl 003426
[LOG_TRACE] R0:3420 R1:3450 R2:0 R3:11 R4:121340 R5:4716 R6:7772 R7:3426
[LOG_TRACE] 003426 000100: jmp R0
[LOG_TRACE] R0:3420 R1:3450 R2:0 R3:11 R4:121340 R5:4716 R6:7772 R7:3420
[LOG_TRACE] 003420 041415: bic (R4), (R5)
[LOG_TRACE] R0:3420 R1:3450 R2:0 R3:11 R4:121340 R5:4716 R6:7772 R7:3422
[LOG_TRACE] 003422 160104: sub R1, R4
[LOG_TRACE] R0:3420 R1:3450 R2:0 R3:11 R4:115670 R5:4716 R6:7772 R7:3424
[LOG_TRACE] 003424 100000: bpl 003426
[LOG_TRACE] R0:3420 R1:3450 R2:0 R3:11 R4:115670 R5:4716 R6:7772 R7:3426
[LOG_TRACE] 003426 000100: jmp R0
[LOG_TRACE] R0:3420 R1:3450 R2:0 R3:11 R4:115670 R5:4716 R6:7772 R7:3420
[LOG_TRACE] 003420 041415: bic (R4), (R5)
[LOG_TRACE] R0:3420 R1:3450 R2:0 R3:11 R4:115670 R5:4716 R6:7772 R7:3422
[LOG_TRACE] 003422 160104: sub R1, R4
[LOG_TRACE] R0:3420 R1:3450 R2:0 R3:11 R4:112220 R5:4716 R6:7772 R7:3424
[LOG_TRACE] 003424 100000: bpl 003426
[LOG_TRACE] R0:3420 R1:3450 R2:0 R3:11 R4:112220 R5:4716 R6:7772 R7:3426
[LOG_TRACE] 003426 000100: jmp R0
[LOG_TRACE] R0:3420 R1:3450 R2:0 R3:11 R4:112220 R5:4716 R6:7772 R7:3420
[LOG_TRACE] 003420 041415: bic (R4), (R5)
[LOG_TRACE] R0:3420 R1:3450 R2:0 R3:11 R4:112220 R5:4716 R6:7772 R7:3422
[LOG_TRACE] 003422 160104: sub R1, R4
[LOG_TRACE] R0:3420 R1:3450 R2:0 R3:11 R4:106550 R5:4716 R6:7772 R7:3424
[LOG_TRACE] 003424 100000: bpl 003426
[LOG_TRACE] R0:3420 R1:3450 R2:0 R3:11 R4:106550 R5:4716 R6:7772 R7:3426
[LOG_TRACE] 003426 000100: jmp R0
[LOG_TRACE] R0:3420 R1:3450 R2:0 R3:11 R4:106550 R5:4716 R6:7772 R7:3420
[LOG_TRACE] 003420 041415: bic (R4), (R5)
[LOG_TRACE] R0:3420 R1:3450 R2:0 R3:11 R4:106550 R5:4716 R6:7772 R7:3422
[LOG_TRACE] 003422 160104: sub R1, R4
[LOG_TRACE] R0:3420 R1:3450 R2:0 R3:11 R4:103100 R5:4716 R6:7772 R7:3424
[LOG_TRACE] 003424 100000: bpl 003426
[LOG_TRACE] R0:3420 R1:3450 R2:0 R3:11 R4:103100 R5:4716 R6:7772 R7:3426
[LOG_TRACE] 003426 000100: jmp R0
[LOG_TRACE] R0:3420 R1:3450 R2:0 R3:11 R4:103100 R5:4716 R6:7772 R7:3420
[LOG_TRACE] 003420 041415: bic (R4), (R5)
[LOG_TRACE] R0:3420 R1:3450 R2:0 R3:11 R4:103100 R5:4716 R6:7772 R7:3422
[LOG_TRACE] 003422 160104: sub R1, R4
[LOG_TRACE] R0:3420 R1:3450 R2:0 R3:11 R4:77430 R5:4716 R6:7772 R7:3424
[LOG_TRACE] 003424 100000: bpl 003426
[LOG_TRACE] R0:3420 R1:3450 R2:0 R3:11 R4:77430 R5:4716 R6:7772 R7:3426
[LOG_TRACE] 003426 000100: jmp R0
[LOG_TRACE] R0:3420 R1:3450 R2:0 R3:11 R4:77430 R5:4716 R6:7772 R7:3420
[LOG_TRACE] 003420 041415: bic (R4), (R5)
[LOG_TRACE] R0:3420 R1:3450 R2:0 R3:11 R4:77430 R5:4716 R6:7772 R7:3422
[LOG_TRACE] 003422 160104: sub R1, R4
[LOG_TRACE] R0:3420 R1:3450 R2:0 R3:11 R4:73760 R5:4716 R6:7772 R7:3424
[LOG_TRACE] 003424 100000: bpl 003426
[LOG_TRACE] R0:3420 R1:3450 R2:0 R3:11 R4:73760 R5:4716 R6:7772 R7:3426
[LOG_TRACE] 003426 000100: jmp R0
[LOG_TRACE] R0:3420 R1:3450 R2:0 R3:11 R4:73760 R5:4716 R6:7772 R7:3420
[LOG_TRACE] 003420 041415: bic (R4), (R5)
[LOG_TRACE] R0:3420 R1:3450 R2:0 R3:11 R4:73760 R5:4716 R6:7772 R7:3422
[LOG_TRACE] 003422 160104: sub R1, R4
[LOG_TRACE] R0:3420 R1:3450 R2:0 R3:11 R4:70310 R5:4716 R6:7772 R7:3424
[LOG_TRACE] 003424 100000: bpl 003426
[LOG_TRACE] R0:3420 R1:3450 R2:0 R3:11 R4:70310 R5:4716 R6:7772 R7:3426
[LOG_TRACE] 003426 000100: jmp R0
[LOG_TRACE] R0:3420 R1:3450 R2:0 R3:11 R4:70310 R5:4716 R6:7772 R7:3420
[LOG_TRACE] 003420 041415: bic (R4), (R5)
[LOG_TRACE] R0:3420 R1:3450 R2:0 R3:11 R4:70310 R5:4716 R6:7772 R7:3422
[LOG_TRACE] 003422 160104: sub R1, R4
[LOG_TRACE] R0:3420 R1:3450 R2:0 R3:11 R4:64640 R5:4716 R6:7772 R7:3424
[LOG_TRACE] 003424 100000: bpl 003426
[LOG_TRACE] R0:3420 R1:3450 R2:0 R3:11 R4:64640 R5:4716 R6:7772 R7:3426
[LOG_TRACE] 003426 000100: jmp R0
[LOG_TRACE] R0:3420 R1:3450 R2:0 R3:11 R4:64640 R5:4716 R6:7772 R7:3420
[LOG_TRACE] 003420 041415: bic (R4), (R5)
[LOG_TRACE] R0:3420 R1:3450 R2:0 R3:11 R4:64640 R5:4716 R6:7772 R7:3422
[LOG_TRACE] 003422 160104: sub R1, R4
[LOG_TRACE] R0:3420 R1:3450 R2:0 R3:11 R4:61170 R5:4716 R6:7772 R7:3424
[LOG_TRACE] 003424 100000: bpl 003426
[LOG_TRACE] R0:3420 R1:3450 R2:0 R3:11 R4:61170 R5:4716 R6:7772 R7:3426
[LOG_TRACE] 003426 000100: jmp R0
[LOG_TRACE] R0:3420 R1:3450 R2:0 R3:11 R4:61170 R5:4716 R6:7772 R7:3420
[LOG_TRACE] 003420 041415: bic (R4), (R5)
[LOG_TRACE] R0:3420 R1:3450 R2:0 R3:11 R4:61170 R5:4716 R6:7772 R7:3422
[LOG_TRACE] 003422 160104: sub R1, R4
[LOG_TRACE] R0:3420 R1:3450 R2:0 R3:11 R4:55520 R5:4716 R6:7772 R7:3424
[LOG_TRACE] 003424 100000: bpl 003426
[LOG_TRACE] R0:3420 R1:3450 R2:0 R3:11 R4:55520 R5:4716 R6:7772 R7:3426
[LOG_TRACE] 003426 000100: jmp R0
[LOG_TRACE] R0:3420 R1:3450 R2:0 R3:11 R4:55520 R5:4716 R6:7772 R7:3420
[LOG_TRACE] 003420 041415: bic (R4), (R5)
[LOG_TRACE] R0:3420 R1:3450 R2:0 R3:11 R4:55520 R5:4716 R6:7772 R7:3422
[LOG_TRACE] 003422 160104: sub R1, R4
[LOG_TRACE] R0:3420 R1:3450 R2:0 R3:11 R4:52050 R5:4716 R6:7772 R7:3424
[LOG_TRACE] 003424 100000: bpl 003426
[LOG_TRACE] R0:3420 R1:3450 R2:0 R3:11 R4:52050 R5:4716 R6:7772 R7:3426
[LOG_TRACE] 003426 000100: jmp R0
[LOG_TRACE] R0:3420 R1:3450 R2:0 R3:11 R4:52050 R5:4716 R6:7772 R7:3420
[LOG_TRACE] 003420 041415: bic (R4), (R5)
[LOG_TRACE] R0:3420 R1:3450 R2:0 R3:11 R4:52050 R5:4716 R6:7772 R7:3422
[LOG_TRACE] 003422 160104: sub R1, R4
[LOG_TRACE] R0:3420 R1:3450 R2:0 R3:11 R4:46400 R5:4716 R6:7772 R7:3424
[LOG_TRACE] 003424 100000: bpl 003426
[LOG_TRACE] R0:3420 R1:3450 R2:0 R3:11 R4:46400 R5:4716 R6:7772 R7:3426
[LOG_TRACE] 003426 000100: jmp R0
[LOG_TRACE] R0:3420 R1:3450 R2:0 R3:11 R4:46400 R5:4716 R6:7772 R7:3420
[LOG_TRACE] 003420 041415: bic (R4), (R5)
[LOG_TRACE] R0:3420 R1:3450 R2:0 R3:11 R4:46400 R5:4716 R6:7772 R7:3422
[LOG_TRACE] 003422 160104: sub R1, R4
[LOG_TRACE] R0:3420 R1:3450 R2:0 R3:11 R4:42730 R5:4716 R6:7772 R7:3424
[LOG_TRACE] 003424 100000: bpl 003426
[LOG_TRACE] R0:3420 R1:3450 R2:0 R3:11 R4:42730 R5:4716 R6:7772 R7:3426
[LOG_TRACE] 003426 000100: jmp R0
[LOG_TRACE] R0:3420 R1:3450 R2:0 R3:11 R4:42730 R5:4716 R6:7772 R7:3420
[LOG_TRACE] 003420 041415: bic (R4), (R5)
[LOG_TRACE] R0:3420 R1:3450 R2:0 R3:11 R4:42730 R5:4716 R6:7772 R7:3422
[LOG_TRACE] 003422 160104: sub R1, R4
[LOG_TRACE] R0:3420 R1:3450 R2:0 R3:11 R4:37260 R5:4716 R6:7772 R7:3424
[LOG_TRACE] 003424 100000: bpl 003426
[LOG_TRACE] R0:3420 R1:3450 R2:0 R3:11 R4:37260 R5:4716 R6:7772 R7:3426
[LOG_TRACE] 003426 000100: jmp R0
[LOG_TRACE] R0:3420 R1:3450 R2:0 R3:11 R4:37260 R5:4716 R6:7772 R7:3420
[LOG_TRACE] 003420 041415: bic (R4), (R5)
[LOG_TRACE] R0:3420 R1:3450 R2:0 R3:11 R4:37260 R5:4716 R6:7772 R7:3422
[LOG_TRACE] 003422 160104: sub R1, R4
[LOG_TRACE] R0:3420 R1:3450 R2:0 R3:11 R4:33610 R5:4716 R6:7772 R7:3424
[LOG_TRACE] 003424 100000: bpl 003426
[LOG_TRACE] R0:3420 R1:3450 R2:0 R3:11 R4:33610 R5:4716 R6:7772 R7:3426
[LOG_TRACE] 003426 000100: jmp R0
[LOG_TRACE] R0:3420 R1:3450 R2:0 R3:11 R4:33610 R5:4716 R6:7772 R7:3420
[LOG_TRACE] 003420 041415: bic (R4), (R5)
[LOG_TRACE] R0:3420 R1:3450 R2:0 R3:11 R4:33610 R5:4716 R6:7772 R7:3422
[LOG_TRACE] 003422 160104: sub R1, R4
[LOG_TRACE] R0:3420 R1:3450 R2:0 R3:11 R4:30140 R5:4716 R6:7772 R7:3424
[LOG_TRACE] 003424 100000: bpl 003426
[LOG_TRACE] R0:3420 R1:3450 R2:0 R3:11 R4:30140 R5:4716 R6:7772 R7:3426
[LOG_TRACE] 003426 000100: jmp R0
[LOG_TRACE] R0:3420 R1:3450 R2:0 R3:11 R4:30140 R5:4716 R6:7772 R7:3420
[LOG_TRACE] 003420 041415: bic (R4), (R5)
[LOG_TRACE] R0:3420 R1:3450 R2:0 R3:11 R4:30140 R5:4716 R6:7772 R7:3422
[LOG_TRACE] 003422 160104: sub R1, R4
[LOG_TRACE] R0:3420 R1:3450 R2:0 R3:11 R4:24470 R5:4716 R6:7772 R7:3424
[LOG_TRACE] 003424 100000: bpl 003426
[LOG_TRACE] R0:3420 R1:3450 R2:0 R3:11 R4:24470 R5:4716 R6:7772 R7:3426
[LOG_TRACE] 003426 000100: jmp R0
[LOG_TRACE] R0:3420 R1:3450 R2:0 R3:11 R4:24470 R5:4716 R6:7772 R7:3420
[LOG_TRACE] 003420 041415: bic (R4), (R5)
[LOG_TRACE] R0:3420 R1:3450 R2:0 R3:11 R4:24470 R5:4716 R6:7772 R7:3422
[LOG_TRACE] 003422 160104: sub R1, R4
[LOG_TRACE] R0:3420 R1:3450 R2:0 R3:11 R4:21020 R5:4716 R6:7772 R7:3424
[LOG_TRACE] 003424 100000: bpl 003426
[LOG_TRACE] R0:3420 R1:3450 R2:0 R3:11 R4:21020 R5:4716 R6:7772 R7:3426
[LOG_TRACE] 003426 000100: jmp R0
[LOG_TRACE] R0:3420 R1:3450 R2:0 R3:11 R4:21020 R5:4716 R6:7772 R7:3420
[LOG_TRACE] 003420 041415: bic (R4), (R5)
[LOG_TRACE] R0:3420 R1:3450 R2:0 R3:11 R4:21020 R5:4716 R6:7772 R7:3422
[LOG_TRACE] 003422 160104: sub R1, R4
[LOG_TRACE] R0:3420 R1:3450 R2:0 R3:11 R4:15350 R5:4716 R6:7772 R7:3424
[LOG_TRACE] 003424 100000: bpl 003426
[LOG_TRACE] R0:3420 R1:3450 R2:0 R3:11 R4:15350 R5:4716 R6:7772 R7:3426
[LOG_TRACE] 003426 000100: jmp R0
[LOG_TRACE] R0:3420 R1:3450 R2:0 R3:11 R4:15350 R5:4716 R6:7772 R7:3420
[LOG_TRACE] 003420 041415: bic (R4), (R5)
[LOG_TRACE] R0:3420 R1:3450 R2:0 R3:11 R4:15350 R5:4716 R6:7772 R7:3422
[LOG_TRACE] 003422 160104: sub R1, R4
[LOG_TRACE] R0:3420 R1:3450 R2:0 R3:11 R4:11700 R5:4716 R6:7772 R7:3424
[LOG_TRACE] 003424 100000: bpl 003426
[LOG_TRACE] R0:3420 R1:3450 R2:0 R3:11 R4:11700 R5:4716 R6:7772 R7:3426
[LOG_TRACE] 003426 000100: jmp R0
[LOG_TRACE] R0:3420 R1:3450 R2:0 R3:11 R4:11700 R5:4716 R6:7772 R7:3420
[LOG_TRACE] 003420 041415: bic (R4), (R5)
[LOG_TRACE] R0:3420 R1:3450 R2:0 R3:11 R4:11700 R5:4716 R6:7772 R7:3422
[LOG_TRACE] 003422 160104: sub R1, R4
[LOG_TRACE] R0:3420 R1:3450 R2:0 R3:11 R4:6230 R5:4716 R6:7772 R7:3424
[LOG_TRACE] 003424 100000: bpl 003426
[LOG_TRACE] R0:3420 R1:3450 R2:0 R3:11 R4:6230 R5:4716 R6:7772 R7:3426
[LOG_TRACE] 003426 000100: jmp R0
[LOG_TRACE] R0:3420 R1:3450 R2:0 R3:11 R4:6230 R5:4716 R6:7772 R7:3420
[LOG_TRACE] 003420 041415: bic (R4), (R5)
[LOG_TRACE] R0:3420 R1:3450 R2:0 R3:11 R4:6230 R5:4716 R6:7772 R7:3422
[LOG_TRACE] 003422 160104: sub R1, R4
[LOG_TRACE] R0:3420 R1:3450 R2:0 R3:11 R4:2560 R5:4716 R6:7772 R7:3424
[LOG_TRACE] 003424 100000: bpl 003426
[LOG_TRACE] R0:3420 R1:3450 R2:0 R3:11 R4:2560 R5:4716 R6:7772 R7:3426
[LOG_TRACE] 003426 000100: jmp R0
[LOG_TRACE] R0:3420 R1:3450 R2:0 R3:11 R4:2560 R5:4716 R6:7772 R7:3420
[LOG_TRACE] 003420 041415: bic (R4), (R5)
[LOG_TRACE] R0:3420 R1:3450 R2:0 R3:11 R4:2560 R5:4716 R6:7772 R7:3422
[LOG_TRACE] 003422 160104: sub R1, R4
[LOG_TRACE] R0:3420 R1:3450 R2:0 R3:11 R4:177110 R5:4716 R6:7772 R7:3424
[LOG_TRACE] 003424 100000: bpl 003426
[LOG_TRACE] R0:3420 R1:3450 R2:0 R3:11 R4:177110 R5:4716 R6:7772 R7:3426
[LOG_TRACE] 003426 000100: jmp R0
[LOG_TRACE] R0:3420 R1:3450 R2:0 R3:11 R4:177110 R5:4716 R6:7772 R7:3420
[LOG_TRACE] >>> BUS ERROR TRAP: Saving context and branching to Vector 4...
[LOG_TRACE] 003172 005011: clr (R1)
[LOG_TRACE] R0:3420 R1:3450 R2:0 R3:11 R4:177110 R5:4716 R6:7766 R7:3174
[LOG_TRACE] 003174 000002: rti (R4), (R1)
[LOG_TRACE] >>> RTI: Returned from interrupt. Restored PC: 003422
[LOG_TRACE] R0:3420 R1:3450 R2:0 R3:11 R4:177110 R5:4716 R6:7772 R7:3422
[LOG_TRACE] 003422 160104: sub R1, R4
[LOG_TRACE] R0:3420 R1:3450 R2:0 R3:11 R4:173440 R5:4716 R6:7772 R7:3424
[LOG_TRACE] 003424 100000: bpl 003426
[LOG_TRACE] R0:3420 R1:3450 R2:0 R3:11 R4:173440 R5:4716 R6:7772 R7:3426
[LOG_TRACE] 003426 000100: jmp R0
[LOG_TRACE] R0:3420 R1:3450 R2:0 R3:11 R4:173440 R5:4716 R6:7772 R7:3420
[LOG_TRACE] >>> BUS ERROR TRAP: Saving context and branching to Vector 4...
[LOG_TRACE] 003172 005011: clr (R1)
[LOG_TRACE] R0:3420 R1:3450 R2:0 R3:11 R4:173440 R5:4716 R6:7766 R7:3174
[LOG_TRACE] 003174 000002: rti (R4), (R1)
[LOG_TRACE] >>> RTI: Returned from interrupt. Restored PC: 003422
[LOG_TRACE] R0:3420 R1:3450 R2:0 R3:11 R4:173440 R5:4716 R6:7772 R7:3422
[LOG_TRACE] 003422 160104: sub R1, R4
[LOG_TRACE] R0:3420 R1:3450 R2:0 R3:11 R4:167770 R5:4716 R6:7772 R7:3424
[LOG_TRACE] 003424 100000: bpl 003426
[LOG_TRACE] R0:3420 R1:3450 R2:0 R3:11 R4:167770 R5:4716 R6:7772 R7:3426
[LOG_TRACE] 003426 000100: jmp R0
[LOG_TRACE] R0:3420 R1:3450 R2:0 R3:11 R4:167770 R5:4716 R6:7772 R7:3420
[LOG_TRACE] >>> BUS ERROR TRAP: Saving context and branching to Vector 4...
[LOG_TRACE] 003172 005011: clr (R1)
[LOG_TRACE] R0:3420 R1:3450 R2:0 R3:11 R4:167770 R5:4716 R6:7766 R7:3174
[LOG_TRACE] 003174 000002: rti (R4), (R1)
[LOG_TRACE] >>> RTI: Returned from interrupt. Restored PC: 003422
[LOG_TRACE] R0:3420 R1:3450 R2:0 R3:11 R4:167770 R5:4716 R6:7772 R7:3422
[LOG_TRACE] 003422 160104: sub R1, R4
[LOG_TRACE] R0:3420 R1:3450 R2:0 R3:11 R4:164320 R5:4716 R6:7772 R7:3424
[LOG_TRACE] 003424 100000: bpl 003426
[LOG_TRACE] R0:3420 R1:3450 R2:0 R3:11 R4:164320 R5:4716 R6:7772 R7:3426
[LOG_TRACE] 003426 000100: jmp R0
[LOG_TRACE] R0:3420 R1:3450 R2:0 R3:11 R4:164320 R5:4716 R6:7772 R7:3420
[LOG_TRACE] >>> BUS ERROR TRAP: Saving context and branching to Vector 4...
[LOG_TRACE] 003172 005011: clr (R1)
[LOG_TRACE] R0:3420 R1:3450 R2:0 R3:11 R4:164320 R5:4716 R6:7766 R7:3174
[LOG_TRACE] 003174 000002: rti (R4), (R1)
[LOG_TRACE] >>> RTI: Returned from interrupt. Restored PC: 003422
[LOG_TRACE] R0:3420 R1:3450 R2:0 R3:11 R4:164320 R5:4716 R6:7772 R7:3422
[LOG_TRACE] 003422 160104: sub R1, R4
[LOG_TRACE] R0:3420 R1:3450 R2:0 R3:11 R4:160650 R5:4716 R6:7772 R7:3424
[LOG_TRACE] 003424 100000: bpl 003426
[LOG_TRACE] R0:3420 R1:3450 R2:0 R3:11 R4:160650 R5:4716 R6:7772 R7:3426
[LOG_TRACE] 003426 000100: jmp R0
[LOG_TRACE] R0:3420 R1:3450 R2:0 R3:11 R4:160650 R5:4716 R6:7772 R7:3420
[LOG_TRACE] >>> BUS ERROR TRAP: Saving context and branching to Vector 4...
[LOG_TRACE] 003172 005011: clr (R1)
[LOG_TRACE] R0:3420 R1:3450 R2:0 R3:11 R4:160650 R5:4716 R6:7766 R7:3174
[LOG_TRACE] 003174 000002: rti (R4), (R1)
[LOG_TRACE] >>> RTI: Returned from interrupt. Restored PC: 003422
[LOG_TRACE] R0:3420 R1:3450 R2:0 R3:11 R4:160650 R5:4716 R6:7772 R7:3422
[LOG_TRACE] 003422 160104: sub R1, R4
[LOG_TRACE] R0:3420 R1:3450 R2:0 R3:11 R4:155200 R5:4716 R6:7772 R7:3424
[LOG_TRACE] 003424 100000: bpl 003426
[LOG_TRACE] R0:3420 R1:3450 R2:0 R3:11 R4:155200 R5:4716 R6:7772 R7:3426
[LOG_TRACE] 003426 000100: jmp R0
[LOG_TRACE] R0:3420 R1:3450 R2:0 R3:11 R4:155200 R5:4716 R6:7772 R7:3420
[LOG_TRACE] 003420 041415: bic (R4), (R5)
[LOG_TRACE] R0:3420 R1:3450 R2:0 R3:11 R4:155200 R5:4716 R6:7772 R7:3422
[LOG_TRACE] 003422 160104: sub R1, R4
[LOG_TRACE] R0:3420 R1:3450 R2:0 R3:11 R4:151530 R5:4716 R6:7772 R7:3424
[LOG_TRACE] 003424 100000: bpl 003426
[LOG_TRACE] R0:3420 R1:3450 R2:0 R3:11 R4:151530 R5:4716 R6:7772 R7:3426
[LOG_TRACE] 003426 000100: jmp R0
[LOG_TRACE] R0:3420 R1:3450 R2:0 R3:11 R4:151530 R5:4716 R6:7772 R7:3420
[LOG_TRACE] 003420 041415: bic (R4), (R5)
[LOG_TRACE] R0:3420 R1:3450 R2:0 R3:11 R4:151530 R5:4716 R6:7772 R7:3422
[LOG_TRACE] 003422 160104: sub R1, R4
[LOG_TRACE] R0:3420 R1:3450 R2:0 R3:11 R4:146060 R5:4716 R6:7772 R7:3424
[LOG_TRACE] 003424 100000: bpl 003426
[LOG_TRACE] R0:3420 R1:3450 R2:0 R3:11 R4:146060 R5:4716 R6:7772 R7:3426
[LOG_TRACE] 003426 000100: jmp R0
[LOG_TRACE] R0:3420 R1:3450 R2:0 R3:11 R4:146060 R5:4716 R6:7772 R7:3420
[LOG_TRACE] 003420 041415: bic (R4), (R5)
[LOG_TRACE] R0:3420 R1:3450 R2:0 R3:11 R4:146060 R5:4716 R6:7772 R7:3422
[LOG_TRACE] 003422 160104: sub R1, R4
[LOG_TRACE] R0:3420 R1:3450 R2:0 R3:11 R4:142410 R5:4716 R6:7772 R7:3424
[LOG_TRACE] 003424 100000: bpl 003426
[LOG_TRACE] R0:3420 R1:3450 R2:0 R3:11 R4:142410 R5:4716 R6:7772 R7:3426
[LOG_TRACE] 003426 000100: jmp R0
[LOG_TRACE] R0:3420 R1:3450 R2:0 R3:11 R4:142410 R5:4716 R6:7772 R7:3420
[LOG_TRACE] 003420 041415: bic (R4), (R5)
[LOG_TRACE] R0:3420 R1:3450 R2:0 R3:11 R4:142410 R5:4716 R6:7772 R7:3422
[LOG_TRACE] 003422 160104: sub R1, R4
[LOG_TRACE] R0:3420 R1:3450 R2:0 R3:11 R4:136740 R5:4716 R6:7772 R7:3424
[LOG_TRACE] 003424 100000: bpl 003426
[LOG_TRACE] R0:3420 R1:3450 R2:0 R3:11 R4:136740 R5:4716 R6:7772 R7:3426
[LOG_TRACE] 003426 000100: jmp R0
[LOG_TRACE] R0:3420 R1:3450 R2:0 R3:11 R4:136740 R5:4716 R6:7772 R7:3420
[LOG_TRACE] 003420 041415: bic (R4), (R5)
[LOG_TRACE] R0:3420 R1:3450 R2:0 R3:11 R4:136740 R5:4716 R6:7772 R7:3422
[LOG_TRACE] 003422 160104: sub R1, R4
[LOG_TRACE] R0:3420 R1:3450 R2:0 R3:11 R4:133270 R5:4716 R6:7772 R7:3424
[LOG_TRACE] 003424 100000: bpl 003426
[LOG_TRACE] R0:3420 R1:3450 R2:0 R3:11 R4:133270 R5:4716 R6:7772 R7:3426
[LOG_TRACE] 003426 000100: jmp R0
[LOG_TRACE] R0:3420 R1:3450 R2:0 R3:11 R4:133270 R5:4716 R6:7772 R7:3420
[LOG_TRACE] 003420 041415: bic (R4), (R5)
[LOG_TRACE] R0:3420 R1:3450 R2:0 R3:11 R4:133270 R5:4716 R6:7772 R7:3422
[LOG_TRACE] 003422 160104: sub R1, R4
[LOG_TRACE] R0:3420 R1:3450 R2:0 R3:11 R4:127620 R5:4716 R6:7772 R7:3424
[LOG_TRACE] 003424 100000: bpl 003426
[LOG_TRACE] R0:3420 R1:3450 R2:0 R3:11 R4:127620 R5:4716 R6:7772 R7:3426
[LOG_TRACE] 003426 000100: jmp R0
[LOG_TRACE] R0:3420 R1:3450 R2:0 R3:11 R4:127620 R5:4716 R6:7772 R7:3420
[LOG_TRACE] 003420 041415: bic (R4), (R5)
[LOG_TRACE] R0:3420 R1:3450 R2:0 R3:11 R4:127620 R5:4716 R6:7772 R7:3422
[LOG_TRACE] 003422 160104: sub R1, R4
[LOG_TRACE] R0:3420 R1:3450 R2:0 R3:11 R4:124150 R5:4716 R6:7772 R7:3424
[LOG_TRACE] 003424 100000: bpl 003426
[LOG_TRACE] R0:3420 R1:3450 R2:0 R3:11 R4:124150 R5:4716 R6:7772 R7:3426
[LOG_TRACE] 003426 000100: jmp R0
[LOG_TRACE] R0:3420 R1:3450 R2:0 R3:11 R4:124150 R5:4716 R6:7772 R7:3420
[LOG_TRACE] 003420 041415: bic (R4), (R5)
[LOG_TRACE] R0:3420 R1:3450 R2:0 R3:11 R4:124150 R5:4716 R6:7772 R7:3422
[LOG_TRACE] 003422 160104: sub R1, R4
[LOG_TRACE] R0:3420 R1:3450 R2:0 R3:11 R4:120500 R5:4716 R6:7772 R7:3424
[LOG_TRACE] 003424 100000: bpl 003426
[LOG_TRACE] R0:3420 R1:3450 R2:0 R3:11 R4:120500 R5:4716 R6:7772 R7:3426
[LOG_TRACE] 003426 000100: jmp R0
[LOG_TRACE] R0:3420 R1:3450 R2:0 R3:11 R4:120500 R5:4716 R6:7772 R7:3420
[LOG_TRACE] 003420 041415: bic (R4), (R5)
[LOG_TRACE] R0:3420 R1:3450 R2:0 R3:11 R4:120500 R5:4716 R6:7772 R7:3422
[LOG_TRACE] 003422 160104: sub R1, R4
[LOG_TRACE] R0:3420 R1:3450 R2:0 R3:11 R4:115030 R5:4716 R6:7772 R7:3424
[LOG_TRACE] 003424 100000: bpl 003426
[LOG_TRACE] R0:3420 R1:3450 R2:0 R3:11 R4:115030 R5:4716 R6:7772 R7:3426
[LOG_TRACE] 003426 000100: jmp R0
[LOG_TRACE] R0:3420 R1:3450 R2:0 R3:11 R4:115030 R5:4716 R6:7772 R7:3420
[LOG_TRACE] 003420 041415: bic (R4), (R5)
[LOG_TRACE] R0:3420 R1:3450 R2:0 R3:11 R4:115030 R5:4716 R6:7772 R7:3422
[LOG_TRACE] 003422 160104: sub R1, R4
[LOG_TRACE] R0:3420 R1:3450 R2:0 R3:11 R4:111360 R5:4716 R6:7772 R7:3424
[LOG_TRACE] 003424 100000: bpl 003426
[LOG_TRACE] R0:3420 R1:3450 R2:0 R3:11 R4:111360 R5:4716 R6:7772 R7:3426
[LOG_TRACE] 003426 000100: jmp R0
[LOG_TRACE] R0:3420 R1:3450 R2:0 R3:11 R4:111360 R5:4716 R6:7772 R7:3420
[LOG_TRACE] 003420 041415: bic (R4), (R5)
[LOG_TRACE] R0:3420 R1:3450 R2:0 R3:11 R4:111360 R5:4716 R6:7772 R7:3422
[LOG_TRACE] 003422 160104: sub R1, R4
[LOG_TRACE] R0:3420 R1:3450 R2:0 R3:11 R4:105710 R5:4716 R6:7772 R7:3424
[LOG_TRACE] 003424 100000: bpl 003426
[LOG_TRACE] R0:3420 R1:3450 R2:0 R3:11 R4:105710 R5:4716 R6:7772 R7:3426
[LOG_TRACE] 003426 000100: jmp R0
[LOG_TRACE] R0:3420 R1:3450 R2:0 R3:11 R4:105710 R5:4716 R6:7772 R7:3420
[LOG_TRACE] 003420 041415: bic (R4), (R5)
[LOG_TRACE] R0:3420 R1:3450 R2:0 R3:11 R4:105710 R5:4716 R6:7772 R7:3422
[LOG_TRACE] 003422 160104: sub R1, R4
[LOG_TRACE] R0:3420 R1:3450 R2:0 R3:11 R4:102240 R5:4716 R6:7772 R7:3424
[LOG_TRACE] 003424 100000: bpl 003426
[LOG_TRACE] R0:3420 R1:3450 R2:0 R3:11 R4:102240 R5:4716 R6:7772 R7:3426
[LOG_TRACE] 003426 000100: jmp R0
[LOG_TRACE] R0:3420 R1:3450 R2:0 R3:11 R4:102240 R5:4716 R6:7772 R7:3420
[LOG_TRACE] 003420 041415: bic (R4), (R5)
[LOG_TRACE] R0:3420 R1:3450 R2:0 R3:11 R4:102240 R5:4716 R6:7772 R7:3422
[LOG_TRACE] 003422 160104: sub R1, R4
[LOG_TRACE] R0:3420 R1:3450 R2:0 R3:11 R4:76570 R5:4716 R6:7772 R7:3424
[LOG_TRACE] 003424 100000: bpl 003426
[LOG_TRACE] R0:3420 R1:3450 R2:0 R3:11 R4:76570 R5:4716 R6:7772 R7:3426
[LOG_TRACE] 003426 000100: jmp R0
[LOG_TRACE] R0:3420 R1:3450 R2:0 R3:11 R4:76570 R5:4716 R6:7772 R7:3420
[LOG_TRACE] 003420 041415: bic (R4), (R5)
[LOG_TRACE] R0:3420 R1:3450 R2:0 R3:11 R4:76570 R5:4716 R6:7772 R7:3422
[LOG_TRACE] 003422 160104: sub R1, R4
[LOG_TRACE] R0:3420 R1:3450 R2:0 R3:11 R4:73120 R5:4716 R6:7772 R7:3424
[LOG_TRACE] 003424 100000: bpl 003426
[LOG_TRACE] R0:3420 R1:3450 R2:0 R3:11 R4:73120 R5:4716 R6:7772 R7:3426
[LOG_TRACE] 003426 000100: jmp R0
[LOG_TRACE] R0:3420 R1:3450 R2:0 R3:11 R4:73120 R5:4716 R6:7772 R7:3420
[LOG_TRACE] 003420 041415: bic (R4), (R5)
[LOG_TRACE] R0:3420 R1:3450 R2:0 R3:11 R4:73120 R5:4716 R6:7772 R7:3422
[LOG_TRACE] 003422 160104: sub R1, R4
[LOG_TRACE] R0:3420 R1:3450 R2:0 R3:11 R4:67450 R5:4716 R6:7772 R7:3424
[LOG_TRACE] 003424 100000: bpl 003426
[LOG_TRACE] R0:3420 R1:3450 R2:0 R3:11 R4:67450 R5:4716 R6:7772 R7:3426
[LOG_TRACE] 003426 000100: jmp R0
[LOG_TRACE] R0:3420 R1:3450 R2:0 R3:11 R4:67450 R5:4716 R6:7772 R7:3420
[LOG_TRACE] 003420 041415: bic (R4), (R5)
[LOG_TRACE] R0:3420 R1:3450 R2:0 R3:11 R4:67450 R5:4716 R6:7772 R7:3422
[LOG_TRACE] 003422 160104: sub R1, R4
[LOG_TRACE] R0:3420 R1:3450 R2:0 R3:11 R4:64000 R5:4716 R6:7772 R7:3424
[LOG_TRACE] 003424 100000: bpl 003426
[LOG_TRACE] R0:3420 R1:3450 R2:0 R3:11 R4:64000 R5:4716 R6:7772 R7:3426
[LOG_TRACE] 003426 000100: jmp R0
[LOG_TRACE] R0:3420 R1:3450 R2:0 R3:11 R4:64000 R5:4716 R6:7772 R7:3420
[LOG_TRACE] 003420 041415: bic (R4), (R5)
[LOG_TRACE] R0:3420 R1:3450 R2:0 R3:11 R4:64000 R5:4716 R6:7772 R7:3422
[LOG_TRACE] 003422 160104: sub R1, R4
[LOG_TRACE] R0:3420 R1:3450 R2:0 R3:11 R4:60330 R5:4716 R6:7772 R7:3424
[LOG_TRACE] 003424 100000: bpl 003426
[LOG_TRACE] R0:3420 R1:3450 R2:0 R3:11 R4:60330 R5:4716 R6:7772 R7:3426
[LOG_TRACE] 003426 000100: jmp R0
[LOG_TRACE] R0:3420 R1:3450 R2:0 R3:11 R4:60330 R5:4716 R6:7772 R7:3420
[LOG_TRACE] 003420 041415: bic (R4), (R5)
[LOG_TRACE] R0:3420 R1:3450 R2:0 R3:11 R4:60330 R5:4716 R6:7772 R7:3422
[LOG_TRACE] 003422 160104: sub R1, R4
[LOG_TRACE] R0:3420 R1:3450 R2:0 R3:11 R4:54660 R5:4716 R6:7772 R7:3424
[LOG_TRACE] 003424 100000: bpl 003426
[LOG_TRACE] R0:3420 R1:3450 R2:0 R3:11 R4:54660 R5:4716 R6:7772 R7:3426
[LOG_TRACE] 003426 000100: jmp R0
[LOG_TRACE] R0:3420 R1:3450 R2:0 R3:11 R4:54660 R5:4716 R6:7772 R7:3420
[LOG_TRACE] 003420 041415: bic (R4), (R5)
[LOG_TRACE] R0:3420 R1:3450 R2:0 R3:11 R4:54660 R5:4716 R6:7772 R7:3422
[LOG_TRACE] 003422 160104: sub R1, R4
[LOG_TRACE] R0:3420 R1:3450 R2:0 R3:11 R4:51210 R5:4716 R6:7772 R7:3424
[LOG_TRACE] 003424 100000: bpl 003426
[LOG_TRACE] R0:3420 R1:3450 R2:0 R3:11 R4:51210 R5:4716 R6:7772 R7:3426
[LOG_TRACE] 003426 000100: jmp R0
[LOG_TRACE] R0:3420 R1:3450 R2:0 R3:11 R4:51210 R5:4716 R6:7772 R7:3420
[LOG_TRACE] 003420 041415: bic (R4), (R5)
[LOG_TRACE] R0:3420 R1:3450 R2:0 R3:11 R4:51210 R5:4716 R6:7772 R7:3422
[LOG_TRACE] 003422 160104: sub R1, R4
[LOG_TRACE] R0:3420 R1:3450 R2:0 R3:11 R4:45540 R5:4716 R6:7772 R7:3424
[LOG_TRACE] 003424 100000: bpl 003426
[LOG_TRACE] R0:3420 R1:3450 R2:0 R3:11 R4:45540 R5:4716 R6:7772 R7:3426
[LOG_TRACE] 003426 000100: jmp R0
[LOG_TRACE] R0:3420 R1:3450 R2:0 R3:11 R4:45540 R5:4716 R6:7772 R7:3420
[LOG_TRACE] 003420 041415: bic (R4), (R5)
[LOG_TRACE] R0:3420 R1:3450 R2:0 R3:11 R4:45540 R5:4716 R6:7772 R7:3422
[LOG_TRACE] 003422 160104: sub R1, R4
[LOG_TRACE] R0:3420 R1:3450 R2:0 R3:11 R4:42070 R5:4716 R6:7772 R7:3424
[LOG_TRACE] 003424 100000: bpl 003426
[LOG_TRACE] R0:3420 R1:3450 R2:0 R3:11 R4:42070 R5:4716 R6:7772 R7:3426
[LOG_TRACE] 003426 000100: jmp R0
[LOG_TRACE] R0:3420 R1:3450 R2:0 R3:11 R4:42070 R5:4716 R6:7772 R7:3420
[LOG_TRACE] 003420 041415: bic (R4), (R5)
[LOG_TRACE] R0:3420 R1:3450 R2:0 R3:11 R4:42070 R5:4716 R6:7772 R7:3422
[LOG_TRACE] 003422 160104: sub R1, R4
[LOG_TRACE] R0:3420 R1:3450 R2:0 R3:11 R4:36420 R5:4716 R6:7772 R7:3424
[LOG_TRACE] 003424 100000: bpl 003426
[LOG_TRACE] R0:3420 R1:3450 R2:0 R3:11 R4:36420 R5:4716 R6:7772 R7:3426
[LOG_TRACE] 003426 000100: jmp R0
[LOG_TRACE] R0:3420 R1:3450 R2:0 R3:11 R4:36420 R5:4716 R6:7772 R7:3420
[LOG_TRACE] 003420 041415: bic (R4), (R5)
[LOG_TRACE] R0:3420 R1:3450 R2:0 R3:11 R4:36420 R5:4716 R6:7772 R7:3422
[LOG_TRACE] 003422 160104: sub R1, R4
[LOG_TRACE] R0:3420 R1:3450 R2:0 R3:11 R4:32750 R5:4716 R6:7772 R7:3424
[LOG_TRACE] 003424 100000: bpl 003426
[LOG_TRACE] R0:3420 R1:3450 R2:0 R3:11 R4:32750 R5:4716 R6:7772 R7:3426
[LOG_TRACE] 003426 000100: jmp R0
[LOG_TRACE] R0:3420 R1:3450 R2:0 R3:11 R4:32750 R5:4716 R6:7772 R7:3420
[LOG_TRACE] 003420 041415: bic (R4), (R5)
[LOG_TRACE] R0:3420 R1:3450 R2:0 R3:11 R4:32750 R5:4716 R6:7772 R7:3422
[LOG_TRACE] 003422 160104: sub R1, R4
[LOG_TRACE] R0:3420 R1:3450 R2:0 R3:11 R4:27300 R5:4716 R6:7772 R7:3424
[LOG_TRACE] 003424 100000: bpl 003426
[LOG_TRACE] R0:3420 R1:3450 R2:0 R3:11 R4:27300 R5:4716 R6:7772 R7:3426
[LOG_TRACE] 003426 000100: jmp R0
[LOG_TRACE] R0:3420 R1:3450 R2:0 R3:11 R4:27300 R5:4716 R6:7772 R7:3420
[LOG_TRACE] 003420 041415: bic (R4), (R5)
[LOG_TRACE] R0:3420 R1:3450 R2:0 R3:11 R4:27300 R5:4716 R6:7772 R7:3422
[LOG_TRACE] 003422 160104: sub R1, R4
[LOG_TRACE] R0:3420 R1:3450 R2:0 R3:11 R4:23630 R5:4716 R6:7772 R7:3424
[LOG_TRACE] 003424 100000: bpl 003426
[LOG_TRACE] R0:3420 R1:3450 R2:0 R3:11 R4:23630 R5:4716 R6:7772 R7:3426
[LOG_TRACE] 003426 000100: jmp R0
[LOG_TRACE] R0:3420 R1:3450 R2:0 R3:11 R4:23630 R5:4716 R6:7772 R7:3420
[LOG_TRACE] 003420 041415: bic (R4), (R5)
[LOG_TRACE] R0:3420 R1:3450 R2:0 R3:11 R4:23630 R5:4716 R6:7772 R7:3422
[LOG_TRACE] 003422 160104: sub R1, R4
[LOG_TRACE] R0:3420 R1:3450 R2:0 R3:11 R4:20160 R5:4716 R6:7772 R7:3424
[LOG_TRACE] 003424 100000: bpl 003426
[LOG_TRACE] R0:3420 R1:3450 R2:0 R3:11 R4:20160 R5:4716 R6:7772 R7:3426
[LOG_TRACE] 003426 000100: jmp R0
[LOG_TRACE] R0:3420 R1:3450 R2:0 R3:11 R4:20160 R5:4716 R6:7772 R7:3420
[LOG_TRACE] 003420 041415: bic (R4), (R5)
[LOG_TRACE] R0:3420 R1:3450 R2:0 R3:11 R4:20160 R5:4716 R6:7772 R7:3422
[LOG_TRACE] 003422 160104: sub R1, R4
[LOG_TRACE] R0:3420 R1:3450 R2:0 R3:11 R4:14510 R5:4716 R6:7772 R7:3424
[LOG_TRACE] 003424 100000: bpl 003426
[LOG_TRACE] R0:3420 R1:3450 R2:0 R3:11 R4:14510 R5:4716 R6:7772 R7:3426
[LOG_TRACE] 003426 000100: jmp R0
[LOG_TRACE] R0:3420 R1:3450 R2:0 R3:11 R4:14510 R5:4716 R6:7772 R7:3420
[LOG_TRACE] 003420 041415: bic (R4), (R5)
[LOG_TRACE] R0:3420 R1:3450 R2:0 R3:11 R4:14510 R5:4716 R6:7772 R7:3422
[LOG_TRACE] 003422 160104: sub R1, R4
[LOG_TRACE] R0:3420 R1:3450 R2:0 R3:11 R4:11040 R5:4716 R6:7772 R7:3424
[LOG_TRACE] 003424 100000: bpl 003426
[LOG_TRACE] R0:3420 R1:3450 R2:0 R3:11 R4:11040 R5:4716 R6:7772 R7:3426
[LOG_TRACE] 003426 000100: jmp R0
[LOG_TRACE] R0:3420 R1:3450 R2:0 R3:11 R4:11040 R5:4716 R6:7772 R7:3420
[LOG_TRACE] 003420 041415: bic (R4), (R5)
[LOG_TRACE] R0:3420 R1:3450 R2:0 R3:11 R4:11040 R5:4716 R6:7772 R7:3422
[LOG_TRACE] 003422 160104: sub R1, R4
[LOG_TRACE] R0:3420 R1:3450 R2:0 R3:11 R4:5370 R5:4716 R6:7772 R7:3424
[LOG_TRACE] 003424 100000: bpl 003426
[LOG_TRACE] R0:3420 R1:3450 R2:0 R3:11 R4:5370 R5:4716 R6:7772 R7:3426
[LOG_TRACE] 003426 000100: jmp R0
[LOG_TRACE] R0:3420 R1:3450 R2:0 R3:11 R4:5370 R5:4716 R6:7772 R7:3420
[LOG_TRACE] 003420 041415: bic (R4), (R5)
[LOG_TRACE] R0:3420 R1:3450 R2:0 R3:11 R4:5370 R5:4716 R6:7772 R7:3422
[LOG_TRACE] 003422 160104: sub R1, R4
[LOG_TRACE] R0:3420 R1:3450 R2:0 R3:11 R4:1720 R5:4716 R6:7772 R7:3424
[LOG_TRACE] 003424 100000: bpl 003426
[LOG_TRACE] R0:3420 R1:3450 R2:0 R3:11 R4:1720 R5:4716 R6:7772 R7:3426
[LOG_TRACE] 003426 000100: jmp R0
[LOG_TRACE] R0:3420 R1:3450 R2:0 R3:11 R4:1720 R5:4716 R6:7772 R7:3420
[LOG_TRACE] 003420 041415: bic (R4), (R5)
[LOG_TRACE] R0:3420 R1:3450 R2:0 R3:11 R4:1720 R5:4716 R6:7772 R7:3422
[LOG_TRACE] 003422 160104: sub R1, R4
[LOG_TRACE] R0:3420 R1:3450 R2:0 R3:11 R4:176250 R5:4716 R6:7772 R7:3424
[LOG_TRACE] 003424 100000: bpl 003426
[LOG_TRACE] R0:3420 R1:3450 R2:0 R3:11 R4:176250 R5:4716 R6:7772 R7:3426
[LOG_TRACE] 003426 000100: jmp R0
[LOG_TRACE] R0:3420 R1:3450 R2:0 R3:11 R4:176250 R5:4716 R6:7772 R7:3420
[LOG_TRACE] >>> BUS ERROR TRAP: Saving context and branching to Vector 4...
[LOG_TRACE] 003172 005011: clr (R1)
[LOG_TRACE] R0:3420 R1:3450 R2:0 R3:11 R4:176250 R5:4716 R6:7766 R7:3174
[LOG_TRACE] 003174 000002: rti (R4), (R1)
[LOG_TRACE] >>> RTI: Returned from interrupt. Restored PC: 003422
[LOG_TRACE] R0:3420 R1:3450 R2:0 R3:11 R4:176250 R5:4716 R6:7772 R7:3422
[LOG_TRACE] 003422 160104: sub R1, R4
[LOG_TRACE] R0:3420 R1:3450 R2:0 R3:11 R4:172600 R5:4716 R6:7772 R7:3424
[LOG_TRACE] 003424 100000: bpl 003426
[LOG_TRACE] R0:3420 R1:3450 R2:0 R3:11 R4:172600 R5:4716 R6:7772 R7:3426
[LOG_TRACE] 003426 000100: jmp R0
[LOG_TRACE] R0:3420 R1:3450 R2:0 R3:11 R4:172600 R5:4716 R6:7772 R7:3420
[LOG_TRACE] >>> BUS ERROR TRAP: Saving context and branching to Vector 4...
[LOG_TRACE] 003172 005011: clr (R1)
[LOG_TRACE] R0:3420 R1:3450 R2:0 R3:11 R4:172600 R5:4716 R6:7766 R7:3174
[LOG_TRACE] 003174 000002: rti (R4), (R1)
[LOG_TRACE] >>> RTI: Returned from interrupt. Restored PC: 003422
[LOG_TRACE] R0:3420 R1:3450 R2:0 R3:11 R4:172600 R5:4716 R6:7772 R7:3422
[LOG_TRACE] 003422 160104: sub R1, R4
[LOG_TRACE] R0:3420 R1:3450 R2:0 R3:11 R4:167130 R5:4716 R6:7772 R7:3424
[LOG_TRACE] 003424 100000: bpl 003426
[LOG_TRACE] R0:3420 R1:3450 R2:0 R3:11 R4:167130 R5:4716 R6:7772 R7:3426
[LOG_TRACE] 003426 000100: jmp R0
[LOG_TRACE] R0:3420 R1:3450 R2:0 R3:11 R4:167130 R5:4716 R6:7772 R7:3420
[LOG_TRACE] >>> BUS ERROR TRAP: Saving context and branching to Vector 4...
[LOG_TRACE] 003172 005011: clr (R1)
[LOG_TRACE] R0:3420 R1:3450 R2:0 R3:11 R4:167130 R5:4716 R6:7766 R7:3174
[LOG_TRACE] 003174 000002: rti (R4), (R1)
[LOG_TRACE] >>> RTI: Returned from interrupt. Restored PC: 003422
[LOG_TRACE] R0:3420 R1:3450 R2:0 R3:11 R4:167130 R5:4716 R6:7772 R7:3422
[LOG_TRACE] 003422 160104: sub R1, R4
[LOG_TRACE] R0:3420 R1:3450 R2:0 R3:11 R4:163460 R5:4716 R6:7772 R7:3424
[LOG_TRACE] 003424 100000: bpl 003426
[LOG_TRACE] R0:3420 R1:3450 R2:0 R3:11 R4:163460 R5:4716 R6:7772 R7:3426
[LOG_TRACE] 003426 000100: jmp R0
[LOG_TRACE] R0:3420 R1:3450 R2:0 R3:11 R4:163460 R5:4716 R6:7772 R7:3420
[LOG_TRACE] >>> BUS ERROR TRAP: Saving context and branching to Vector 4...
[LOG_TRACE] 003172 005011: clr (R1)
[LOG_TRACE] R0:3420 R1:3450 R2:0 R3:11 R4:163460 R5:4716 R6:7766 R7:3174
[LOG_TRACE] 003174 000002: rti (R4), (R1)
[LOG_TRACE] >>> RTI: Returned from interrupt. Restored PC: 003422
[LOG_TRACE] R0:3420 R1:3450 R2:0 R3:11 R4:163460 R5:4716 R6:7772 R7:3422
[LOG_TRACE] 003422 160104: sub R1, R4
[LOG_TRACE] R0:3420 R1:3450 R2:0 R3:11 R4:160010 R5:4716 R6:7772 R7:3424
[LOG_TRACE] 003424 100000: bpl 003426
[LOG_TRACE] R0:3420 R1:3450 R2:0 R3:11 R4:160010 R5:4716 R6:7772 R7:3426
[LOG_TRACE] 003426 000100: jmp R0
[LOG_TRACE] R0:3420 R1:3450 R2:0 R3:11 R4:160010 R5:4716 R6:7772 R7:3420
[LOG_TRACE] >>> BUS ERROR TRAP: Saving context and branching to Vector 4...
[LOG_TRACE] 003172 005011: clr (R1)
[LOG_TRACE] R0:3420 R1:3450 R2:0 R3:11 R4:160010 R5:4716 R6:7766 R7:3174
[LOG_TRACE] 003174 000002: rti (R4), (R1)
[LOG_TRACE] >>> RTI: Returned from interrupt. Restored PC: 003422
[LOG_TRACE] R0:3420 R1:3450 R2:0 R3:11 R4:160010 R5:4716 R6:7772 R7:3422
[LOG_TRACE] 003422 160104: sub R1, R4
[LOG_TRACE] R0:3420 R1:3450 R2:0 R3:11 R4:154340 R5:4716 R6:7772 R7:3424
[LOG_TRACE] 003424 100000: bpl 003426
[LOG_TRACE] R0:3420 R1:3450 R2:0 R3:11 R4:154340 R5:4716 R6:7772 R7:3426
[LOG_TRACE] 003426 000100: jmp R0
[LOG_TRACE] R0:3420 R1:3450 R2:0 R3:11 R4:154340 R5:4716 R6:7772 R7:3420
[LOG_TRACE] 003420 041415: bic (R4), (R5)
[LOG_TRACE] R0:3420 R1:3450 R2:0 R3:11 R4:154340 R5:4716 R6:7772 R7:3422
[LOG_TRACE] 003422 160104: sub R1, R4
[LOG_TRACE] R0:3420 R1:3450 R2:0 R3:11 R4:150670 R5:4716 R6:7772 R7:3424
[LOG_TRACE] 003424 100000: bpl 003426
[LOG_TRACE] R0:3420 R1:3450 R2:0 R3:11 R4:150670 R5:4716 R6:7772 R7:3426
[LOG_TRACE] 003426 000100: jmp R0
[LOG_TRACE] R0:3420 R1:3450 R2:0 R3:11 R4:150670 R5:4716 R6:7772 R7:3420
[LOG_TRACE] 003420 041415: bic (R4), (R5)
[LOG_TRACE] R0:3420 R1:3450 R2:0 R3:11 R4:150670 R5:4716 R6:7772 R7:3422
[LOG_TRACE] 003422 160104: sub R1, R4
[LOG_TRACE] R0:3420 R1:3450 R2:0 R3:11 R4:145220 R5:4716 R6:7772 R7:3424
[LOG_TRACE] 003424 100000: bpl 003426
[LOG_TRACE] R0:3420 R1:3450 R2:0 R3:11 R4:145220 R5:4716 R6:7772 R7:3426
[LOG_TRACE] 003426 000100: jmp R0
[LOG_TRACE] R0:3420 R1:3450 R2:0 R3:11 R4:145220 R5:4716 R6:7772 R7:3420
[LOG_TRACE] 003420 041415: bic (R4), (R5)
[LOG_TRACE] R0:3420 R1:3450 R2:0 R3:11 R4:145220 R5:4716 R6:7772 R7:3422
[LOG_TRACE] 003422 160104: sub R1, R4
[LOG_TRACE] R0:3420 R1:3450 R2:0 R3:11 R4:141550 R5:4716 R6:7772 R7:3424
[LOG_TRACE] 003424 100000: bpl 003426
[LOG_TRACE] R0:3420 R1:3450 R2:0 R3:11 R4:141550 R5:4716 R6:7772 R7:3426
[LOG_TRACE] 003426 000100: jmp R0
[LOG_TRACE] R0:3420 R1:3450 R2:0 R3:11 R4:141550 R5:4716 R6:7772 R7:3420
[LOG_TRACE] 003420 041415: bic (R4), (R5)
[LOG_TRACE] R0:3420 R1:3450 R2:0 R3:11 R4:141550 R5:4716 R6:7772 R7:3422
[LOG_TRACE] 003422 160104: sub R1, R4
[LOG_TRACE] R0:3420 R1:3450 R2:0 R3:11 R4:136100 R5:4716 R6:7772 R7:3424
[LOG_TRACE] 003424 100000: bpl 003426
[LOG_TRACE] R0:3420 R1:3450 R2:0 R3:11 R4:136100 R5:4716 R6:7772 R7:3426
[LOG_TRACE] 003426 000100: jmp R0
[LOG_TRACE] R0:3420 R1:3450 R2:0 R3:11 R4:136100 R5:4716 R6:7772 R7:3420
[LOG_TRACE] 003420 041415: bic (R4), (R5)
[LOG_TRACE] R0:3420 R1:3450 R2:0 R3:11 R4:136100 R5:4716 R6:7772 R7:3422
[LOG_TRACE] 003422 160104: sub R1, R4
[LOG_TRACE] R0:3420 R1:3450 R2:0 R3:11 R4:132430 R5:4716 R6:7772 R7:3424
[LOG_TRACE] 003424 100000: bpl 003426
[LOG_TRACE] R0:3420 R1:3450 R2:0 R3:11 R4:132430 R5:4716 R6:7772 R7:3426
[LOG_TRACE] 003426 000100: jmp R0
[LOG_TRACE] R0:3420 R1:3450 R2:0 R3:11 R4:132430 R5:4716 R6:7772 R7:3420
[LOG_TRACE] 003420 041415: bic (R4), (R5)
[LOG_TRACE] R0:3420 R1:3450 R2:0 R3:11 R4:132430 R5:4716 R6:7772 R7:3422
[LOG_TRACE] 003422 160104: sub R1, R4
[LOG_TRACE] R0:3420 R1:3450 R2:0 R3:11 R4:126760 R5:4716 R6:7772 R7:3424
[LOG_TRACE] 003424 100000: bpl 003426
[LOG_TRACE] R0:3420 R1:3450 R2:0 R3:11 R4:126760 R5:4716 R6:7772 R7:3426
[LOG_TRACE] 003426 000100: jmp R0
[LOG_TRACE] R0:3420 R1:3450 R2:0 R3:11 R4:126760 R5:4716 R6:7772 R7:3420
[LOG_TRACE] 003420 041415: bic (R4), (R5)
[LOG_TRACE] R0:3420 R1:3450 R2:0 R3:11 R4:126760 R5:4716 R6:7772 R7:3422
[LOG_TRACE] 003422 160104: sub R1, R4
[LOG_TRACE] R0:3420 R1:3450 R2:0 R3:11 R4:123310 R5:4716 R6:7772 R7:3424
[LOG_TRACE] 003424 100000: bpl 003426
[LOG_TRACE] R0:3420 R1:3450 R2:0 R3:11 R4:123310 R5:4716 R6:7772 R7:3426
[LOG_TRACE] 003426 000100: jmp R0
[LOG_TRACE] R0:3420 R1:3450 R2:0 R3:11 R4:123310 R5:4716 R6:7772 R7:3420
[LOG_TRACE] 003420 041415: bic (R4), (R5)
[LOG_TRACE] R0:3420 R1:3450 R2:0 R3:11 R4:123310 R5:4716 R6:7772 R7:3422
[LOG_TRACE] 003422 160104: sub R1, R4
[LOG_TRACE] R0:3420 R1:3450 R2:0 R3:11 R4:117640 R5:4716 R6:7772 R7:3424
[LOG_TRACE] 003424 100000: bpl 003426
[LOG_TRACE] R0:3420 R1:3450 R2:0 R3:11 R4:117640 R5:4716 R6:7772 R7:3426
[LOG_TRACE] 003426 000100: jmp R0
[LOG_TRACE] R0:3420 R1:3450 R2:0 R3:11 R4:117640 R5:4716 R6:7772 R7:3420
[LOG_TRACE] 003420 041415: bic (R4), (R5)
[LOG_TRACE] R0:3420 R1:3450 R2:0 R3:11 R4:117640 R5:4716 R6:7772 R7:3422
[LOG_TRACE] 003422 160104: sub R1, R4
[LOG_TRACE] R0:3420 R1:3450 R2:0 R3:11 R4:114170 R5:4716 R6:7772 R7:3424
[LOG_TRACE] 003424 100000: bpl 003426
[LOG_TRACE] R0:3420 R1:3450 R2:0 R3:11 R4:114170 R5:4716 R6:7772 R7:3426
[LOG_TRACE] 003426 000100: jmp R0
[LOG_TRACE] R0:3420 R1:3450 R2:0 R3:11 R4:114170 R5:4716 R6:7772 R7:3420
[LOG_TRACE] 003420 041415: bic (R4), (R5)
[LOG_TRACE] R0:3420 R1:3450 R2:0 R3:11 R4:114170 R5:4716 R6:7772 R7:3422
[LOG_TRACE] 003422 160104: sub R1, R4
[LOG_TRACE] R0:3420 R1:3450 R2:0 R3:11 R4:110520 R5:4716 R6:7772 R7:3424
[LOG_TRACE] 003424 100000: bpl 003426
[LOG_TRACE] R0:3420 R1:3450 R2:0 R3:11 R4:110520 R5:4716 R6:7772 R7:3426
[LOG_TRACE] 003426 000100: jmp R0
[LOG_TRACE] R0:3420 R1:3450 R2:0 R3:11 R4:110520 R5:4716 R6:7772 R7:3420
[LOG_TRACE] 003420 041415: bic (R4), (R5)
[LOG_TRACE] R0:3420 R1:3450 R2:0 R3:11 R4:110520 R5:4716 R6:7772 R7:3422
[LOG_TRACE] 003422 160104: sub R1, R4
[LOG_TRACE] R0:3420 R1:3450 R2:0 R3:11 R4:105050 R5:4716 R6:7772 R7:3424
[LOG_TRACE] 003424 100000: bpl 003426
[LOG_TRACE] R0:3420 R1:3450 R2:0 R3:11 R4:105050 R5:4716 R6:7772 R7:3426
[LOG_TRACE] 003426 000100: jmp R0
[LOG_TRACE] R0:3420 R1:3450 R2:0 R3:11 R4:105050 R5:4716 R6:7772 R7:3420
[LOG_TRACE] 003420 041415: bic (R4), (R5)
[LOG_TRACE] R0:3420 R1:3450 R2:0 R3:11 R4:105050 R5:4716 R6:7772 R7:3422
[LOG_TRACE] 003422 160104: sub R1, R4
[LOG_TRACE] R0:3420 R1:3450 R2:0 R3:11 R4:101400 R5:4716 R6:7772 R7:3424
[LOG_TRACE] 003424 100000: bpl 003426
[LOG_TRACE] R0:3420 R1:3450 R2:0 R3:11 R4:101400 R5:4716 R6:7772 R7:3426
[LOG_TRACE] 003426 000100: jmp R0
[LOG_TRACE] R0:3420 R1:3450 R2:0 R3:11 R4:101400 R5:4716 R6:7772 R7:3420
[LOG_TRACE] 003420 041415: bic (R4), (R5)
[LOG_TRACE] R0:3420 R1:3450 R2:0 R3:11 R4:101400 R5:4716 R6:7772 R7:3422
[LOG_TRACE] 003422 160104: sub R1, R4
[LOG_TRACE] R0:3420 R1:3450 R2:0 R3:11 R4:75730 R5:4716 R6:7772 R7:3424
[LOG_TRACE] 003424 100000: bpl 003426
[LOG_TRACE] R0:3420 R1:3450 R2:0 R3:11 R4:75730 R5:4716 R6:7772 R7:3426
[LOG_TRACE] 003426 000100: jmp R0
[LOG_TRACE] R0:3420 R1:3450 R2:0 R3:11 R4:75730 R5:4716 R6:7772 R7:3420
[LOG_TRACE] 003420 041415: bic (R4), (R5)
[LOG_TRACE] R0:3420 R1:3450 R2:0 R3:11 R4:75730 R5:4716 R6:7772 R7:3422
[LOG_TRACE] 003422 160104: sub R1, R4
[LOG_TRACE] R0:3420 R1:3450 R2:0 R3:11 R4:72260 R5:4716 R6:7772 R7:3424
[LOG_TRACE] 003424 100000: bpl 003426
[LOG_TRACE] R0:3420 R1:3450 R2:0 R3:11 R4:72260 R5:4716 R6:7772 R7:3426
[LOG_TRACE] 003426 000100: jmp R0
[LOG_TRACE] R0:3420 R1:3450 R2:0 R3:11 R4:72260 R5:4716 R6:7772 R7:3420
[LOG_TRACE] 003420 041415: bic (R4), (R5)
[LOG_TRACE] R0:3420 R1:3450 R2:0 R3:11 R4:72260 R5:4716 R6:7772 R7:3422
[LOG_TRACE] 003422 160104: sub R1, R4
[LOG_TRACE] R0:3420 R1:3450 R2:0 R3:11 R4:66610 R5:4716 R6:7772 R7:3424
[LOG_TRACE] 003424 100000: bpl 003426
[LOG_TRACE] R0:3420 R1:3450 R2:0 R3:11 R4:66610 R5:4716 R6:7772 R7:3426
[LOG_TRACE] 003426 000100: jmp R0
[LOG_TRACE] R0:3420 R1:3450 R2:0 R3:11 R4:66610 R5:4716 R6:7772 R7:3420
[LOG_TRACE] 003420 041415: bic (R4), (R5)
[LOG_TRACE] R0:3420 R1:3450 R2:0 R3:11 R4:66610 R5:4716 R6:7772 R7:3422
[LOG_TRACE] 003422 160104: sub R1, R4
[LOG_TRACE] R0:3420 R1:3450 R2:0 R3:11 R4:63140 R5:4716 R6:7772 R7:3424
[LOG_TRACE] 003424 100000: bpl 003426
[LOG_TRACE] R0:3420 R1:3450 R2:0 R3:11 R4:63140 R5:4716 R6:7772 R7:3426
[LOG_TRACE] 003426 000100: jmp R0
[LOG_TRACE] R0:3420 R1:3450 R2:0 R3:11 R4:63140 R5:4716 R6:7772 R7:3420
[LOG_TRACE] 003420 041415: bic (R4), (R5)
[LOG_TRACE] R0:3420 R1:3450 R2:0 R3:11 R4:63140 R5:4716 R6:7772 R7:3422
[LOG_TRACE] 003422 160104: sub R1, R4
[LOG_TRACE] R0:3420 R1:3450 R2:0 R3:11 R4:57470 R5:4716 R6:7772 R7:3424
[LOG_TRACE] 003424 100000: bpl 003426
[LOG_TRACE] R0:3420 R1:3450 R2:0 R3:11 R4:57470 R5:4716 R6:7772 R7:3426
[LOG_TRACE] 003426 000100: jmp R0
[LOG_TRACE] R0:3420 R1:3450 R2:0 R3:11 R4:57470 R5:4716 R6:7772 R7:3420
[LOG_TRACE] 003420 041415: bic (R4), (R5)
[LOG_TRACE] R0:3420 R1:3450 R2:0 R3:11 R4:57470 R5:4716 R6:7772 R7:3422
[LOG_TRACE] 003422 160104: sub R1, R4
[LOG_TRACE] R0:3420 R1:3450 R2:0 R3:11 R4:54020 R5:4716 R6:7772 R7:3424
[LOG_TRACE] 003424 100000: bpl 003426
[LOG_TRACE] R0:3420 R1:3450 R2:0 R3:11 R4:54020 R5:4716 R6:7772 R7:3426
[LOG_TRACE] 003426 000100: jmp R0
[LOG_TRACE] R0:3420 R1:3450 R2:0 R3:11 R4:54020 R5:4716 R6:7772 R7:3420
[LOG_TRACE] 003420 041415: bic (R4), (R5)
[LOG_TRACE] R0:3420 R1:3450 R2:0 R3:11 R4:54020 R5:4716 R6:7772 R7:3422
[LOG_TRACE] 003422 160104: sub R1, R4
[LOG_TRACE] R0:3420 R1:3450 R2:0 R3:11 R4:50350 R5:4716 R6:7772 R7:3424
[LOG_TRACE] 003424 100000: bpl 003426
[LOG_TRACE] R0:3420 R1:3450 R2:0 R3:11 R4:50350 R5:4716 R6:7772 R7:3426
[LOG_TRACE] 003426 000100: jmp R0
[LOG_TRACE] R0:3420 R1:3450 R2:0 R3:11 R4:50350 R5:4716 R6:7772 R7:3420
[LOG_TRACE] 003420 041415: bic (R4), (R5)
[LOG_TRACE] R0:3420 R1:3450 R2:0 R3:11 R4:50350 R5:4716 R6:7772 R7:3422
[LOG_TRACE] 003422 160104: sub R1, R4
[LOG_TRACE] R0:3420 R1:3450 R2:0 R3:11 R4:44700 R5:4716 R6:7772 R7:3424
[LOG_TRACE] 003424 100000: bpl 003426
[LOG_TRACE] R0:3420 R1:3450 R2:0 R3:11 R4:44700 R5:4716 R6:7772 R7:3426
[LOG_TRACE] 003426 000100: jmp R0
[LOG_TRACE] R0:3420 R1:3450 R2:0 R3:11 R4:44700 R5:4716 R6:7772 R7:3420
[LOG_TRACE] 003420 041415: bic (R4), (R5)
[LOG_TRACE] R0:3420 R1:3450 R2:0 R3:11 R4:44700 R5:4716 R6:7772 R7:3422
[LOG_TRACE] 003422 160104: sub R1, R4
[LOG_TRACE] R0:3420 R1:3450 R2:0 R3:11 R4:41230 R5:4716 R6:7772 R7:3424
[LOG_TRACE] 003424 100000: bpl 003426
[LOG_TRACE] R0:3420 R1:3450 R2:0 R3:11 R4:41230 R5:4716 R6:7772 R7:3426
[LOG_TRACE] 003426 000100: jmp R0
[LOG_TRACE] R0:3420 R1:3450 R2:0 R3:11 R4:41230 R5:4716 R6:7772 R7:3420
[LOG_TRACE] 003420 041415: bic (R4), (R5)
[LOG_TRACE] R0:3420 R1:3450 R2:0 R3:11 R4:41230 R5:4716 R6:7772 R7:3422
[LOG_TRACE] 003422 160104: sub R1, R4
[LOG_TRACE] R0:3420 R1:3450 R2:0 R3:11 R4:35560 R5:4716 R6:7772 R7:3424
[LOG_TRACE] 003424 100000: bpl 003426
[LOG_TRACE] R0:3420 R1:3450 R2:0 R3:11 R4:35560 R5:4716 R6:7772 R7:3426
[LOG_TRACE] 003426 000100: jmp R0
[LOG_TRACE] R0:3420 R1:3450 R2:0 R3:11 R4:35560 R5:4716 R6:7772 R7:3420
[LOG_TRACE] 003420 041415: bic (R4), (R5)
[LOG_TRACE] R0:3420 R1:3450 R2:0 R3:11 R4:35560 R5:4716 R6:7772 R7:3422
[LOG_TRACE] 003422 160104: sub R1, R4
[LOG_TRACE] R0:3420 R1:3450 R2:0 R3:11 R4:32110 R5:4716 R6:7772 R7:3424
[LOG_TRACE] 003424 100000: bpl 003426
[LOG_TRACE] R0:3420 R1:3450 R2:0 R3:11 R4:32110 R5:4716 R6:7772 R7:3426
[LOG_TRACE] 003426 000100: jmp R0
[LOG_TRACE] R0:3420 R1:3450 R2:0 R3:11 R4:32110 R5:4716 R6:7772 R7:3420
[LOG_TRACE] 003420 041415: bic (R4), (R5)
[LOG_TRACE] R0:3420 R1:3450 R2:0 R3:11 R4:32110 R5:4716 R6:7772 R7:3422
[LOG_TRACE] 003422 160104: sub R1, R4
[LOG_TRACE] R0:3420 R1:3450 R2:0 R3:11 R4:26440 R5:4716 R6:7772 R7:3424
[LOG_TRACE] 003424 100000: bpl 003426
[LOG_TRACE] R0:3420 R1:3450 R2:0 R3:11 R4:26440 R5:4716 R6:7772 R7:3426
[LOG_TRACE] 003426 000100: jmp R0
[LOG_TRACE] R0:3420 R1:3450 R2:0 R3:11 R4:26440 R5:4716 R6:7772 R7:3420
[LOG_TRACE] 003420 041415: bic (R4), (R5)
[LOG_TRACE] R0:3420 R1:3450 R2:0 R3:11 R4:26440 R5:4716 R6:7772 R7:3422
[LOG_TRACE] 003422 160104: sub R1, R4
[LOG_TRACE] R0:3420 R1:3450 R2:0 R3:11 R4:22770 R5:4716 R6:7772 R7:3424
[LOG_TRACE] 003424 100000: bpl 003426
[LOG_TRACE] R0:3420 R1:3450 R2:0 R3:11 R4:22770 R5:4716 R6:7772 R7:3426
[LOG_TRACE] 003426 000100: jmp R0
[LOG_TRACE] R0:3420 R1:3450 R2:0 R3:11 R4:22770 R5:4716 R6:7772 R7:3420
[LOG_TRACE] 003420 041415: bic (R4), (R5)
[LOG_TRACE] R0:3420 R1:3450 R2:0 R3:11 R4:22770 R5:4716 R6:7772 R7:3422
[LOG_TRACE] 003422 160104: sub R1, R4
[LOG_TRACE] R0:3420 R1:3450 R2:0 R3:11 R4:17320 R5:4716 R6:7772 R7:3424
[LOG_TRACE] 003424 100000: bpl 003426
[LOG_TRACE] R0:3420 R1:3450 R2:0 R3:11 R4:17320 R5:4716 R6:7772 R7:3426
[LOG_TRACE] 003426 000100: jmp R0
[LOG_TRACE] R0:3420 R1:3450 R2:0 R3:11 R4:17320 R5:4716 R6:7772 R7:3420
[LOG_TRACE] 003420 041415: bic (R4), (R5)
[LOG_TRACE] R0:3420 R1:3450 R2:0 R3:11 R4:17320 R5:4716 R6:7772 R7:3422
[LOG_TRACE] 003422 160104: sub R1, R4
[LOG_TRACE] R0:3420 R1:3450 R2:0 R3:11 R4:13650 R5:4716 R6:7772 R7:3424
[LOG_TRACE] 003424 100000: bpl 003426
[LOG_TRACE] R0:3420 R1:3450 R2:0 R3:11 R4:13650 R5:4716 R6:7772 R7:3426
[LOG_TRACE] 003426 000100: jmp R0
[LOG_TRACE] R0:3420 R1:3450 R2:0 R3:11 R4:13650 R5:4716 R6:7772 R7:3420
[LOG_TRACE] 003420 041415: bic (R4), (R5)
[LOG_TRACE] R0:3420 R1:3450 R2:0 R3:11 R4:13650 R5:4716 R6:7772 R7:3422
[LOG_TRACE] 003422 160104: sub R1, R4
[LOG_TRACE] R0:3420 R1:3450 R2:0 R3:11 R4:10200 R5:4716 R6:7772 R7:3424
[LOG_TRACE] 003424 100000: bpl 003426
[LOG_TRACE] R0:3420 R1:3450 R2:0 R3:11 R4:10200 R5:4716 R6:7772 R7:3426
[LOG_TRACE] 003426 000100: jmp R0
[LOG_TRACE] R0:3420 R1:3450 R2:0 R3:11 R4:10200 R5:4716 R6:7772 R7:3420
[LOG_TRACE] 003420 041415: bic (R4), (R5)
[LOG_TRACE] R0:3420 R1:3450 R2:0 R3:11 R4:10200 R5:4716 R6:7772 R7:3422
[LOG_TRACE] 003422 160104: sub R1, R4
[LOG_TRACE] R0:3420 R1:3450 R2:0 R3:11 R4:4530 R5:4716 R6:7772 R7:3424
[LOG_TRACE] 003424 100000: bpl 003426
[LOG_TRACE] R0:3420 R1:3450 R2:0 R3:11 R4:4530 R5:4716 R6:7772 R7:3426
[LOG_TRACE] 003426 000100: jmp R0
[LOG_TRACE] R0:3420 R1:3450 R2:0 R3:11 R4:4530 R5:4716 R6:7772 R7:3420
[LOG_TRACE] 003420 041415: bic (R4), (R5)
[LOG_TRACE] R0:3420 R1:3450 R2:0 R3:11 R4:4530 R5:4716 R6:7772 R7:3422
[LOG_TRACE] 003422 160104: sub R1, R4
[LOG_TRACE] R0:3420 R1:3450 R2:0 R3:11 R4:1060 R5:4716 R6:7772 R7:3424
[LOG_TRACE] 003424 100000: bpl 003426
[LOG_TRACE] R0:3420 R1:3450 R2:0 R3:11 R4:1060 R5:4716 R6:7772 R7:3426
[LOG_TRACE] 003426 000100: jmp R0
[LOG_TRACE] R0:3420 R1:3450 R2:0 R3:11 R4:1060 R5:4716 R6:7772 R7:3420
[LOG_TRACE] 003420 041415: bic (R4), (R5)
[LOG_TRACE] R0:3420 R1:3450 R2:0 R3:11 R4:1060 R5:4716 R6:7772 R7:3422
[LOG_TRACE] 003422 160104: sub R1, R4
[LOG_TRACE] R0:3420 R1:3450 R2:0 R3:11 R4:175410 R5:4716 R6:7772 R7:3424
[LOG_TRACE] 003424 100000: bpl 003426
[LOG_TRACE] R0:3420 R1:3450 R2:0 R3:11 R4:175410 R5:4716 R6:7772 R7:3426
[LOG_TRACE] 003426 000100: jmp R0
[LOG_TRACE] R0:3420 R1:3450 R2:0 R3:11 R4:175410 R5:4716 R6:7772 R7:3420
[LOG_TRACE] >>> BUS ERROR TRAP: Saving context and branching to Vector 4...
[LOG_TRACE] 003172 005011: clr (R1)
[LOG_TRACE] R0:3420 R1:3450 R2:0 R3:11 R4:175410 R5:4716 R6:7766 R7:3174
[LOG_TRACE] 003174 000002: rti (R4), (R1)
[LOG_TRACE] >>> RTI: Returned from interrupt. Restored PC: 003422
[LOG_TRACE] R0:3420 R1:3450 R2:0 R3:11 R4:175410 R5:4716 R6:7772 R7:3422
[LOG_TRACE] 003422 160104: sub R1, R4
[LOG_TRACE] R0:3420 R1:3450 R2:0 R3:11 R4:171740 R5:4716 R6:7772 R7:3424
[LOG_TRACE] 003424 100000: bpl 003426
[LOG_TRACE] R0:3420 R1:3450 R2:0 R3:11 R4:171740 R5:4716 R6:7772 R7:3426
[LOG_TRACE] 003426 000100: jmp R0
[LOG_TRACE] R0:3420 R1:3450 R2:0 R3:11 R4:171740 R5:4716 R6:7772 R7:3420
[LOG_TRACE] >>> BUS ERROR TRAP: Saving context and branching to Vector 4...
[LOG_TRACE] 003172 005011: clr (R1)
[LOG_TRACE] R0:3420 R1:3450 R2:0 R3:11 R4:171740 R5:4716 R6:7766 R7:3174
[LOG_TRACE] 003174 000002: rti (R4), (R1)
[LOG_TRACE] >>> RTI: Returned from interrupt. Restored PC: 003422
[LOG_TRACE] R0:3420 R1:3450 R2:0 R3:11 R4:171740 R5:4716 R6:7772 R7:3422
[LOG_TRACE] 003422 160104: sub R1, R4
[LOG_TRACE] R0:3420 R1:3450 R2:0 R3:11 R4:166270 R5:4716 R6:7772 R7:3424
[LOG_TRACE] 003424 100000: bpl 003426
[LOG_TRACE] R0:3420 R1:3450 R2:0 R3:11 R4:166270 R5:4716 R6:7772 R7:3426
[LOG_TRACE] 003426 000100: jmp R0
[LOG_TRACE] R0:3420 R1:3450 R2:0 R3:11 R4:166270 R5:4716 R6:7772 R7:3420
[LOG_TRACE] >>> BUS ERROR TRAP: Saving context and branching to Vector 4...
[LOG_TRACE] 003172 005011: clr (R1)
[LOG_TRACE] R0:3420 R1:3450 R2:0 R3:11 R4:166270 R5:4716 R6:7766 R7:3174
[LOG_TRACE] 003174 000002: rti (R4), (R1)
[LOG_TRACE] >>> RTI: Returned from interrupt. Restored PC: 003422
[LOG_TRACE] R0:3420 R1:3450 R2:0 R3:11 R4:166270 R5:4716 R6:7772 R7:3422
[LOG_TRACE] 003422 160104: sub R1, R4
[LOG_TRACE] R0:3420 R1:3450 R2:0 R3:11 R4:162620 R5:4716 R6:7772 R7:3424
[LOG_TRACE] 003424 100000: bpl 003426
[LOG_TRACE] R0:3420 R1:3450 R2:0 R3:11 R4:162620 R5:4716 R6:7772 R7:3426
[LOG_TRACE] 003426 000100: jmp R0
[LOG_TRACE] R0:3420 R1:3450 R2:0 R3:11 R4:162620 R5:4716 R6:7772 R7:3420
[LOG_TRACE] >>> BUS ERROR TRAP: Saving context and branching to Vector 4...
[LOG_TRACE] 003172 005011: clr (R1)
[LOG_TRACE] R0:3420 R1:3450 R2:0 R3:11 R4:162620 R5:4716 R6:7766 R7:3174
[LOG_TRACE] 003174 000002: rti (R4), (R1)
[LOG_TRACE] >>> RTI: Returned from interrupt. Restored PC: 003422
[LOG_TRACE] R0:3420 R1:3450 R2:0 R3:11 R4:162620 R5:4716 R6:7772 R7:3422
[LOG_TRACE] 003422 160104: sub R1, R4
[LOG_TRACE] R0:3420 R1:3450 R2:0 R3:11 R4:157150 R5:4716 R6:7772 R7:3424
[LOG_TRACE] 003424 100000: bpl 003426
[LOG_TRACE] R0:3420 R1:3450 R2:0 R3:11 R4:157150 R5:4716 R6:7772 R7:3426
[LOG_TRACE] 003426 000100: jmp R0
[LOG_TRACE] R0:3420 R1:3450 R2:0 R3:11 R4:157150 R5:4716 R6:7772 R7:3420
[LOG_TRACE] 003420 041415: bic (R4), (R5)
[LOG_TRACE] R0:3420 R1:3450 R2:0 R3:11 R4:157150 R5:4716 R6:7772 R7:3422
[LOG_TRACE] 003422 160104: sub R1, R4
[LOG_TRACE] R0:3420 R1:3450 R2:0 R3:11 R4:153500 R5:4716 R6:7772 R7:3424
[LOG_TRACE] 003424 100000: bpl 003426
[LOG_TRACE] R0:3420 R1:3450 R2:0 R3:11 R4:153500 R5:4716 R6:7772 R7:3426
[LOG_TRACE] 003426 000100: jmp R0
[LOG_TRACE] R0:3420 R1:3450 R2:0 R3:11 R4:153500 R5:4716 R6:7772 R7:3420
[LOG_TRACE] 003420 041415: bic (R4), (R5)
[LOG_TRACE] R0:3420 R1:3450 R2:0 R3:11 R4:153500 R5:4716 R6:7772 R7:3422
[LOG_TRACE] 003422 160104: sub R1, R4
[LOG_TRACE] R0:3420 R1:3450 R2:0 R3:11 R4:150030 R5:4716 R6:7772 R7:3424
[LOG_TRACE] 003424 100000: bpl 003426
[LOG_TRACE] R0:3420 R1:3450 R2:0 R3:11 R4:150030 R5:4716 R6:7772 R7:3426
[LOG_TRACE] 003426 000100: jmp R0
[LOG_TRACE] R0:3420 R1:3450 R2:0 R3:11 R4:150030 R5:4716 R6:7772 R7:3420
[LOG_TRACE] 003420 041415: bic (R4), (R5)
[LOG_TRACE] R0:3420 R1:3450 R2:0 R3:11 R4:150030 R5:4716 R6:7772 R7:3422
[LOG_TRACE] 003422 160104: sub R1, R4
[LOG_TRACE] R0:3420 R1:3450 R2:0 R3:11 R4:144360 R5:4716 R6:7772 R7:3424
[LOG_TRACE] 003424 100000: bpl 003426
[LOG_TRACE] R0:3420 R1:3450 R2:0 R3:11 R4:144360 R5:4716 R6:7772 R7:3426
[LOG_TRACE] 003426 000100: jmp R0
[LOG_TRACE] R0:3420 R1:3450 R2:0 R3:11 R4:144360 R5:4716 R6:7772 R7:3420
[LOG_TRACE] 003420 041415: bic (R4), (R5)
[LOG_TRACE] R0:3420 R1:3450 R2:0 R3:11 R4:144360 R5:4716 R6:7772 R7:3422
[LOG_TRACE] 003422 160104: sub R1, R4
[LOG_TRACE] R0:3420 R1:3450 R2:0 R3:11 R4:140710 R5:4716 R6:7772 R7:3424
[LOG_TRACE] 003424 100000: bpl 003426
[LOG_TRACE] R0:3420 R1:3450 R2:0 R3:11 R4:140710 R5:4716 R6:7772 R7:3426
[LOG_TRACE] 003426 000100: jmp R0
[LOG_TRACE] R0:3420 R1:3450 R2:0 R3:11 R4:140710 R5:4716 R6:7772 R7:3420
[LOG_TRACE] 003420 041415: bic (R4), (R5)
[LOG_TRACE] R0:3420 R1:3450 R2:0 R3:11 R4:140710 R5:4716 R6:7772 R7:3422
[LOG_TRACE] 003422 160104: sub R1, R4
[LOG_TRACE] R0:3420 R1:3450 R2:0 R3:11 R4:135240 R5:4716 R6:7772 R7:3424
[LOG_TRACE] 003424 100000: bpl 003426
[LOG_TRACE] R0:3420 R1:3450 R2:0 R3:11 R4:135240 R5:4716 R6:7772 R7:3426
[LOG_TRACE] 003426 000100: jmp R0
[LOG_TRACE] R0:3420 R1:3450 R2:0 R3:11 R4:135240 R5:4716 R6:7772 R7:3420
[LOG_TRACE] 003420 041415: bic (R4), (R5)
[LOG_TRACE] R0:3420 R1:3450 R2:0 R3:11 R4:135240 R5:4716 R6:7772 R7:3422
[LOG_TRACE] 003422 160104: sub R1, R4
[LOG_TRACE] R0:3420 R1:3450 R2:0 R3:11 R4:131570 R5:4716 R6:7772 R7:3424
[LOG_TRACE] 003424 100000: bpl 003426
[LOG_TRACE] R0:3420 R1:3450 R2:0 R3:11 R4:131570 R5:4716 R6:7772 R7:3426
[LOG_TRACE] 003426 000100: jmp R0
[LOG_TRACE] R0:3420 R1:3450 R2:0 R3:11 R4:131570 R5:4716 R6:7772 R7:3420
[LOG_TRACE] 003420 041415: bic (R4), (R5)
[LOG_TRACE] R0:3420 R1:3450 R2:0 R3:11 R4:131570 R5:4716 R6:7772 R7:3422
[LOG_TRACE] 003422 160104: sub R1, R4
[LOG_TRACE] R0:3420 R1:3450 R2:0 R3:11 R4:126120 R5:4716 R6:7772 R7:3424
[LOG_TRACE] 003424 100000: bpl 003426
[LOG_TRACE] R0:3420 R1:3450 R2:0 R3:11 R4:126120 R5:4716 R6:7772 R7:3426
[LOG_TRACE] 003426 000100: jmp R0
[LOG_TRACE] R0:3420 R1:3450 R2:0 R3:11 R4:126120 R5:4716 R6:7772 R7:3420
[LOG_TRACE] 003420 041415: bic (R4), (R5)
[LOG_TRACE] R0:3420 R1:3450 R2:0 R3:11 R4:126120 R5:4716 R6:7772 R7:3422
[LOG_TRACE] 003422 160104: sub R1, R4
[LOG_TRACE] R0:3420 R1:3450 R2:0 R3:11 R4:122450 R5:4716 R6:7772 R7:3424
[LOG_TRACE] 003424 100000: bpl 003426
[LOG_TRACE] R0:3420 R1:3450 R2:0 R3:11 R4:122450 R5:4716 R6:7772 R7:3426
[LOG_TRACE] 003426 000100: jmp R0
[LOG_TRACE] R0:3420 R1:3450 R2:0 R3:11 R4:122450 R5:4716 R6:7772 R7:3420
[LOG_TRACE] 003420 041415: bic (R4), (R5)
[LOG_TRACE] R0:3420 R1:3450 R2:0 R3:11 R4:122450 R5:4716 R6:7772 R7:3422
[LOG_TRACE] 003422 160104: sub R1, R4
[LOG_TRACE] R0:3420 R1:3450 R2:0 R3:11 R4:117000 R5:4716 R6:7772 R7:3424
[LOG_TRACE] 003424 100000: bpl 003426
[LOG_TRACE] R0:3420 R1:3450 R2:0 R3:11 R4:117000 R5:4716 R6:7772 R7:3426
[LOG_TRACE] 003426 000100: jmp R0
[LOG_TRACE] R0:3420 R1:3450 R2:0 R3:11 R4:117000 R5:4716 R6:7772 R7:3420
[LOG_TRACE] 003420 041415: bic (R4), (R5)
[LOG_TRACE] R0:3420 R1:3450 R2:0 R3:11 R4:117000 R5:4716 R6:7772 R7:3422
[LOG_TRACE] 003422 160104: sub R1, R4
[LOG_TRACE] R0:3420 R1:3450 R2:0 R3:11 R4:113330 R5:4716 R6:7772 R7:3424
[LOG_TRACE] 003424 100000: bpl 003426
[LOG_TRACE] R0:3420 R1:3450 R2:0 R3:11 R4:113330 R5:4716 R6:7772 R7:3426
[LOG_TRACE] 003426 000100: jmp R0
[LOG_TRACE] R0:3420 R1:3450 R2:0 R3:11 R4:113330 R5:4716 R6:7772 R7:3420
[LOG_TRACE] 003420 041415: bic (R4), (R5)
[LOG_TRACE] R0:3420 R1:3450 R2:0 R3:11 R4:113330 R5:4716 R6:7772 R7:3422
[LOG_TRACE] 003422 160104: sub R1, R4
[LOG_TRACE] R0:3420 R1:3450 R2:0 R3:11 R4:107660 R5:4716 R6:7772 R7:3424
[LOG_TRACE] 003424 100000: bpl 003426
[LOG_TRACE] R0:3420 R1:3450 R2:0 R3:11 R4:107660 R5:4716 R6:7772 R7:3426
[LOG_TRACE] 003426 000100: jmp R0
[LOG_TRACE] R0:3420 R1:3450 R2:0 R3:11 R4:107660 R5:4716 R6:7772 R7:3420
[LOG_TRACE] 003420 041415: bic (R4), (R5)
[LOG_TRACE] R0:3420 R1:3450 R2:0 R3:11 R4:107660 R5:4716 R6:7772 R7:3422
[LOG_TRACE] 003422 160104: sub R1, R4
[LOG_TRACE] R0:3420 R1:3450 R2:0 R3:11 R4:104210 R5:4716 R6:7772 R7:3424
[LOG_TRACE] 003424 100000: bpl 003426
[LOG_TRACE] R0:3420 R1:3450 R2:0 R3:11 R4:104210 R5:4716 R6:7772 R7:3426
[LOG_TRACE] 003426 000100: jmp R0
[LOG_TRACE] R0:3420 R1:3450 R2:0 R3:11 R4:104210 R5:4716 R6:7772 R7:3420
[LOG_TRACE] 003420 041415: bic (R4), (R5)
[LOG_TRACE] R0:3420 R1:3450 R2:0 R3:11 R4:104210 R5:4716 R6:7772 R7:3422
[LOG_TRACE] 003422 160104: sub R1, R4
[LOG_TRACE] R0:3420 R1:3450 R2:0 R3:11 R4:100540 R5:4716 R6:7772 R7:3424
[LOG_TRACE] 003424 100000: bpl 003426
[LOG_TRACE] R0:3420 R1:3450 R2:0 R3:11 R4:100540 R5:4716 R6:7772 R7:3426
[LOG_TRACE] 003426 000100: jmp R0
[LOG_TRACE] R0:3420 R1:3450 R2:0 R3:11 R4:100540 R5:4716 R6:7772 R7:3420
[LOG_TRACE] 003420 041415: bic (R4), (R5)
[LOG_TRACE] R0:3420 R1:3450 R2:0 R3:11 R4:100540 R5:4716 R6:7772 R7:3422
[LOG_TRACE] 003422 160104: sub R1, R4
[LOG_TRACE] R0:3420 R1:3450 R2:0 R3:11 R4:75070 R5:4716 R6:7772 R7:3424
[LOG_TRACE] 003424 100000: bpl 003426
[LOG_TRACE] R0:3420 R1:3450 R2:0 R3:11 R4:75070 R5:4716 R6:7772 R7:3426
[LOG_TRACE] 003426 000100: jmp R0
[LOG_TRACE] R0:3420 R1:3450 R2:0 R3:11 R4:75070 R5:4716 R6:7772 R7:3420
[LOG_TRACE] 003420 041415: bic (R4), (R5)
[LOG_TRACE] R0:3420 R1:3450 R2:0 R3:11 R4:75070 R5:4716 R6:7772 R7:3422
[LOG_TRACE] 003422 160104: sub R1, R4
[LOG_TRACE] R0:3420 R1:3450 R2:0 R3:11 R4:71420 R5:4716 R6:7772 R7:3424
[LOG_TRACE] 003424 100000: bpl 003426
[LOG_TRACE] R0:3420 R1:3450 R2:0 R3:11 R4:71420 R5:4716 R6:7772 R7:3426
[LOG_TRACE] 003426 000100: jmp R0
[LOG_TRACE] R0:3420 R1:3450 R2:0 R3:11 R4:71420 R5:4716 R6:7772 R7:3420
[LOG_TRACE] 003420 041415: bic (R4), (R5)
[LOG_TRACE] R0:3420 R1:3450 R2:0 R3:11 R4:71420 R5:4716 R6:7772 R7:3422
[LOG_TRACE] 003422 160104: sub R1, R4
[LOG_TRACE] R0:3420 R1:3450 R2:0 R3:11 R4:65750 R5:4716 R6:7772 R7:3424
[LOG_TRACE] 003424 100000: bpl 003426
[LOG_TRACE] R0:3420 R1:3450 R2:0 R3:11 R4:65750 R5:4716 R6:7772 R7:3426
[LOG_TRACE] 003426 000100: jmp R0
[LOG_TRACE] R0:3420 R1:3450 R2:0 R3:11 R4:65750 R5:4716 R6:7772 R7:3420
[LOG_TRACE] 003420 041415: bic (R4), (R5)
[LOG_TRACE] R0:3420 R1:3450 R2:0 R3:11 R4:65750 R5:4716 R6:7772 R7:3422
[LOG_TRACE] 003422 160104: sub R1, R4
[LOG_TRACE] R0:3420 R1:3450 R2:0 R3:11 R4:62300 R5:4716 R6:7772 R7:3424
[LOG_TRACE] 003424 100000: bpl 003426
[LOG_TRACE] R0:3420 R1:3450 R2:0 R3:11 R4:62300 R5:4716 R6:7772 R7:3426
[LOG_TRACE] 003426 000100: jmp R0
[LOG_TRACE] R0:3420 R1:3450 R2:0 R3:11 R4:62300 R5:4716 R6:7772 R7:3420
[LOG_TRACE] 003420 041415: bic (R4), (R5)
[LOG_TRACE] R0:3420 R1:3450 R2:0 R3:11 R4:62300 R5:4716 R6:7772 R7:3422
[LOG_TRACE] 003422 160104: sub R1, R4
[LOG_TRACE] R0:3420 R1:3450 R2:0 R3:11 R4:56630 R5:4716 R6:7772 R7:3424
[LOG_TRACE] 003424 100000: bpl 003426
[LOG_TRACE] R0:3420 R1:3450 R2:0 R3:11 R4:56630 R5:4716 R6:7772 R7:3426
[LOG_TRACE] 003426 000100: jmp R0
[LOG_TRACE] R0:3420 R1:3450 R2:0 R3:11 R4:56630 R5:4716 R6:7772 R7:3420
[LOG_TRACE] 003420 041415: bic (R4), (R5)
[LOG_TRACE] R0:3420 R1:3450 R2:0 R3:11 R4:56630 R5:4716 R6:7772 R7:3422
[LOG_TRACE] 003422 160104: sub R1, R4
[LOG_TRACE] R0:3420 R1:3450 R2:0 R3:11 R4:53160 R5:4716 R6:7772 R7:3424
[LOG_TRACE] 003424 100000: bpl 003426
[LOG_TRACE] R0:3420 R1:3450 R2:0 R3:11 R4:53160 R5:4716 R6:7772 R7:3426
[LOG_TRACE] 003426 000100: jmp R0
[LOG_TRACE] R0:3420 R1:3450 R2:0 R3:11 R4:53160 R5:4716 R6:7772 R7:3420
[LOG_TRACE] 003420 041415: bic (R4), (R5)
[LOG_TRACE] R0:3420 R1:3450 R2:0 R3:11 R4:53160 R5:4716 R6:7772 R7:3422
[LOG_TRACE] 003422 160104: sub R1, R4
[LOG_TRACE] R0:3420 R1:3450 R2:0 R3:11 R4:47510 R5:4716 R6:7772 R7:3424
[LOG_TRACE] 003424 100000: bpl 003426
[LOG_TRACE] R0:3420 R1:3450 R2:0 R3:11 R4:47510 R5:4716 R6:7772 R7:3426
[LOG_TRACE] 003426 000100: jmp R0
[LOG_TRACE] R0:3420 R1:3450 R2:0 R3:11 R4:47510 R5:4716 R6:7772 R7:3420
[LOG_TRACE] 003420 041415: bic (R4), (R5)
[LOG_TRACE] R0:3420 R1:3450 R2:0 R3:11 R4:47510 R5:4716 R6:7772 R7:3422
[LOG_TRACE] 003422 160104: sub R1, R4
[LOG_TRACE] R0:3420 R1:3450 R2:0 R3:11 R4:44040 R5:4716 R6:7772 R7:3424
[LOG_TRACE] 003424 100000: bpl 003426
[LOG_TRACE] R0:3420 R1:3450 R2:0 R3:11 R4:44040 R5:4716 R6:7772 R7:3426
[LOG_TRACE] 003426 000100: jmp R0
[LOG_TRACE] R0:3420 R1:3450 R2:0 R3:11 R4:44040 R5:4716 R6:7772 R7:3420
[LOG_TRACE] 003420 041415: bic (R4), (R5)
[LOG_TRACE] R0:3420 R1:3450 R2:0 R3:11 R4:44040 R5:4716 R6:7772 R7:3422
[LOG_TRACE] 003422 160104: sub R1, R4
[LOG_TRACE] R0:3420 R1:3450 R2:0 R3:11 R4:40370 R5:4716 R6:7772 R7:3424
[LOG_TRACE] 003424 100000: bpl 003426
[LOG_TRACE] R0:3420 R1:3450 R2:0 R3:11 R4:40370 R5:4716 R6:7772 R7:3426
[LOG_TRACE] 003426 000100: jmp R0
[LOG_TRACE] R0:3420 R1:3450 R2:0 R3:11 R4:40370 R5:4716 R6:7772 R7:3420
[LOG_TRACE] 003420 041415: bic (R4), (R5)
[LOG_TRACE] R0:3420 R1:3450 R2:0 R3:11 R4:40370 R5:4716 R6:7772 R7:3422
[LOG_TRACE] 003422 160104: sub R1, R4
[LOG_TRACE] R0:3420 R1:3450 R2:0 R3:11 R4:34720 R5:4716 R6:7772 R7:3424
[LOG_TRACE] 003424 100000: bpl 003426
[LOG_TRACE] R0:3420 R1:3450 R2:0 R3:11 R4:34720 R5:4716 R6:7772 R7:3426
[LOG_TRACE] 003426 000100: jmp R0
[LOG_TRACE] R0:3420 R1:3450 R2:0 R3:11 R4:34720 R5:4716 R6:7772 R7:3420
[LOG_TRACE] 003420 041415: bic (R4), (R5)
[LOG_TRACE] R0:3420 R1:3450 R2:0 R3:11 R4:34720 R5:4716 R6:7772 R7:3422
[LOG_TRACE] 003422 160104: sub R1, R4
[LOG_TRACE] R0:3420 R1:3450 R2:0 R3:11 R4:31250 R5:4716 R6:7772 R7:3424
[LOG_TRACE] 003424 100000: bpl 003426
[LOG_TRACE] R0:3420 R1:3450 R2:0 R3:11 R4:31250 R5:4716 R6:7772 R7:3426
[LOG_TRACE] 003426 000100: jmp R0
[LOG_TRACE] R0:3420 R1:3450 R2:0 R3:11 R4:31250 R5:4716 R6:7772 R7:3420
[LOG_TRACE] 003420 041415: bic (R4), (R5)
[LOG_TRACE] R0:3420 R1:3450 R2:0 R3:11 R4:31250 R5:4716 R6:7772 R7:3422
[LOG_TRACE] 003422 160104: sub R1, R4
[LOG_TRACE] R0:3420 R1:3450 R2:0 R3:11 R4:25600 R5:4716 R6:7772 R7:3424
[LOG_TRACE] 003424 100000: bpl 003426
[LOG_TRACE] R0:3420 R1:3450 R2:0 R3:11 R4:25600 R5:4716 R6:7772 R7:3426
[LOG_TRACE] 003426 000100: jmp R0
[LOG_TRACE] R0:3420 R1:3450 R2:0 R3:11 R4:25600 R5:4716 R6:7772 R7:3420
[LOG_TRACE] 003420 041415: bic (R4), (R5)
[LOG_TRACE] R0:3420 R1:3450 R2:0 R3:11 R4:25600 R5:4716 R6:7772 R7:3422
[LOG_TRACE] 003422 160104: sub R1, R4
[LOG_TRACE] R0:3420 R1:3450 R2:0 R3:11 R4:22130 R5:4716 R6:7772 R7:3424
[LOG_TRACE] 003424 100000: bpl 003426
[LOG_TRACE] R0:3420 R1:3450 R2:0 R3:11 R4:22130 R5:4716 R6:7772 R7:3426
[LOG_TRACE] 003426 000100: jmp R0
[LOG_TRACE] R0:3420 R1:3450 R2:0 R3:11 R4:22130 R5:4716 R6:7772 R7:3420
[LOG_TRACE] 003420 041415: bic (R4), (R5)
[LOG_TRACE] R0:3420 R1:3450 R2:0 R3:11 R4:22130 R5:4716 R6:7772 R7:3422
[LOG_TRACE] 003422 160104: sub R1, R4
[LOG_TRACE] R0:3420 R1:3450 R2:0 R3:11 R4:16460 R5:4716 R6:7772 R7:3424
[LOG_TRACE] 003424 100000: bpl 003426
[LOG_TRACE] R0:3420 R1:3450 R2:0 R3:11 R4:16460 R5:4716 R6:7772 R7:3426
[LOG_TRACE] 003426 000100: jmp R0
[LOG_TRACE] R0:3420 R1:3450 R2:0 R3:11 R4:16460 R5:4716 R6:7772 R7:3420
[LOG_TRACE] 003420 041415: bic (R4), (R5)
[LOG_TRACE] R0:3420 R1:3450 R2:0 R3:11 R4:16460 R5:4716 R6:7772 R7:3422
[LOG_TRACE] 003422 160104: sub R1, R4
[LOG_TRACE] R0:3420 R1:3450 R2:0 R3:11 R4:13010 R5:4716 R6:7772 R7:3424
[LOG_TRACE] 003424 100000: bpl 003426
[LOG_TRACE] R0:3420 R1:3450 R2:0 R3:11 R4:13010 R5:4716 R6:7772 R7:3426
[LOG_TRACE] 003426 000100: jmp R0
[LOG_TRACE] R0:3420 R1:3450 R2:0 R3:11 R4:13010 R5:4716 R6:7772 R7:3420
[LOG_TRACE] 003420 041415: bic (R4), (R5)
[LOG_TRACE] R0:3420 R1:3450 R2:0 R3:11 R4:13010 R5:4716 R6:7772 R7:3422
[LOG_TRACE] 003422 160104: sub R1, R4
[LOG_TRACE] R0:3420 R1:3450 R2:0 R3:11 R4:7340 R5:4716 R6:7772 R7:3424
[LOG_TRACE] 003424 100000: bpl 003426
[LOG_TRACE] R0:3420 R1:3450 R2:0 R3:11 R4:7340 R5:4716 R6:7772 R7:3426
[LOG_TRACE] 003426 000100: jmp R0
[LOG_TRACE] R0:3420 R1:3450 R2:0 R3:11 R4:7340 R5:4716 R6:7772 R7:3420
[LOG_TRACE] 003420 041415: bic (R4), (R5)
[LOG_TRACE] R0:3420 R1:3450 R2:0 R3:11 R4:7340 R5:4716 R6:7772 R7:3422
[LOG_TRACE] 003422 160104: sub R1, R4
[LOG_TRACE] R0:3420 R1:3450 R2:0 R3:11 R4:3670 R5:4716 R6:7772 R7:3424
[LOG_TRACE] 003424 100000: bpl 003426
[LOG_TRACE] R0:3420 R1:3450 R2:0 R3:11 R4:3670 R5:4716 R6:7772 R7:3426
[LOG_TRACE] 003426 000100: jmp R0
[LOG_TRACE] R0:3420 R1:3450 R2:0 R3:11 R4:3670 R5:4716 R6:7772 R7:3420
[LOG_TRACE] 003420 041415: bic (R4), (R5)
[LOG_TRACE] R0:3420 R1:3450 R2:0 R3:11 R4:3670 R5:4716 R6:7772 R7:3422
[LOG_TRACE] 003422 160104: sub R1, R4
[LOG_TRACE] R0:3420 R1:3450 R2:0 R3:11 R4:220 R5:4716 R6:7772 R7:3424
[LOG_TRACE] 003424 100000: bpl 003426
[LOG_TRACE] R0:3420 R1:3450 R2:0 R3:11 R4:220 R5:4716 R6:7772 R7:3426
[LOG_TRACE] 003426 000100: jmp R0
[LOG_TRACE] R0:3420 R1:3450 R2:0 R3:11 R4:220 R5:4716 R6:7772 R7:3420
[LOG_TRACE] 003420 041415: bic (R4), (R5)
[LOG_TRACE] R0:3420 R1:3450 R2:0 R3:11 R4:220 R5:4716 R6:7772 R7:3422
[LOG_TRACE] 003422 160104: sub R1, R4
[LOG_TRACE] R0:3420 R1:3450 R2:0 R3:11 R4:174550 R5:4716 R6:7772 R7:3424
[LOG_TRACE] 003424 100000: bpl 003426
[LOG_TRACE] R0:3420 R1:3450 R2:0 R3:11 R4:174550 R5:4716 R6:7772 R7:3426
[LOG_TRACE] 003426 000100: jmp R0
[LOG_TRACE] R0:3420 R1:3450 R2:0 R3:11 R4:174550 R5:4716 R6:7772 R7:3420
[LOG_TRACE] >>> BUS ERROR TRAP: Saving context and branching to Vector 4...
[LOG_TRACE] 003172 005011: clr (R1)
[LOG_TRACE] R0:3420 R1:3450 R2:0 R3:11 R4:174550 R5:4716 R6:7766 R7:3174
[LOG_TRACE] 003174 000002: rti (R4), (R1)
[LOG_TRACE] >>> RTI: Returned from interrupt. Restored PC: 003422
[LOG_TRACE] R0:3420 R1:3450 R2:0 R3:11 R4:174550 R5:4716 R6:7772 R7:3422
[LOG_TRACE] 003422 160104: sub R1, R4
[LOG_TRACE] R0:3420 R1:3450 R2:0 R3:11 R4:171100 R5:4716 R6:7772 R7:3424
[LOG_TRACE] 003424 100000: bpl 003426
[LOG_TRACE] R0:3420 R1:3450 R2:0 R3:11 R4:171100 R5:4716 R6:7772 R7:3426
[LOG_TRACE] 003426 000100: jmp R0
[LOG_TRACE] R0:3420 R1:3450 R2:0 R3:11 R4:171100 R5:4716 R6:7772 R7:3420
[LOG_TRACE] >>> BUS ERROR TRAP: Saving context and branching to Vector 4...
[LOG_TRACE] 003172 005011: clr (R1)
[LOG_TRACE] R0:3420 R1:3450 R2:0 R3:11 R4:171100 R5:4716 R6:7766 R7:3174
[LOG_TRACE] 003174 000002: rti (R4), (R1)
[LOG_TRACE] >>> RTI: Returned from interrupt. Restored PC: 003422
[LOG_TRACE] R0:3420 R1:3450 R2:0 R3:11 R4:171100 R5:4716 R6:7772 R7:3422
[LOG_TRACE] 003422 160104: sub R1, R4
[LOG_TRACE] R0:3420 R1:3450 R2:0 R3:11 R4:165430 R5:4716 R6:7772 R7:3424
[LOG_TRACE] 003424 100000: bpl 003426
[LOG_TRACE] R0:3420 R1:3450 R2:0 R3:11 R4:165430 R5:4716 R6:7772 R7:3426
[LOG_TRACE] 003426 000100: jmp R0
[LOG_TRACE] R0:3420 R1:3450 R2:0 R3:11 R4:165430 R5:4716 R6:7772 R7:3420
[LOG_TRACE] >>> BUS ERROR TRAP: Saving context and branching to Vector 4...
[LOG_TRACE] 003172 005011: clr (R1)
[LOG_TRACE] R0:3420 R1:3450 R2:0 R3:11 R4:165430 R5:4716 R6:7766 R7:3174
[LOG_TRACE] 003174 000002: rti (R4), (R1)
[LOG_TRACE] >>> RTI: Returned from interrupt. Restored PC: 003422
[LOG_TRACE] R0:3420 R1:3450 R2:0 R3:11 R4:165430 R5:4716 R6:7772 R7:3422
[LOG_TRACE] 003422 160104: sub R1, R4
[LOG_TRACE] R0:3420 R1:3450 R2:0 R3:11 R4:161760 R5:4716 R6:7772 R7:3424
[LOG_TRACE] 003424 100000: bpl 003426
[LOG_TRACE] R0:3420 R1:3450 R2:0 R3:11 R4:161760 R5:4716 R6:7772 R7:3426
[LOG_TRACE] 003426 000100: jmp R0
[LOG_TRACE] R0:3420 R1:3450 R2:0 R3:11 R4:161760 R5:4716 R6:7772 R7:3420
[LOG_TRACE] >>> BUS ERROR TRAP: Saving context and branching to Vector 4...
[LOG_TRACE] 003172 005011: clr (R1)
[LOG_TRACE] R0:3420 R1:3450 R2:0 R3:11 R4:161760 R5:4716 R6:7766 R7:3174
[LOG_TRACE] 003174 000002: rti (R4), (R1)
[LOG_TRACE] >>> RTI: Returned from interrupt. Restored PC: 003422
[LOG_TRACE] R0:3420 R1:3450 R2:0 R3:11 R4:161760 R5:4716 R6:7772 R7:3422
[LOG_TRACE] 003422 160104: sub R1, R4
[LOG_TRACE] R0:3420 R1:3450 R2:0 R3:11 R4:156310 R5:4716 R6:7772 R7:3424
[LOG_TRACE] 003424 100000: bpl 003426
[LOG_TRACE] R0:3420 R1:3450 R2:0 R3:11 R4:156310 R5:4716 R6:7772 R7:3426
[LOG_TRACE] 003426 000100: jmp R0
[LOG_TRACE] R0:3420 R1:3450 R2:0 R3:11 R4:156310 R5:4716 R6:7772 R7:3420
[LOG_TRACE] 003420 041415: bic (R4), (R5)
[LOG_TRACE] R0:3420 R1:3450 R2:0 R3:11 R4:156310 R5:4716 R6:7772 R7:3422
[LOG_TRACE] 003422 160104: sub R1, R4
[LOG_TRACE] R0:3420 R1:3450 R2:0 R3:11 R4:152640 R5:4716 R6:7772 R7:3424
[LOG_TRACE] 003424 100000: bpl 003426
[LOG_TRACE] R0:3420 R1:3450 R2:0 R3:11 R4:152640 R5:4716 R6:7772 R7:3426
[LOG_TRACE] 003426 000100: jmp R0
[LOG_TRACE] R0:3420 R1:3450 R2:0 R3:11 R4:152640 R5:4716 R6:7772 R7:3420
[LOG_TRACE] 003420 041415: bic (R4), (R5)
[LOG_TRACE] R0:3420 R1:3450 R2:0 R3:11 R4:152640 R5:4716 R6:7772 R7:3422
[LOG_TRACE] 003422 160104: sub R1, R4
[LOG_TRACE] R0:3420 R1:3450 R2:0 R3:11 R4:147170 R5:4716 R6:7772 R7:3424
[LOG_TRACE] 003424 100000: bpl 003426
[LOG_TRACE] R0:3420 R1:3450 R2:0 R3:11 R4:147170 R5:4716 R6:7772 R7:3426
[LOG_TRACE] 003426 000100: jmp R0
[LOG_TRACE] R0:3420 R1:3450 R2:0 R3:11 R4:147170 R5:4716 R6:7772 R7:3420
[LOG_TRACE] 003420 041415: bic (R4), (R5)
[LOG_TRACE] R0:3420 R1:3450 R2:0 R3:11 R4:147170 R5:4716 R6:7772 R7:3422
[LOG_TRACE] 003422 160104: sub R1, R4
[LOG_TRACE] R0:3420 R1:3450 R2:0 R3:11 R4:143520 R5:4716 R6:7772 R7:3424
[LOG_TRACE] 003424 100000: bpl 003426
[LOG_TRACE] R0:3420 R1:3450 R2:0 R3:11 R4:143520 R5:4716 R6:7772 R7:3426
[LOG_TRACE] 003426 000100: jmp R0
[LOG_TRACE] R0:3420 R1:3450 R2:0 R3:11 R4:143520 R5:4716 R6:7772 R7:3420
[LOG_TRACE] 003420 041415: bic (R4), (R5)
[LOG_TRACE] R0:3420 R1:3450 R2:0 R3:11 R4:143520 R5:4716 R6:7772 R7:3422
[LOG_TRACE] 003422 160104: sub R1, R4
[LOG_TRACE] R0:3420 R1:3450 R2:0 R3:11 R4:140050 R5:4716 R6:7772 R7:3424
[LOG_TRACE] 003424 100000: bpl 003426
[LOG_TRACE] R0:3420 R1:3450 R2:0 R3:11 R4:140050 R5:4716 R6:7772 R7:3426
[LOG_TRACE] 003426 000100: jmp R0
[LOG_TRACE] R0:3420 R1:3450 R2:0 R3:11 R4:140050 R5:4716 R6:7772 R7:3420
[LOG_TRACE] 003420 041415: bic (R4), (R5)
[LOG_TRACE] R0:3420 R1:3450 R2:0 R3:11 R4:140050 R5:4716 R6:7772 R7:3422
[LOG_TRACE] 003422 160104: sub R1, R4
[LOG_TRACE] R0:3420 R1:3450 R2:0 R3:11 R4:134400 R5:4716 R6:7772 R7:3424
[LOG_TRACE] 003424 100000: bpl 003426
[LOG_TRACE] R0:3420 R1:3450 R2:0 R3:11 R4:134400 R5:4716 R6:7772 R7:3426
[LOG_TRACE] 003426 000100: jmp R0
[LOG_TRACE] R0:3420 R1:3450 R2:0 R3:11 R4:134400 R5:4716 R6:7772 R7:3420
[LOG_TRACE] 003420 041415: bic (R4), (R5)
[LOG_TRACE] R0:3420 R1:3450 R2:0 R3:11 R4:134400 R5:4716 R6:7772 R7:3422
[LOG_TRACE] 003422 160104: sub R1, R4
[LOG_TRACE] R0:3420 R1:3450 R2:0 R3:11 R4:130730 R5:4716 R6:7772 R7:3424
[LOG_TRACE] 003424 100000: bpl 003426
[LOG_TRACE] R0:3420 R1:3450 R2:0 R3:11 R4:130730 R5:4716 R6:7772 R7:3426
[LOG_TRACE] 003426 000100: jmp R0
[LOG_TRACE] R0:3420 R1:3450 R2:0 R3:11 R4:130730 R5:4716 R6:7772 R7:3420
[LOG_TRACE] 003420 041415: bic (R4), (R5)
[LOG_TRACE] R0:3420 R1:3450 R2:0 R3:11 R4:130730 R5:4716 R6:7772 R7:3422
[LOG_TRACE] 003422 160104: sub R1, R4
[LOG_TRACE] R0:3420 R1:3450 R2:0 R3:11 R4:125260 R5:4716 R6:7772 R7:3424
[LOG_TRACE] 003424 100000: bpl 003426
[LOG_TRACE] R0:3420 R1:3450 R2:0 R3:11 R4:125260 R5:4716 R6:7772 R7:3426
[LOG_TRACE] 003426 000100: jmp R0
[LOG_TRACE] R0:3420 R1:3450 R2:0 R3:11 R4:125260 R5:4716 R6:7772 R7:3420
[LOG_TRACE] 003420 041415: bic (R4), (R5)
[LOG_TRACE] R0:3420 R1:3450 R2:0 R3:11 R4:125260 R5:4716 R6:7772 R7:3422
[LOG_TRACE] 003422 160104: sub R1, R4
[LOG_TRACE] R0:3420 R1:3450 R2:0 R3:11 R4:121610 R5:4716 R6:7772 R7:3424
[LOG_TRACE] 003424 100000: bpl 003426
[LOG_TRACE] R0:3420 R1:3450 R2:0 R3:11 R4:121610 R5:4716 R6:7772 R7:3426
[LOG_TRACE] 003426 000100: jmp R0
[LOG_TRACE] R0:3420 R1:3450 R2:0 R3:11 R4:121610 R5:4716 R6:7772 R7:3420
[LOG_TRACE] 003420 041415: bic (R4), (R5)
[LOG_TRACE] R0:3420 R1:3450 R2:0 R3:11 R4:121610 R5:4716 R6:7772 R7:3422
[LOG_TRACE] 003422 160104: sub R1, R4
[LOG_TRACE] R0:3420 R1:3450 R2:0 R3:11 R4:116140 R5:4716 R6:7772 R7:3424
[LOG_TRACE] 003424 100000: bpl 003426
[LOG_TRACE] R0:3420 R1:3450 R2:0 R3:11 R4:116140 R5:4716 R6:7772 R7:3426
[LOG_TRACE] 003426 000100: jmp R0
[LOG_TRACE] R0:3420 R1:3450 R2:0 R3:11 R4:116140 R5:4716 R6:7772 R7:3420
[LOG_TRACE] 003420 041415: bic (R4), (R5)
[LOG_TRACE] R0:3420 R1:3450 R2:0 R3:11 R4:116140 R5:4716 R6:7772 R7:3422
[LOG_TRACE] 003422 160104: sub R1, R4
[LOG_TRACE] R0:3420 R1:3450 R2:0 R3:11 R4:112470 R5:4716 R6:7772 R7:3424
[LOG_TRACE] 003424 100000: bpl 003426
[LOG_TRACE] R0:3420 R1:3450 R2:0 R3:11 R4:112470 R5:4716 R6:7772 R7:3426
[LOG_TRACE] 003426 000100: jmp R0
[LOG_TRACE] R0:3420 R1:3450 R2:0 R3:11 R4:112470 R5:4716 R6:7772 R7:3420
[LOG_TRACE] 003420 041415: bic (R4), (R5)
[LOG_TRACE] R0:3420 R1:3450 R2:0 R3:11 R4:112470 R5:4716 R6:7772 R7:3422
[LOG_TRACE] 003422 160104: sub R1, R4
[LOG_TRACE] R0:3420 R1:3450 R2:0 R3:11 R4:107020 R5:4716 R6:7772 R7:3424
[LOG_TRACE] 003424 100000: bpl 003426
[LOG_TRACE] R0:3420 R1:3450 R2:0 R3:11 R4:107020 R5:4716 R6:7772 R7:3426
[LOG_TRACE] 003426 000100: jmp R0
[LOG_TRACE] R0:3420 R1:3450 R2:0 R3:11 R4:107020 R5:4716 R6:7772 R7:3420
[LOG_TRACE] 003420 041415: bic (R4), (R5)
[LOG_TRACE] R0:3420 R1:3450 R2:0 R3:11 R4:107020 R5:4716 R6:7772 R7:3422
[LOG_TRACE] 003422 160104: sub R1, R4
[LOG_TRACE] R0:3420 R1:3450 R2:0 R3:11 R4:103350 R5:4716 R6:7772 R7:3424
[LOG_TRACE] 003424 100000: bpl 003426
[LOG_TRACE] R0:3420 R1:3450 R2:0 R3:11 R4:103350 R5:4716 R6:7772 R7:3426
[LOG_TRACE] 003426 000100: jmp R0
[LOG_TRACE] R0:3420 R1:3450 R2:0 R3:11 R4:103350 R5:4716 R6:7772 R7:3420
[LOG_TRACE] 003420 041415: bic (R4), (R5)
[LOG_TRACE] R0:3420 R1:3450 R2:0 R3:11 R4:103350 R5:4716 R6:7772 R7:3422
[LOG_TRACE] 003422 160104: sub R1, R4
[LOG_TRACE] R0:3420 R1:3450 R2:0 R3:11 R4:77700 R5:4716 R6:7772 R7:3424
[LOG_TRACE] 003424 100000: bpl 003426
[LOG_TRACE] R0:3420 R1:3450 R2:0 R3:11 R4:77700 R5:4716 R6:7772 R7:3426
[LOG_TRACE] 003426 000100: jmp R0
[LOG_TRACE] R0:3420 R1:3450 R2:0 R3:11 R4:77700 R5:4716 R6:7772 R7:3420
[LOG_TRACE] 003420 041415: bic (R4), (R5)
[LOG_TRACE] R0:3420 R1:3450 R2:0 R3:11 R4:77700 R5:4716 R6:7772 R7:3422
[LOG_TRACE] 003422 160104: sub R1, R4
[LOG_TRACE] R0:3420 R1:3450 R2:0 R3:11 R4:74230 R5:4716 R6:7772 R7:3424
[LOG_TRACE] 003424 100000: bpl 003426
[LOG_TRACE] R0:3420 R1:3450 R2:0 R3:11 R4:74230 R5:4716 R6:7772 R7:3426
[LOG_TRACE] 003426 000100: jmp R0
[LOG_TRACE] R0:3420 R1:3450 R2:0 R3:11 R4:74230 R5:4716 R6:7772 R7:3420
[LOG_TRACE] 003420 041415: bic (R4), (R5)
[LOG_TRACE] R0:3420 R1:3450 R2:0 R3:11 R4:74230 R5:4716 R6:7772 R7:3422
[LOG_TRACE] 003422 160104: sub R1, R4
[LOG_TRACE] R0:3420 R1:3450 R2:0 R3:11 R4:70560 R5:4716 R6:7772 R7:3424
[LOG_TRACE] 003424 100000: bpl 003426
[LOG_TRACE] R0:3420 R1:3450 R2:0 R3:11 R4:70560 R5:4716 R6:7772 R7:3426
[LOG_TRACE] 003426 000100: jmp R0
[LOG_TRACE] R0:3420 R1:3450 R2:0 R3:11 R4:70560 R5:4716 R6:7772 R7:3420
[LOG_TRACE] 003420 041415: bic (R4), (R5)
[LOG_TRACE] R0:3420 R1:3450 R2:0 R3:11 R4:70560 R5:4716 R6:7772 R7:3422
[LOG_TRACE] 003422 160104: sub R1, R4
[LOG_TRACE] R0:3420 R1:3450 R2:0 R3:11 R4:65110 R5:4716 R6:7772 R7:3424
[LOG_TRACE] 003424 100000: bpl 003426
[LOG_TRACE] R0:3420 R1:3450 R2:0 R3:11 R4:65110 R5:4716 R6:7772 R7:3426
[LOG_TRACE] 003426 000100: jmp R0
[LOG_TRACE] R0:3420 R1:3450 R2:0 R3:11 R4:65110 R5:4716 R6:7772 R7:3420
[LOG_TRACE] 003420 041415: bic (R4), (R5)
[LOG_TRACE] R0:3420 R1:3450 R2:0 R3:11 R4:65110 R5:4716 R6:7772 R7:3422
[LOG_TRACE] 003422 160104: sub R1, R4
[LOG_TRACE] R0:3420 R1:3450 R2:0 R3:11 R4:61440 R5:4716 R6:7772 R7:3424
[LOG_TRACE] 003424 100000: bpl 003426
[LOG_TRACE] R0:3420 R1:3450 R2:0 R3:11 R4:61440 R5:4716 R6:7772 R7:3426
[LOG_TRACE] 003426 000100: jmp R0
[LOG_TRACE] R0:3420 R1:3450 R2:0 R3:11 R4:61440 R5:4716 R6:7772 R7:3420
[LOG_TRACE] 003420 041415: bic (R4), (R5)
[LOG_TRACE] R0:3420 R1:3450 R2:0 R3:11 R4:61440 R5:4716 R6:7772 R7:3422
[LOG_TRACE] 003422 160104: sub R1, R4
[LOG_TRACE] R0:3420 R1:3450 R2:0 R3:11 R4:55770 R5:4716 R6:7772 R7:3424
[LOG_TRACE] 003424 100000: bpl 003426
[LOG_TRACE] R0:3420 R1:3450 R2:0 R3:11 R4:55770 R5:4716 R6:7772 R7:3426
[LOG_TRACE] 003426 000100: jmp R0
[LOG_TRACE] R0:3420 R1:3450 R2:0 R3:11 R4:55770 R5:4716 R6:7772 R7:3420
[LOG_TRACE] 003420 041415: bic (R4), (R5)
[LOG_TRACE] R0:3420 R1:3450 R2:0 R3:11 R4:55770 R5:4716 R6:7772 R7:3422
[LOG_TRACE] 003422 160104: sub R1, R4
[LOG_TRACE] R0:3420 R1:3450 R2:0 R3:11 R4:52320 R5:4716 R6:7772 R7:3424
[LOG_TRACE] 003424 100000: bpl 003426
[LOG_TRACE] R0:3420 R1:3450 R2:0 R3:11 R4:52320 R5:4716 R6:7772 R7:3426
[LOG_TRACE] 003426 000100: jmp R0
[LOG_TRACE] R0:3420 R1:3450 R2:0 R3:11 R4:52320 R5:4716 R6:7772 R7:3420
[LOG_TRACE] 003420 041415: bic (R4), (R5)
[LOG_TRACE] R0:3420 R1:3450 R2:0 R3:11 R4:52320 R5:4716 R6:7772 R7:3422
[LOG_TRACE] 003422 160104: sub R1, R4
[LOG_TRACE] R0:3420 R1:3450 R2:0 R3:11 R4:46650 R5:4716 R6:7772 R7:3424
[LOG_TRACE] 003424 100000: bpl 003426
[LOG_TRACE] R0:3420 R1:3450 R2:0 R3:11 R4:46650 R5:4716 R6:7772 R7:3426
[LOG_TRACE] 003426 000100: jmp R0
[LOG_TRACE] R0:3420 R1:3450 R2:0 R3:11 R4:46650 R5:4716 R6:7772 R7:3420
[LOG_TRACE] 003420 041415: bic (R4), (R5)
[LOG_TRACE] R0:3420 R1:3450 R2:0 R3:11 R4:46650 R5:4716 R6:7772 R7:3422
[LOG_TRACE] 003422 160104: sub R1, R4
[LOG_TRACE] R0:3420 R1:3450 R2:0 R3:11 R4:43200 R5:4716 R6:7772 R7:3424
[LOG_TRACE] 003424 100000: bpl 003426
[LOG_TRACE] R0:3420 R1:3450 R2:0 R3:11 R4:43200 R5:4716 R6:7772 R7:3426
[LOG_TRACE] 003426 000100: jmp R0
[LOG_TRACE] R0:3420 R1:3450 R2:0 R3:11 R4:43200 R5:4716 R6:7772 R7:3420
[LOG_TRACE] 003420 041415: bic (R4), (R5)
[LOG_TRACE] R0:3420 R1:3450 R2:0 R3:11 R4:43200 R5:4716 R6:7772 R7:3422
[LOG_TRACE] 003422 160104: sub R1, R4
[LOG_TRACE] R0:3420 R1:3450 R2:0 R3:11 R4:37530 R5:4716 R6:7772 R7:3424
[LOG_TRACE] 003424 100000: bpl 003426
[LOG_TRACE] R0:3420 R1:3450 R2:0 R3:11 R4:37530 R5:4716 R6:7772 R7:3426
[LOG_TRACE] 003426 000100: jmp R0
[LOG_TRACE] R0:3420 R1:3450 R2:0 R3:11 R4:37530 R5:4716 R6:7772 R7:3420
[LOG_TRACE] 003420 041415: bic (R4), (R5)
[LOG_TRACE] R0:3420 R1:3450 R2:0 R3:11 R4:37530 R5:4716 R6:7772 R7:3422
[LOG_TRACE] 003422 160104: sub R1, R4
[LOG_TRACE] R0:3420 R1:3450 R2:0 R3:11 R4:34060 R5:4716 R6:7772 R7:3424
[LOG_TRACE] 003424 100000: bpl 003426
[LOG_TRACE] R0:3420 R1:3450 R2:0 R3:11 R4:34060 R5:4716 R6:7772 R7:3426
[LOG_TRACE] 003426 000100: jmp R0
[LOG_TRACE] R0:3420 R1:3450 R2:0 R3:11 R4:34060 R5:4716 R6:7772 R7:3420
[LOG_TRACE] 003420 041415: bic (R4), (R5)
[LOG_TRACE] R0:3420 R1:3450 R2:0 R3:11 R4:34060 R5:4716 R6:7772 R7:3422
[LOG_TRACE] 003422 160104: sub R1, R4
[LOG_TRACE] R0:3420 R1:3450 R2:0 R3:11 R4:30410 R5:4716 R6:7772 R7:3424
[LOG_TRACE] 003424 100000: bpl 003426
[LOG_TRACE] R0:3420 R1:3450 R2:0 R3:11 R4:30410 R5:4716 R6:7772 R7:3426
[LOG_TRACE] 003426 000100: jmp R0
[LOG_TRACE] R0:3420 R1:3450 R2:0 R3:11 R4:30410 R5:4716 R6:7772 R7:3420
[LOG_TRACE] 003420 041415: bic (R4), (R5)
[LOG_TRACE] R0:3420 R1:3450 R2:0 R3:11 R4:30410 R5:4716 R6:7772 R7:3422
[LOG_TRACE] 003422 160104: sub R1, R4
[LOG_TRACE] R0:3420 R1:3450 R2:0 R3:11 R4:24740 R5:4716 R6:7772 R7:3424
[LOG_TRACE] 003424 100000: bpl 003426
[LOG_TRACE] R0:3420 R1:3450 R2:0 R3:11 R4:24740 R5:4716 R6:7772 R7:3426
[LOG_TRACE] 003426 000100: jmp R0
[LOG_TRACE] R0:3420 R1:3450 R2:0 R3:11 R4:24740 R5:4716 R6:7772 R7:3420
[LOG_TRACE] 003420 041415: bic (R4), (R5)
[LOG_TRACE] R0:3420 R1:3450 R2:0 R3:11 R4:24740 R5:4716 R6:7772 R7:3422
[LOG_TRACE] 003422 160104: sub R1, R4
[LOG_TRACE] R0:3420 R1:3450 R2:0 R3:11 R4:21270 R5:4716 R6:7772 R7:3424
[LOG_TRACE] 003424 100000: bpl 003426
[LOG_TRACE] R0:3420 R1:3450 R2:0 R3:11 R4:21270 R5:4716 R6:7772 R7:3426
[LOG_TRACE] 003426 000100: jmp R0
[LOG_TRACE] R0:3420 R1:3450 R2:0 R3:11 R4:21270 R5:4716 R6:7772 R7:3420
[LOG_TRACE] 003420 041415: bic (R4), (R5)
[LOG_TRACE] R0:3420 R1:3450 R2:0 R3:11 R4:21270 R5:4716 R6:7772 R7:3422
[LOG_TRACE] 003422 160104: sub R1, R4
[LOG_TRACE] R0:3420 R1:3450 R2:0 R3:11 R4:15620 R5:4716 R6:7772 R7:3424
[LOG_TRACE] 003424 100000: bpl 003426
[LOG_TRACE] R0:3420 R1:3450 R2:0 R3:11 R4:15620 R5:4716 R6:7772 R7:3426
[LOG_TRACE] 003426 000100: jmp R0
[LOG_TRACE] R0:3420 R1:3450 R2:0 R3:11 R4:15620 R5:4716 R6:7772 R7:3420
[LOG_TRACE] 003420 041415: bic (R4), (R5)
[LOG_TRACE] R0:3420 R1:3450 R2:0 R3:11 R4:15620 R5:4716 R6:7772 R7:3422
[LOG_TRACE] 003422 160104: sub R1, R4
[LOG_TRACE] R0:3420 R1:3450 R2:0 R3:11 R4:12150 R5:4716 R6:7772 R7:3424
[LOG_TRACE] 003424 100000: bpl 003426
[LOG_TRACE] R0:3420 R1:3450 R2:0 R3:11 R4:12150 R5:4716 R6:7772 R7:3426
[LOG_TRACE] 003426 000100: jmp R0
[LOG_TRACE] R0:3420 R1:3450 R2:0 R3:11 R4:12150 R5:4716 R6:7772 R7:3420
[LOG_TRACE] 003420 041415: bic (R4), (R5)
[LOG_TRACE] R0:3420 R1:3450 R2:0 R3:11 R4:12150 R5:4716 R6:7772 R7:3422
[LOG_TRACE] 003422 160104: sub R1, R4
[LOG_TRACE] R0:3420 R1:3450 R2:0 R3:11 R4:6500 R5:4716 R6:7772 R7:3424
[LOG_TRACE] 003424 100000: bpl 003426
[LOG_TRACE] R0:3420 R1:3450 R2:0 R3:11 R4:6500 R5:4716 R6:7772 R7:3426
[LOG_TRACE] 003426 000100: jmp R0
[LOG_TRACE] R0:3420 R1:3450 R2:0 R3:11 R4:6500 R5:4716 R6:7772 R7:3420
[LOG_TRACE] 003420 041415: bic (R4), (R5)
[LOG_TRACE] R0:3420 R1:3450 R2:0 R3:11 R4:6500 R5:4716 R6:7772 R7:3422
[LOG_TRACE] 003422 160104: sub R1, R4
[LOG_TRACE] R0:3420 R1:3450 R2:0 R3:11 R4:3030 R5:4716 R6:7772 R7:3424
[LOG_TRACE] 003424 100000: bpl 003426
[LOG_TRACE] R0:3420 R1:3450 R2:0 R3:11 R4:3030 R5:4716 R6:7772 R7:3426
[LOG_TRACE] 003426 000100: jmp R0
[LOG_TRACE] R0:3420 R1:3450 R2:0 R3:11 R4:3030 R5:4716 R6:7772 R7:3420
[LOG_TRACE] 003420 041415: bic (R4), (R5)
[LOG_TRACE] R0:3420 R1:3450 R2:0 R3:11 R4:3030 R5:4716 R6:7772 R7:3422
[LOG_TRACE] 003422 160104: sub R1, R4
[LOG_TRACE] R0:3420 R1:3450 R2:0 R3:11 R4:177360 R5:4716 R6:7772 R7:3424
[LOG_TRACE] 003424 100000: bpl 003426
[LOG_TRACE] R0:3420 R1:3450 R2:0 R3:11 R4:177360 R5:4716 R6:7772 R7:3426
[LOG_TRACE] 003426 000100: jmp R0
[LOG_TRACE] R0:3420 R1:3450 R2:0 R3:11 R4:177360 R5:4716 R6:7772 R7:3420
[LOG_TRACE] >>> BUS ERROR TRAP: Saving context and branching to Vector 4...
[LOG_TRACE] 003172 005011: clr (R1)
[LOG_TRACE] R0:3420 R1:3450 R2:0 R3:11 R4:177360 R5:4716 R6:7766 R7:3174
[LOG_TRACE] 003174 000002: rti (R4), (R1)
[LOG_TRACE] >>> RTI: Returned from interrupt. Restored PC: 003422
[LOG_TRACE] R0:3420 R1:3450 R2:0 R3:11 R4:177360 R5:4716 R6:7772 R7:3422
[LOG_TRACE] 003422 160104: sub R1, R4
[LOG_TRACE] R0:3420 R1:3450 R2:0 R3:11 R4:173710 R5:4716 R6:7772 R7:3424
[LOG_TRACE] 003424 100000: bpl 003426
[LOG_TRACE] R0:3420 R1:3450 R2:0 R3:11 R4:173710 R5:4716 R6:7772 R7:3426
[LOG_TRACE] 003426 000100: jmp R0
[LOG_TRACE] R0:3420 R1:3450 R2:0 R3:11 R4:173710 R5:4716 R6:7772 R7:3420
[LOG_TRACE] >>> BUS ERROR TRAP: Saving context and branching to Vector 4...
[LOG_TRACE] 003172 005011: clr (R1)
[LOG_TRACE] R0:3420 R1:3450 R2:0 R3:11 R4:173710 R5:4716 R6:7766 R7:3174
[LOG_TRACE] 003174 000002: rti (R4), (R1)
[LOG_TRACE] >>> RTI: Returned from interrupt. Restored PC: 003422
[LOG_TRACE] R0:3420 R1:3450 R2:0 R3:11 R4:173710 R5:4716 R6:7772 R7:3422
[LOG_TRACE] 003422 160104: sub R1, R4
[LOG_TRACE] R0:3420 R1:3450 R2:0 R3:11 R4:170240 R5:4716 R6:7772 R7:3424
[LOG_TRACE] 003424 100000: bpl 003426
[LOG_TRACE] R0:3420 R1:3450 R2:0 R3:11 R4:170240 R5:4716 R6:7772 R7:3426
[LOG_TRACE] 003426 000100: jmp R0
[LOG_TRACE] R0:3420 R1:3450 R2:0 R3:11 R4:170240 R5:4716 R6:7772 R7:3420
[LOG_TRACE] >>> BUS ERROR TRAP: Saving context and branching to Vector 4...
[LOG_TRACE] 003172 005011: clr (R1)
[LOG_TRACE] R0:3420 R1:3450 R2:0 R3:11 R4:170240 R5:4716 R6:7766 R7:3174
[LOG_TRACE] 003174 000002: rti (R4), (R1)
[LOG_TRACE] >>> RTI: Returned from interrupt. Restored PC: 003422
[LOG_TRACE] R0:3420 R1:3450 R2:0 R3:11 R4:170240 R5:4716 R6:7772 R7:3422
[LOG_TRACE] 003422 160104: sub R1, R4
[LOG_TRACE] R0:3420 R1:3450 R2:0 R3:11 R4:164570 R5:4716 R6:7772 R7:3424
[LOG_TRACE] 003424 100000: bpl 003426
[LOG_TRACE] R0:3420 R1:3450 R2:0 R3:11 R4:164570 R5:4716 R6:7772 R7:3426
[LOG_TRACE] 003426 000100: jmp R0
[LOG_TRACE] R0:3420 R1:3450 R2:0 R3:11 R4:164570 R5:4716 R6:7772 R7:3420
[LOG_TRACE] >>> BUS ERROR TRAP: Saving context and branching to Vector 4...
[LOG_TRACE] 003172 005011: clr (R1)
[LOG_TRACE] R0:3420 R1:3450 R2:0 R3:11 R4:164570 R5:4716 R6:7766 R7:3174
[LOG_TRACE] 003174 000002: rti (R4), (R1)
[LOG_TRACE] >>> RTI: Returned from interrupt. Restored PC: 003422
[LOG_TRACE] R0:3420 R1:3450 R2:0 R3:11 R4:164570 R5:4716 R6:7772 R7:3422
[LOG_TRACE] 003422 160104: sub R1, R4
[LOG_TRACE] R0:3420 R1:3450 R2:0 R3:11 R4:161120 R5:4716 R6:7772 R7:3424
[LOG_TRACE] 003424 100000: bpl 003426
[LOG_TRACE] R0:3420 R1:3450 R2:0 R3:11 R4:161120 R5:4716 R6:7772 R7:3426
[LOG_TRACE] 003426 000100: jmp R0
[LOG_TRACE] R0:3420 R1:3450 R2:0 R3:11 R4:161120 R5:4716 R6:7772 R7:3420
[LOG_TRACE] >>> BUS ERROR TRAP: Saving context and branching to Vector 4...
[LOG_TRACE] 003172 005011: clr (R1)
[LOG_TRACE] R0:3420 R1:3450 R2:0 R3:11 R4:161120 R5:4716 R6:7766 R7:3174
[LOG_TRACE] 003174 000002: rti (R4), (R1)
[LOG_TRACE] >>> RTI: Returned from interrupt. Restored PC: 003422
[LOG_TRACE] R0:3420 R1:3450 R2:0 R3:11 R4:161120 R5:4716 R6:7772 R7:3422
[LOG_TRACE] 003422 160104: sub R1, R4
[LOG_TRACE] R0:3420 R1:3450 R2:0 R3:11 R4:155450 R5:4716 R6:7772 R7:3424
[LOG_TRACE] 003424 100000: bpl 003426
[LOG_TRACE] R0:3420 R1:3450 R2:0 R3:11 R4:155450 R5:4716 R6:7772 R7:3426
[LOG_TRACE] 003426 000100: jmp R0
[LOG_TRACE] R0:3420 R1:3450 R2:0 R3:11 R4:155450 R5:4716 R6:7772 R7:3420
[LOG_TRACE] 003420 041415: bic (R4), (R5)
[LOG_TRACE] R0:3420 R1:3450 R2:0 R3:11 R4:155450 R5:4716 R6:7772 R7:3422
[LOG_TRACE] 003422 160104: sub R1, R4
[LOG_TRACE] R0:3420 R1:3450 R2:0 R3:11 R4:152000 R5:4716 R6:7772 R7:3424
[LOG_TRACE] 003424 100000: bpl 003426
[LOG_TRACE] R0:3420 R1:3450 R2:0 R3:11 R4:152000 R5:4716 R6:7772 R7:3426
[LOG_TRACE] 003426 000100: jmp R0
[LOG_TRACE] R0:3420 R1:3450 R2:0 R3:11 R4:152000 R5:4716 R6:7772 R7:3420
[LOG_TRACE] 003420 041415: bic (R4), (R5)
[LOG_TRACE] R0:3420 R1:3450 R2:0 R3:11 R4:152000 R5:4716 R6:7772 R7:3422
[LOG_TRACE] 003422 160104: sub R1, R4
[LOG_TRACE] R0:3420 R1:3450 R2:0 R3:11 R4:146330 R5:4716 R6:7772 R7:3424
[LOG_TRACE] 003424 100000: bpl 003426
[LOG_TRACE] R0:3420 R1:3450 R2:0 R3:11 R4:146330 R5:4716 R6:7772 R7:3426
[LOG_TRACE] 003426 000100: jmp R0
[LOG_TRACE] R0:3420 R1:3450 R2:0 R3:11 R4:146330 R5:4716 R6:7772 R7:3420
[LOG_TRACE] 003420 041415: bic (R4), (R5)
[LOG_TRACE] R0:3420 R1:3450 R2:0 R3:11 R4:146330 R5:4716 R6:7772 R7:3422
[LOG_TRACE] 003422 160104: sub R1, R4
[LOG_TRACE] R0:3420 R1:3450 R2:0 R3:11 R4:142660 R5:4716 R6:7772 R7:3424
[LOG_TRACE] 003424 100000: bpl 003426
[LOG_TRACE] R0:3420 R1:3450 R2:0 R3:11 R4:142660 R5:4716 R6:7772 R7:3426
[LOG_TRACE] 003426 000100: jmp R0
[LOG_TRACE] R0:3420 R1:3450 R2:0 R3:11 R4:142660 R5:4716 R6:7772 R7:3420
[LOG_TRACE] 003420 041415: bic (R4), (R5)
[LOG_TRACE] R0:3420 R1:3450 R2:0 R3:11 R4:142660 R5:4716 R6:7772 R7:3422
[LOG_TRACE] 003422 160104: sub R1, R4
[LOG_TRACE] R0:3420 R1:3450 R2:0 R3:11 R4:137210 R5:4716 R6:7772 R7:3424
[LOG_TRACE] 003424 100000: bpl 003426
[LOG_TRACE] R0:3420 R1:3450 R2:0 R3:11 R4:137210 R5:4716 R6:7772 R7:3426
[LOG_TRACE] 003426 000100: jmp R0
[LOG_TRACE] R0:3420 R1:3450 R2:0 R3:11 R4:137210 R5:4716 R6:7772 R7:3420
[LOG_TRACE] 003420 041415: bic (R4), (R5)
[LOG_TRACE] R0:3420 R1:3450 R2:0 R3:11 R4:137210 R5:4716 R6:7772 R7:3422
[LOG_TRACE] 003422 160104: sub R1, R4
[LOG_TRACE] R0:3420 R1:3450 R2:0 R3:11 R4:133540 R5:4716 R6:7772 R7:3424
[LOG_TRACE] 003424 100000: bpl 003426
[LOG_TRACE] R0:3420 R1:3450 R2:0 R3:11 R4:133540 R5:4716 R6:7772 R7:3426
[LOG_TRACE] 003426 000100: jmp R0
[LOG_TRACE] R0:3420 R1:3450 R2:0 R3:11 R4:133540 R5:4716 R6:7772 R7:3420
[LOG_TRACE] 003420 041415: bic (R4), (R5)
[LOG_TRACE] R0:3420 R1:3450 R2:0 R3:11 R4:133540 R5:4716 R6:7772 R7:3422
[LOG_TRACE] 003422 160104: sub R1, R4
[LOG_TRACE] R0:3420 R1:3450 R2:0 R3:11 R4:130070 R5:4716 R6:7772 R7:3424
[LOG_TRACE] 003424 100000: bpl 003426
[LOG_TRACE] R0:3420 R1:3450 R2:0 R3:11 R4:130070 R5:4716 R6:7772 R7:3426
[LOG_TRACE] 003426 000100: jmp R0
[LOG_TRACE] R0:3420 R1:3450 R2:0 R3:11 R4:130070 R5:4716 R6:7772 R7:3420
[LOG_TRACE] 003420 041415: bic (R4), (R5)
[LOG_TRACE] R0:3420 R1:3450 R2:0 R3:11 R4:130070 R5:4716 R6:7772 R7:3422
[LOG_TRACE] 003422 160104: sub R1, R4
[LOG_TRACE] R0:3420 R1:3450 R2:0 R3:11 R4:124420 R5:4716 R6:7772 R7:3424
[LOG_TRACE] 003424 100000: bpl 003426
[LOG_TRACE] R0:3420 R1:3450 R2:0 R3:11 R4:124420 R5:4716 R6:7772 R7:3426
[LOG_TRACE] 003426 000100: jmp R0
[LOG_TRACE] R0:3420 R1:3450 R2:0 R3:11 R4:124420 R5:4716 R6:7772 R7:3420
[LOG_TRACE] 003420 041415: bic (R4), (R5)
[LOG_TRACE] R0:3420 R1:3450 R2:0 R3:11 R4:124420 R5:4716 R6:7772 R7:3422
[LOG_TRACE] 003422 160104: sub R1, R4
[LOG_TRACE] R0:3420 R1:3450 R2:0 R3:11 R4:120750 R5:4716 R6:7772 R7:3424
[LOG_TRACE] 003424 100000: bpl 003426
[LOG_TRACE] R0:3420 R1:3450 R2:0 R3:11 R4:120750 R5:4716 R6:7772 R7:3426
[LOG_TRACE] 003426 000100: jmp R0
[LOG_TRACE] R0:3420 R1:3450 R2:0 R3:11 R4:120750 R5:4716 R6:7772 R7:3420
[LOG_TRACE] 003420 041415: bic (R4), (R5)
[LOG_TRACE] R0:3420 R1:3450 R2:0 R3:11 R4:120750 R5:4716 R6:7772 R7:3422
[LOG_TRACE] 003422 160104: sub R1, R4
[LOG_TRACE] R0:3420 R1:3450 R2:0 R3:11 R4:115300 R5:4716 R6:7772 R7:3424
[LOG_TRACE] 003424 100000: bpl 003426
[LOG_TRACE] R0:3420 R1:3450 R2:0 R3:11 R4:115300 R5:4716 R6:7772 R7:3426
[LOG_TRACE] 003426 000100: jmp R0
[LOG_TRACE] R0:3420 R1:3450 R2:0 R3:11 R4:115300 R5:4716 R6:7772 R7:3420
[LOG_TRACE] 003420 041415: bic (R4), (R5)
[LOG_TRACE] R0:3420 R1:3450 R2:0 R3:11 R4:115300 R5:4716 R6:7772 R7:3422
[LOG_TRACE] 003422 160104: sub R1, R4
[LOG_TRACE] R0:3420 R1:3450 R2:0 R3:11 R4:111630 R5:4716 R6:7772 R7:3424
[LOG_TRACE] 003424 100000: bpl 003426
[LOG_TRACE] R0:3420 R1:3450 R2:0 R3:11 R4:111630 R5:4716 R6:7772 R7:3426
[LOG_TRACE] 003426 000100: jmp R0
[LOG_TRACE] R0:3420 R1:3450 R2:0 R3:11 R4:111630 R5:4716 R6:7772 R7:3420
[LOG_TRACE] 003420 041415: bic (R4), (R5)
[LOG_TRACE] R0:3420 R1:3450 R2:0 R3:11 R4:111630 R5:4716 R6:7772 R7:3422
[LOG_TRACE] 003422 160104: sub R1, R4
[LOG_TRACE] R0:3420 R1:3450 R2:0 R3:11 R4:106160 R5:4716 R6:7772 R7:3424
[LOG_TRACE] 003424 100000: bpl 003426
[LOG_TRACE] R0:3420 R1:3450 R2:0 R3:11 R4:106160 R5:4716 R6:7772 R7:3426
[LOG_TRACE] 003426 000100: jmp R0
[LOG_TRACE] R0:3420 R1:3450 R2:0 R3:11 R4:106160 R5:4716 R6:7772 R7:3420
[LOG_TRACE] 003420 041415: bic (R4), (R5)
[LOG_TRACE] R0:3420 R1:3450 R2:0 R3:11 R4:106160 R5:4716 R6:7772 R7:3422
[LOG_TRACE] 003422 160104: sub R1, R4
[LOG_TRACE] R0:3420 R1:3450 R2:0 R3:11 R4:102510 R5:4716 R6:7772 R7:3424
[LOG_TRACE] 003424 100000: bpl 003426
[LOG_TRACE] R0:3420 R1:3450 R2:0 R3:11 R4:102510 R5:4716 R6:7772 R7:3426
[LOG_TRACE] 003426 000100: jmp R0
[LOG_TRACE] R0:3420 R1:3450 R2:0 R3:11 R4:102510 R5:4716 R6:7772 R7:3420
[LOG_TRACE] 003420 041415: bic (R4), (R5)
[LOG_TRACE] R0:3420 R1:3450 R2:0 R3:11 R4:102510 R5:4716 R6:7772 R7:3422
[LOG_TRACE] 003422 160104: sub R1, R4
[LOG_TRACE] R0:3420 R1:3450 R2:0 R3:11 R4:77040 R5:4716 R6:7772 R7:3424
[LOG_TRACE] 003424 100000: bpl 003426
[LOG_TRACE] R0:3420 R1:3450 R2:0 R3:11 R4:77040 R5:4716 R6:7772 R7:3426
[LOG_TRACE] 003426 000100: jmp R0
[LOG_TRACE] R0:3420 R1:3450 R2:0 R3:11 R4:77040 R5:4716 R6:7772 R7:3420
[LOG_TRACE] 003420 041415: bic (R4), (R5)
[LOG_TRACE] R0:3420 R1:3450 R2:0 R3:11 R4:77040 R5:4716 R6:7772 R7:3422
[LOG_TRACE] 003422 160104: sub R1, R4
[LOG_TRACE] R0:3420 R1:3450 R2:0 R3:11 R4:73370 R5:4716 R6:7772 R7:3424
[LOG_TRACE] 003424 100000: bpl 003426
[LOG_TRACE] R0:3420 R1:3450 R2:0 R3:11 R4:73370 R5:4716 R6:7772 R7:3426
[LOG_TRACE] 003426 000100: jmp R0
[LOG_TRACE] R0:3420 R1:3450 R2:0 R3:11 R4:73370 R5:4716 R6:7772 R7:3420
[LOG_TRACE] 003420 041415: bic (R4), (R5)
[LOG_TRACE] R0:3420 R1:3450 R2:0 R3:11 R4:73370 R5:4716 R6:7772 R7:3422
[LOG_TRACE] 003422 160104: sub R1, R4
[LOG_TRACE] R0:3420 R1:3450 R2:0 R3:11 R4:67720 R5:4716 R6:7772 R7:3424
[LOG_TRACE] 003424 100000: bpl 003426
[LOG_TRACE] R0:3420 R1:3450 R2:0 R3:11 R4:67720 R5:4716 R6:7772 R7:3426
[LOG_TRACE] 003426 000100: jmp R0
[LOG_TRACE] R0:3420 R1:3450 R2:0 R3:11 R4:67720 R5:4716 R6:7772 R7:3420
[LOG_TRACE] 003420 041415: bic (R4), (R5)
[LOG_TRACE] R0:3420 R1:3450 R2:0 R3:11 R4:67720 R5:4716 R6:7772 R7:3422
[LOG_TRACE] 003422 160104: sub R1, R4
[LOG_TRACE] R0:3420 R1:3450 R2:0 R3:11 R4:64250 R5:4716 R6:7772 R7:3424
[LOG_TRACE] 003424 100000: bpl 003426
[LOG_TRACE] R0:3420 R1:3450 R2:0 R3:11 R4:64250 R5:4716 R6:7772 R7:3426
[LOG_TRACE] 003426 000100: jmp R0
[LOG_TRACE] R0:3420 R1:3450 R2:0 R3:11 R4:64250 R5:4716 R6:7772 R7:3420
[LOG_TRACE] 003420 041415: bic (R4), (R5)
[LOG_TRACE] R0:3420 R1:3450 R2:0 R3:11 R4:64250 R5:4716 R6:7772 R7:3422
[LOG_TRACE] 003422 160104: sub R1, R4
[LOG_TRACE] R0:3420 R1:3450 R2:0 R3:11 R4:60600 R5:4716 R6:7772 R7:3424
[LOG_TRACE] 003424 100000: bpl 003426
[LOG_TRACE] R0:3420 R1:3450 R2:0 R3:11 R4:60600 R5:4716 R6:7772 R7:3426
[LOG_TRACE] 003426 000100: jmp R0
[LOG_TRACE] R0:3420 R1:3450 R2:0 R3:11 R4:60600 R5:4716 R6:7772 R7:3420
[LOG_TRACE] 003420 041415: bic (R4), (R5)
[LOG_TRACE] R0:3420 R1:3450 R2:0 R3:11 R4:60600 R5:4716 R6:7772 R7:3422
[LOG_TRACE] 003422 160104: sub R1, R4
[LOG_TRACE] R0:3420 R1:3450 R2:0 R3:11 R4:55130 R5:4716 R6:7772 R7:3424
[LOG_TRACE] 003424 100000: bpl 003426
[LOG_TRACE] R0:3420 R1:3450 R2:0 R3:11 R4:55130 R5:4716 R6:7772 R7:3426
[LOG_TRACE] 003426 000100: jmp R0
[LOG_TRACE] R0:3420 R1:3450 R2:0 R3:11 R4:55130 R5:4716 R6:7772 R7:3420
[LOG_TRACE] 003420 041415: bic (R4), (R5)
[LOG_TRACE] R0:3420 R1:3450 R2:0 R3:11 R4:55130 R5:4716 R6:7772 R7:3422
[LOG_TRACE] 003422 160104: sub R1, R4
[LOG_TRACE] R0:3420 R1:3450 R2:0 R3:11 R4:51460 R5:4716 R6:7772 R7:3424
[LOG_TRACE] 003424 100000: bpl 003426
[LOG_TRACE] R0:3420 R1:3450 R2:0 R3:11 R4:51460 R5:4716 R6:7772 R7:3426
[LOG_TRACE] 003426 000100: jmp R0
[LOG_TRACE] R0:3420 R1:3450 R2:0 R3:11 R4:51460 R5:4716 R6:7772 R7:3420
[LOG_TRACE] 003420 041415: bic (R4), (R5)
[LOG_TRACE] R0:3420 R1:3450 R2:0 R3:11 R4:51460 R5:4716 R6:7772 R7:3422
[LOG_TRACE] 003422 160104: sub R1, R4
[LOG_TRACE] R0:3420 R1:3450 R2:0 R3:11 R4:46010 R5:4716 R6:7772 R7:3424
[LOG_TRACE] 003424 100000: bpl 003426
[LOG_TRACE] R0:3420 R1:3450 R2:0 R3:11 R4:46010 R5:4716 R6:7772 R7:3426
[LOG_TRACE] 003426 000100: jmp R0
[LOG_TRACE] R0:3420 R1:3450 R2:0 R3:11 R4:46010 R5:4716 R6:7772 R7:3420
[LOG_TRACE] 003420 041415: bic (R4), (R5)
[LOG_TRACE] R0:3420 R1:3450 R2:0 R3:11 R4:46010 R5:4716 R6:7772 R7:3422
[LOG_TRACE] 003422 160104: sub R1, R4
[LOG_TRACE] R0:3420 R1:3450 R2:0 R3:11 R4:42340 R5:4716 R6:7772 R7:3424
[LOG_TRACE] 003424 100000: bpl 003426
[LOG_TRACE] R0:3420 R1:3450 R2:0 R3:11 R4:42340 R5:4716 R6:7772 R7:3426
[LOG_TRACE] 003426 000100: jmp R0
[LOG_TRACE] R0:3420 R1:3450 R2:0 R3:11 R4:42340 R5:4716 R6:7772 R7:3420
[LOG_TRACE] 003420 041415: bic (R4), (R5)
[LOG_TRACE] R0:3420 R1:3450 R2:0 R3:11 R4:42340 R5:4716 R6:7772 R7:3422
[LOG_TRACE] 003422 160104: sub R1, R4
[LOG_TRACE] R0:3420 R1:3450 R2:0 R3:11 R4:36670 R5:4716 R6:7772 R7:3424
[LOG_TRACE] 003424 100000: bpl 003426
[LOG_TRACE] R0:3420 R1:3450 R2:0 R3:11 R4:36670 R5:4716 R6:7772 R7:3426
[LOG_TRACE] 003426 000100: jmp R0
[LOG_TRACE] R0:3420 R1:3450 R2:0 R3:11 R4:36670 R5:4716 R6:7772 R7:3420
[LOG_TRACE] 003420 041415: bic (R4), (R5)
[LOG_TRACE] R0:3420 R1:3450 R2:0 R3:11 R4:36670 R5:4716 R6:7772 R7:3422
[LOG_TRACE] 003422 160104: sub R1, R4
[LOG_TRACE] R0:3420 R1:3450 R2:0 R3:11 R4:33220 R5:4716 R6:7772 R7:3424
[LOG_TRACE] 003424 100000: bpl 003426
[LOG_TRACE] R0:3420 R1:3450 R2:0 R3:11 R4:33220 R5:4716 R6:7772 R7:3426
[LOG_TRACE] 003426 000100: jmp R0
[LOG_TRACE] R0:3420 R1:3450 R2:0 R3:11 R4:33220 R5:4716 R6:7772 R7:3420
[LOG_TRACE] 003420 041415: bic (R4), (R5)
[LOG_TRACE] R0:3420 R1:3450 R2:0 R3:11 R4:33220 R5:4716 R6:7772 R7:3422
[LOG_TRACE] 003422 160104: sub R1, R4
[LOG_TRACE] R0:3420 R1:3450 R2:0 R3:11 R4:27550 R5:4716 R6:7772 R7:3424
[LOG_TRACE] 003424 100000: bpl 003426
[LOG_TRACE] R0:3420 R1:3450 R2:0 R3:11 R4:27550 R5:4716 R6:7772 R7:3426
[LOG_TRACE] 003426 000100: jmp R0
[LOG_TRACE] R0:3420 R1:3450 R2:0 R3:11 R4:27550 R5:4716 R6:7772 R7:3420
[LOG_TRACE] 003420 041415: bic (R4), (R5)
[LOG_TRACE] R0:3420 R1:3450 R2:0 R3:11 R4:27550 R5:4716 R6:7772 R7:3422
[LOG_TRACE] 003422 160104: sub R1, R4
[LOG_TRACE] R0:3420 R1:3450 R2:0 R3:11 R4:24100 R5:4716 R6:7772 R7:3424
[LOG_TRACE] 003424 100000: bpl 003426
[LOG_TRACE] R0:3420 R1:3450 R2:0 R3:11 R4:24100 R5:4716 R6:7772 R7:3426
[LOG_TRACE] 003426 000100: jmp R0
[LOG_TRACE] R0:3420 R1:3450 R2:0 R3:11 R4:24100 R5:4716 R6:7772 R7:3420
[LOG_TRACE] 003420 041415: bic (R4), (R5)
[LOG_TRACE] R0:3420 R1:3450 R2:0 R3:11 R4:24100 R5:4716 R6:7772 R7:3422
[LOG_TRACE] 003422 160104: sub R1, R4
[LOG_TRACE] R0:3420 R1:3450 R2:0 R3:11 R4:20430 R5:4716 R6:7772 R7:3424
[LOG_TRACE] 003424 100000: bpl 003426
[LOG_TRACE] R0:3420 R1:3450 R2:0 R3:11 R4:20430 R5:4716 R6:7772 R7:3426
[LOG_TRACE] 003426 000100: jmp R0
[LOG_TRACE] R0:3420 R1:3450 R2:0 R3:11 R4:20430 R5:4716 R6:7772 R7:3420
[LOG_TRACE] 003420 041415: bic (R4), (R5)
[LOG_TRACE] R0:3420 R1:3450 R2:0 R3:11 R4:20430 R5:4716 R6:7772 R7:3422
[LOG_TRACE] 003422 160104: sub R1, R4
[LOG_TRACE] R0:3420 R1:3450 R2:0 R3:11 R4:14760 R5:4716 R6:7772 R7:3424
[LOG_TRACE] 003424 100000: bpl 003426
[LOG_TRACE] R0:3420 R1:3450 R2:0 R3:11 R4:14760 R5:4716 R6:7772 R7:3426
[LOG_TRACE] 003426 000100: jmp R0
[LOG_TRACE] R0:3420 R1:3450 R2:0 R3:11 R4:14760 R5:4716 R6:7772 R7:3420
[LOG_TRACE] 003420 041415: bic (R4), (R5)
[LOG_TRACE] R0:3420 R1:3450 R2:0 R3:11 R4:14760 R5:4716 R6:7772 R7:3422
[LOG_TRACE] 003422 160104: sub R1, R4
[LOG_TRACE] R0:3420 R1:3450 R2:0 R3:11 R4:11310 R5:4716 R6:7772 R7:3424
[LOG_TRACE] 003424 100000: bpl 003426
[LOG_TRACE] R0:3420 R1:3450 R2:0 R3:11 R4:11310 R5:4716 R6:7772 R7:3426
[LOG_TRACE] 003426 000100: jmp R0
[LOG_TRACE] R0:3420 R1:3450 R2:0 R3:11 R4:11310 R5:4716 R6:7772 R7:3420
[LOG_TRACE] 003420 041415: bic (R4), (R5)
[LOG_TRACE] R0:3420 R1:3450 R2:0 R3:11 R4:11310 R5:4716 R6:7772 R7:3422
[LOG_TRACE] 003422 160104: sub R1, R4
[LOG_TRACE] R0:3420 R1:3450 R2:0 R3:11 R4:5640 R5:4716 R6:7772 R7:3424
[LOG_TRACE] 003424 100000: bpl 003426
[LOG_TRACE] R0:3420 R1:3450 R2:0 R3:11 R4:5640 R5:4716 R6:7772 R7:3426
[LOG_TRACE] 003426 000100: jmp R0
[LOG_TRACE] R0:3420 R1:3450 R2:0 R3:11 R4:5640 R5:4716 R6:7772 R7:3420
[LOG_TRACE] 003420 041415: bic (R4), (R5)
[LOG_TRACE] R0:3420 R1:3450 R2:0 R3:11 R4:5640 R5:4716 R6:7772 R7:3422
[LOG_TRACE] 003422 160104: sub R1, R4
[LOG_TRACE] R0:3420 R1:3450 R2:0 R3:11 R4:2170 R5:4716 R6:7772 R7:3424
[LOG_TRACE] 003424 100000: bpl 003426
[LOG_TRACE] R0:3420 R1:3450 R2:0 R3:11 R4:2170 R5:4716 R6:7772 R7:3426
[LOG_TRACE] 003426 000100: jmp R0
[LOG_TRACE] R0:3420 R1:3450 R2:0 R3:11 R4:2170 R5:4716 R6:7772 R7:3420
[LOG_TRACE] 003420 041415: bic (R4), (R5)
[LOG_TRACE] R0:3420 R1:3450 R2:0 R3:11 R4:2170 R5:4716 R6:7772 R7:3422
[LOG_TRACE] 003422 160104: sub R1, R4
[LOG_TRACE] R0:3420 R1:3450 R2:0 R3:11 R4:176520 R5:4716 R6:7772 R7:3424
[LOG_TRACE] 003424 100000: bpl 003426
[LOG_TRACE] R0:3420 R1:3450 R2:0 R3:11 R4:176520 R5:4716 R6:7772 R7:3426
[LOG_TRACE] 003426 000100: jmp R0
[LOG_TRACE] R0:3420 R1:3450 R2:0 R3:11 R4:176520 R5:4716 R6:7772 R7:3420
[LOG_TRACE] >>> BUS ERROR TRAP: Saving context and branching to Vector 4...
[LOG_TRACE] 003172 005011: clr (R1)
[LOG_TRACE] R0:3420 R1:3450 R2:0 R3:11 R4:176520 R5:4716 R6:7766 R7:3174
[LOG_TRACE] 003174 000002: rti (R4), (R1)
[LOG_TRACE] >>> RTI: Returned from interrupt. Restored PC: 003422
[LOG_TRACE] R0:3420 R1:3450 R2:0 R3:11 R4:176520 R5:4716 R6:7772 R7:3422
[LOG_TRACE] 003422 160104: sub R1, R4
[LOG_TRACE] R0:3420 R1:3450 R2:0 R3:11 R4:173050 R5:4716 R6:7772 R7:3424
[LOG_TRACE] 003424 100000: bpl 003426
[LOG_TRACE] R0:3420 R1:3450 R2:0 R3:11 R4:173050 R5:4716 R6:7772 R7:3426
[LOG_TRACE] 003426 000100: jmp R0
[LOG_TRACE] R0:3420 R1:3450 R2:0 R3:11 R4:173050 R5:4716 R6:7772 R7:3420
[LOG_TRACE] >>> BUS ERROR TRAP: Saving context and branching to Vector 4...
[LOG_TRACE] 003172 005011: clr (R1)
[LOG_TRACE] R0:3420 R1:3450 R2:0 R3:11 R4:173050 R5:4716 R6:7766 R7:3174
[LOG_TRACE] 003174 000002: rti (R4), (R1)
[LOG_TRACE] >>> RTI: Returned from interrupt. Restored PC: 003422
[LOG_TRACE] R0:3420 R1:3450 R2:0 R3:11 R4:173050 R5:4716 R6:7772 R7:3422
[LOG_TRACE] 003422 160104: sub R1, R4
[LOG_TRACE] R0:3420 R1:3450 R2:0 R3:11 R4:167400 R5:4716 R6:7772 R7:3424
[LOG_TRACE] 003424 100000: bpl 003426
[LOG_TRACE] R0:3420 R1:3450 R2:0 R3:11 R4:167400 R5:4716 R6:7772 R7:3426
[LOG_TRACE] 003426 000100: jmp R0
[LOG_TRACE] R0:3420 R1:3450 R2:0 R3:11 R4:167400 R5:4716 R6:7772 R7:3420
[LOG_TRACE] >>> BUS ERROR TRAP: Saving context and branching to Vector 4...
[LOG_TRACE] 003172 005011: clr (R1)
[LOG_TRACE] R0:3420 R1:3450 R2:0 R3:11 R4:167400 R5:4716 R6:7766 R7:3174
[LOG_TRACE] 003174 000002: rti (R4), (R1)
[LOG_TRACE] >>> RTI: Returned from interrupt. Restored PC: 003422
[LOG_TRACE] R0:3420 R1:3450 R2:0 R3:11 R4:167400 R5:4716 R6:7772 R7:3422
[LOG_TRACE] 003422 160104: sub R1, R4
[LOG_TRACE] R0:3420 R1:3450 R2:0 R3:11 R4:163730 R5:4716 R6:7772 R7:3424
[LOG_TRACE] 003424 100000: bpl 003426
[LOG_TRACE] R0:3420 R1:3450 R2:0 R3:11 R4:163730 R5:4716 R6:7772 R7:3426
[LOG_TRACE] 003426 000100: jmp R0
[LOG_TRACE] R0:3420 R1:3450 R2:0 R3:11 R4:163730 R5:4716 R6:7772 R7:3420
[LOG_TRACE] >>> BUS ERROR TRAP: Saving context and branching to Vector 4...
[LOG_TRACE] 003172 005011: clr (R1)
[LOG_TRACE] R0:3420 R1:3450 R2:0 R3:11 R4:163730 R5:4716 R6:7766 R7:3174
[LOG_TRACE] 003174 000002: rti (R4), (R1)
[LOG_TRACE] >>> RTI: Returned from interrupt. Restored PC: 003422
[LOG_TRACE] R0:3420 R1:3450 R2:0 R3:11 R4:163730 R5:4716 R6:7772 R7:3422
[LOG_TRACE] 003422 160104: sub R1, R4
[LOG_TRACE] R0:3420 R1:3450 R2:0 R3:11 R4:160260 R5:4716 R6:7772 R7:3424
[LOG_TRACE] 003424 100000: bpl 003426
[LOG_TRACE] R0:3420 R1:3450 R2:0 R3:11 R4:160260 R5:4716 R6:7772 R7:3426
[LOG_TRACE] 003426 000100: jmp R0
[LOG_TRACE] R0:3420 R1:3450 R2:0 R3:11 R4:160260 R5:4716 R6:7772 R7:3420
[LOG_TRACE] >>> BUS ERROR TRAP: Saving context and branching to Vector 4...
[LOG_TRACE] 003172 005011: clr (R1)
[LOG_TRACE] R0:3420 R1:3450 R2:0 R3:11 R4:160260 R5:4716 R6:7766 R7:3174
[LOG_TRACE] 003174 000002: rti (R4), (R1)
[LOG_TRACE] >>> RTI: Returned from interrupt. Restored PC: 003422
[LOG_TRACE] R0:3420 R1:3450 R2:0 R3:11 R4:160260 R5:4716 R6:7772 R7:3422
[LOG_TRACE] 003422 160104: sub R1, R4
[LOG_TRACE] R0:3420 R1:3450 R2:0 R3:11 R4:154610 R5:4716 R6:7772 R7:3424
[LOG_TRACE] 003424 100000: bpl 003426
[LOG_TRACE] R0:3420 R1:3450 R2:0 R3:11 R4:154610 R5:4716 R6:7772 R7:3426
[LOG_TRACE] 003426 000100: jmp R0
[LOG_TRACE] R0:3420 R1:3450 R2:0 R3:11 R4:154610 R5:4716 R6:7772 R7:3420
[LOG_TRACE] 003420 041415: bic (R4), (R5)
[LOG_TRACE] R0:3420 R1:3450 R2:0 R3:11 R4:154610 R5:4716 R6:7772 R7:3422
[LOG_TRACE] 003422 160104: sub R1, R4
[LOG_TRACE] R0:3420 R1:3450 R2:0 R3:11 R4:151140 R5:4716 R6:7772 R7:3424
[LOG_TRACE] 003424 100000: bpl 003426
[LOG_TRACE] R0:3420 R1:3450 R2:0 R3:11 R4:151140 R5:4716 R6:7772 R7:3426
[LOG_TRACE] 003426 000100: jmp R0
[LOG_TRACE] R0:3420 R1:3450 R2:0 R3:11 R4:151140 R5:4716 R6:7772 R7:3420
[LOG_TRACE] 003420 041415: bic (R4), (R5)
[LOG_TRACE] R0:3420 R1:3450 R2:0 R3:11 R4:151140 R5:4716 R6:7772 R7:3422
[LOG_TRACE] 003422 160104: sub R1, R4
[LOG_TRACE] R0:3420 R1:3450 R2:0 R3:11 R4:145470 R5:4716 R6:7772 R7:3424
[LOG_TRACE] 003424 100000: bpl 003426
[LOG_TRACE] R0:3420 R1:3450 R2:0 R3:11 R4:145470 R5:4716 R6:7772 R7:3426
[LOG_TRACE] 003426 000100: jmp R0
[LOG_TRACE] R0:3420 R1:3450 R2:0 R3:11 R4:145470 R5:4716 R6:7772 R7:3420
[LOG_TRACE] 003420 041415: bic (R4), (R5)
[LOG_TRACE] R0:3420 R1:3450 R2:0 R3:11 R4:145470 R5:4716 R6:7772 R7:3422
[LOG_TRACE] 003422 160104: sub R1, R4
[LOG_TRACE] R0:3420 R1:3450 R2:0 R3:11 R4:142020 R5:4716 R6:7772 R7:3424
[LOG_TRACE] 003424 100000: bpl 003426
[LOG_TRACE] R0:3420 R1:3450 R2:0 R3:11 R4:142020 R5:4716 R6:7772 R7:3426
[LOG_TRACE] 003426 000100: jmp R0
[LOG_TRACE] R0:3420 R1:3450 R2:0 R3:11 R4:142020 R5:4716 R6:7772 R7:3420
[LOG_TRACE] 003420 041415: bic (R4), (R5)
[LOG_TRACE] R0:3420 R1:3450 R2:0 R3:11 R4:142020 R5:4716 R6:7772 R7:3422
[LOG_TRACE] 003422 160104: sub R1, R4
[LOG_TRACE] R0:3420 R1:3450 R2:0 R3:11 R4:136350 R5:4716 R6:7772 R7:3424
[LOG_TRACE] 003424 100000: bpl 003426
[LOG_TRACE] R0:3420 R1:3450 R2:0 R3:11 R4:136350 R5:4716 R6:7772 R7:3426
[LOG_TRACE] 003426 000100: jmp R0
[LOG_TRACE] R0:3420 R1:3450 R2:0 R3:11 R4:136350 R5:4716 R6:7772 R7:3420
[LOG_TRACE] 003420 041415: bic (R4), (R5)
[LOG_TRACE] R0:3420 R1:3450 R2:0 R3:11 R4:136350 R5:4716 R6:7772 R7:3422
[LOG_TRACE] 003422 160104: sub R1, R4
[LOG_TRACE] R0:3420 R1:3450 R2:0 R3:11 R4:132700 R5:4716 R6:7772 R7:3424
[LOG_TRACE] 003424 100000: bpl 003426
[LOG_TRACE] R0:3420 R1:3450 R2:0 R3:11 R4:132700 R5:4716 R6:7772 R7:3426
[LOG_TRACE] 003426 000100: jmp R0
[LOG_TRACE] R0:3420 R1:3450 R2:0 R3:11 R4:132700 R5:4716 R6:7772 R7:3420
[LOG_TRACE] 003420 041415: bic (R4), (R5)
[LOG_TRACE] R0:3420 R1:3450 R2:0 R3:11 R4:132700 R5:4716 R6:7772 R7:3422
[LOG_TRACE] 003422 160104: sub R1, R4
[LOG_TRACE] R0:3420 R1:3450 R2:0 R3:11 R4:127230 R5:4716 R6:7772 R7:3424
[LOG_TRACE] 003424 100000: bpl 003426
[LOG_TRACE] R0:3420 R1:3450 R2:0 R3:11 R4:127230 R5:4716 R6:7772 R7:3426
[LOG_TRACE] 003426 000100: jmp R0
[LOG_TRACE] R0:3420 R1:3450 R2:0 R3:11 R4:127230 R5:4716 R6:7772 R7:3420
[LOG_TRACE] 003420 041415: bic (R4), (R5)
[LOG_TRACE] R0:3420 R1:3450 R2:0 R3:11 R4:127230 R5:4716 R6:7772 R7:3422
[LOG_TRACE] 003422 160104: sub R1, R4
[LOG_TRACE] R0:3420 R1:3450 R2:0 R3:11 R4:123560 R5:4716 R6:7772 R7:3424
[LOG_TRACE] 003424 100000: bpl 003426
[LOG_TRACE] R0:3420 R1:3450 R2:0 R3:11 R4:123560 R5:4716 R6:7772 R7:3426
[LOG_TRACE] 003426 000100: jmp R0
[LOG_TRACE] R0:3420 R1:3450 R2:0 R3:11 R4:123560 R5:4716 R6:7772 R7:3420
[LOG_TRACE] 003420 041415: bic (R4), (R5)
[LOG_TRACE] R0:3420 R1:3450 R2:0 R3:11 R4:123560 R5:4716 R6:7772 R7:3422
[LOG_TRACE] 003422 160104: sub R1, R4
[LOG_TRACE] R0:3420 R1:3450 R2:0 R3:11 R4:120110 R5:4716 R6:7772 R7:3424
[LOG_TRACE] 003424 100000: bpl 003426
[LOG_TRACE] R0:3420 R1:3450 R2:0 R3:11 R4:120110 R5:4716 R6:7772 R7:3426
[LOG_TRACE] 003426 000100: jmp R0
[LOG_TRACE] R0:3420 R1:3450 R2:0 R3:11 R4:120110 R5:4716 R6:7772 R7:3420
[LOG_TRACE] 003420 041415: bic (R4), (R5)
[LOG_TRACE] R0:3420 R1:3450 R2:0 R3:11 R4:120110 R5:4716 R6:7772 R7:3422
[LOG_TRACE] 003422 160104: sub R1, R4
[LOG_TRACE] R0:3420 R1:3450 R2:0 R3:11 R4:114440 R5:4716 R6:7772 R7:3424
[LOG_TRACE] 003424 100000: bpl 003426
[LOG_TRACE] R0:3420 R1:3450 R2:0 R3:11 R4:114440 R5:4716 R6:7772 R7:3426
[LOG_TRACE] 003426 000100: jmp R0
[LOG_TRACE] R0:3420 R1:3450 R2:0 R3:11 R4:114440 R5:4716 R6:7772 R7:3420
[LOG_TRACE] 003420 041415: bic (R4), (R5)
[LOG_TRACE] R0:3420 R1:3450 R2:0 R3:11 R4:114440 R5:4716 R6:7772 R7:3422
[LOG_TRACE] 003422 160104: sub R1, R4
[LOG_TRACE] R0:3420 R1:3450 R2:0 R3:11 R4:110770 R5:4716 R6:7772 R7:3424
[LOG_TRACE] 003424 100000: bpl 003426
[LOG_TRACE] R0:3420 R1:3450 R2:0 R3:11 R4:110770 R5:4716 R6:7772 R7:3426
[LOG_TRACE] 003426 000100: jmp R0
[LOG_TRACE] R0:3420 R1:3450 R2:0 R3:11 R4:110770 R5:4716 R6:7772 R7:3420
[LOG_TRACE] 003420 041415: bic (R4), (R5)
[LOG_TRACE] R0:3420 R1:3450 R2:0 R3:11 R4:110770 R5:4716 R6:7772 R7:3422
[LOG_TRACE] 003422 160104: sub R1, R4
[LOG_TRACE] R0:3420 R1:3450 R2:0 R3:11 R4:105320 R5:4716 R6:7772 R7:3424
[LOG_TRACE] 003424 100000: bpl 003426
[LOG_TRACE] R0:3420 R1:3450 R2:0 R3:11 R4:105320 R5:4716 R6:7772 R7:3426
[LOG_TRACE] 003426 000100: jmp R0
[LOG_TRACE] R0:3420 R1:3450 R2:0 R3:11 R4:105320 R5:4716 R6:7772 R7:3420
[LOG_TRACE] 003420 041415: bic (R4), (R5)
[LOG_TRACE] R0:3420 R1:3450 R2:0 R3:11 R4:105320 R5:4716 R6:7772 R7:3422
[LOG_TRACE] 003422 160104: sub R1, R4
[LOG_TRACE] R0:3420 R1:3450 R2:0 R3:11 R4:101650 R5:4716 R6:7772 R7:3424
[LOG_TRACE] 003424 100000: bpl 003426
[LOG_TRACE] R0:3420 R1:3450 R2:0 R3:11 R4:101650 R5:4716 R6:7772 R7:3426
[LOG_TRACE] 003426 000100: jmp R0
[LOG_TRACE] R0:3420 R1:3450 R2:0 R3:11 R4:101650 R5:4716 R6:7772 R7:3420
[LOG_TRACE] 003420 041415: bic (R4), (R5)
[LOG_TRACE] R0:3420 R1:3450 R2:0 R3:11 R4:101650 R5:4716 R6:7772 R7:3422
[LOG_TRACE] 003422 160104: sub R1, R4
[LOG_TRACE] R0:3420 R1:3450 R2:0 R3:11 R4:76200 R5:4716 R6:7772 R7:3424
[LOG_TRACE] 003424 100000: bpl 003426
[LOG_TRACE] R0:3420 R1:3450 R2:0 R3:11 R4:76200 R5:4716 R6:7772 R7:3426
[LOG_TRACE] 003426 000100: jmp R0
[LOG_TRACE] R0:3420 R1:3450 R2:0 R3:11 R4:76200 R5:4716 R6:7772 R7:3420
[LOG_TRACE] 003420 041415: bic (R4), (R5)
[LOG_TRACE] R0:3420 R1:3450 R2:0 R3:11 R4:76200 R5:4716 R6:7772 R7:3422
[LOG_TRACE] 003422 160104: sub R1, R4
[LOG_TRACE] R0:3420 R1:3450 R2:0 R3:11 R4:72530 R5:4716 R6:7772 R7:3424
[LOG_TRACE] 003424 100000: bpl 003426
[LOG_TRACE] R0:3420 R1:3450 R2:0 R3:11 R4:72530 R5:4716 R6:7772 R7:3426
[LOG_TRACE] 003426 000100: jmp R0
[LOG_TRACE] R0:3420 R1:3450 R2:0 R3:11 R4:72530 R5:4716 R6:7772 R7:3420
[LOG_TRACE] 003420 041415: bic (R4), (R5)
[LOG_TRACE] R0:3420 R1:3450 R2:0 R3:11 R4:72530 R5:4716 R6:7772 R7:3422
[LOG_TRACE] 003422 160104: sub R1, R4
[LOG_TRACE] R0:3420 R1:3450 R2:0 R3:11 R4:67060 R5:4716 R6:7772 R7:3424
[LOG_TRACE] 003424 100000: bpl 003426
[LOG_TRACE] R0:3420 R1:3450 R2:0 R3:11 R4:67060 R5:4716 R6:7772 R7:3426
[LOG_TRACE] 003426 000100: jmp R0
[LOG_TRACE] R0:3420 R1:3450 R2:0 R3:11 R4:67060 R5:4716 R6:7772 R7:3420
[LOG_TRACE] 003420 041415: bic (R4), (R5)
[LOG_TRACE] R0:3420 R1:3450 R2:0 R3:11 R4:67060 R5:4716 R6:7772 R7:3422
[LOG_TRACE] 003422 160104: sub R1, R4
[LOG_TRACE] R0:3420 R1:3450 R2:0 R3:11 R4:63410 R5:4716 R6:7772 R7:3424
[LOG_TRACE] 003424 100000: bpl 003426
[LOG_TRACE] R0:3420 R1:3450 R2:0 R3:11 R4:63410 R5:4716 R6:7772 R7:3426
[LOG_TRACE] 003426 000100: jmp R0
[LOG_TRACE] R0:3420 R1:3450 R2:0 R3:11 R4:63410 R5:4716 R6:7772 R7:3420
[LOG_TRACE] 003420 041415: bic (R4), (R5)
[LOG_TRACE] R0:3420 R1:3450 R2:0 R3:11 R4:63410 R5:4716 R6:7772 R7:3422
[LOG_TRACE] 003422 160104: sub R1, R4
[LOG_TRACE] R0:3420 R1:3450 R2:0 R3:11 R4:57740 R5:4716 R6:7772 R7:3424
[LOG_TRACE] 003424 100000: bpl 003426
[LOG_TRACE] R0:3420 R1:3450 R2:0 R3:11 R4:57740 R5:4716 R6:7772 R7:3426
[LOG_TRACE] 003426 000100: jmp R0
[LOG_TRACE] R0:3420 R1:3450 R2:0 R3:11 R4:57740 R5:4716 R6:7772 R7:3420
[LOG_TRACE] 003420 041415: bic (R4), (R5)
[LOG_TRACE] R0:3420 R1:3450 R2:0 R3:11 R4:57740 R5:4716 R6:7772 R7:3422
[LOG_TRACE] 003422 160104: sub R1, R4
[LOG_TRACE] R0:3420 R1:3450 R2:0 R3:11 R4:54270 R5:4716 R6:7772 R7:3424
[LOG_TRACE] 003424 100000: bpl 003426
[LOG_TRACE] R0:3420 R1:3450 R2:0 R3:11 R4:54270 R5:4716 R6:7772 R7:3426
[LOG_TRACE] 003426 000100: jmp R0
[LOG_TRACE] R0:3420 R1:3450 R2:0 R3:11 R4:54270 R5:4716 R6:7772 R7:3420
[LOG_TRACE] 003420 041415: bic (R4), (R5)
[LOG_TRACE] R0:3420 R1:3450 R2:0 R3:11 R4:54270 R5:4716 R6:7772 R7:3422
[LOG_TRACE] 003422 160104: sub R1, R4
[LOG_TRACE] R0:3420 R1:3450 R2:0 R3:11 R4:50620 R5:4716 R6:7772 R7:3424
[LOG_TRACE] 003424 100000: bpl 003426
[LOG_TRACE] R0:3420 R1:3450 R2:0 R3:11 R4:50620 R5:4716 R6:7772 R7:3426
[LOG_TRACE] 003426 000100: jmp R0
[LOG_TRACE] R0:3420 R1:3450 R2:0 R3:11 R4:50620 R5:4716 R6:7772 R7:3420
[LOG_TRACE] 003420 041415: bic (R4), (R5)
[LOG_TRACE] R0:3420 R1:3450 R2:0 R3:11 R4:50620 R5:4716 R6:7772 R7:3422
[LOG_TRACE] 003422 160104: sub R1, R4
[LOG_TRACE] R0:3420 R1:3450 R2:0 R3:11 R4:45150 R5:4716 R6:7772 R7:3424
[LOG_TRACE] 003424 100000: bpl 003426
[LOG_TRACE] R0:3420 R1:3450 R2:0 R3:11 R4:45150 R5:4716 R6:7772 R7:3426
[LOG_TRACE] 003426 000100: jmp R0
[LOG_TRACE] R0:3420 R1:3450 R2:0 R3:11 R4:45150 R5:4716 R6:7772 R7:3420
[LOG_TRACE] 003420 041415: bic (R4), (R5)
[LOG_TRACE] R0:3420 R1:3450 R2:0 R3:11 R4:45150 R5:4716 R6:7772 R7:3422
[LOG_TRACE] 003422 160104: sub R1, R4
[LOG_TRACE] R0:3420 R1:3450 R2:0 R3:11 R4:41500 R5:4716 R6:7772 R7:3424
[LOG_TRACE] 003424 100000: bpl 003426
[LOG_TRACE] R0:3420 R1:3450 R2:0 R3:11 R4:41500 R5:4716 R6:7772 R7:3426
[LOG_TRACE] 003426 000100: jmp R0
[LOG_TRACE] R0:3420 R1:3450 R2:0 R3:11 R4:41500 R5:4716 R6:7772 R7:3420
[LOG_TRACE] 003420 041415: bic (R4), (R5)
[LOG_TRACE] R0:3420 R1:3450 R2:0 R3:11 R4:41500 R5:4716 R6:7772 R7:3422
[LOG_TRACE] 003422 160104: sub R1, R4
[LOG_TRACE] R0:3420 R1:3450 R2:0 R3:11 R4:36030 R5:4716 R6:7772 R7:3424
[LOG_TRACE] 003424 100000: bpl 003426
[LOG_TRACE] R0:3420 R1:3450 R2:0 R3:11 R4:36030 R5:4716 R6:7772 R7:3426
[LOG_TRACE] 003426 000100: jmp R0
[LOG_TRACE] R0:3420 R1:3450 R2:0 R3:11 R4:36030 R5:4716 R6:7772 R7:3420
[LOG_TRACE] 003420 041415: bic (R4), (R5)
[LOG_TRACE] R0:3420 R1:3450 R2:0 R3:11 R4:36030 R5:4716 R6:7772 R7:3422
[LOG_TRACE] 003422 160104: sub R1, R4
[LOG_TRACE] R0:3420 R1:3450 R2:0 R3:11 R4:32360 R5:4716 R6:7772 R7:3424
[LOG_TRACE] 003424 100000: bpl 003426
[LOG_TRACE] R0:3420 R1:3450 R2:0 R3:11 R4:32360 R5:4716 R6:7772 R7:3426
[LOG_TRACE] 003426 000100: jmp R0
[LOG_TRACE] R0:3420 R1:3450 R2:0 R3:11 R4:32360 R5:4716 R6:7772 R7:3420
[LOG_TRACE] 003420 041415: bic (R4), (R5)
[LOG_TRACE] R0:3420 R1:3450 R2:0 R3:11 R4:32360 R5:4716 R6:7772 R7:3422
[LOG_TRACE] 003422 160104: sub R1, R4
[LOG_TRACE] R0:3420 R1:3450 R2:0 R3:11 R4:26710 R5:4716 R6:7772 R7:3424
[LOG_TRACE] 003424 100000: bpl 003426
[LOG_TRACE] R0:3420 R1:3450 R2:0 R3:11 R4:26710 R5:4716 R6:7772 R7:3426
[LOG_TRACE] 003426 000100: jmp R0
[LOG_TRACE] R0:3420 R1:3450 R2:0 R3:11 R4:26710 R5:4716 R6:7772 R7:3420
[LOG_TRACE] 003420 041415: bic (R4), (R5)
[LOG_TRACE] R0:3420 R1:3450 R2:0 R3:11 R4:26710 R5:4716 R6:7772 R7:3422
[LOG_TRACE] 003422 160104: sub R1, R4
[LOG_TRACE] R0:3420 R1:3450 R2:0 R3:11 R4:23240 R5:4716 R6:7772 R7:3424
[LOG_TRACE] 003424 100000: bpl 003426
[LOG_TRACE] R0:3420 R1:3450 R2:0 R3:11 R4:23240 R5:4716 R6:7772 R7:3426
[LOG_TRACE] 003426 000100: jmp R0
[LOG_TRACE] R0:3420 R1:3450 R2:0 R3:11 R4:23240 R5:4716 R6:7772 R7:3420
[LOG_TRACE] 003420 041415: bic (R4), (R5)
[LOG_TRACE] R0:3420 R1:3450 R2:0 R3:11 R4:23240 R5:4716 R6:7772 R7:3422
[LOG_TRACE] 003422 160104: sub R1, R4
[LOG_TRACE] R0:3420 R1:3450 R2:0 R3:11 R4:17570 R5:4716 R6:7772 R7:3424
[LOG_TRACE] 003424 100000: bpl 003426
[LOG_TRACE] R0:3420 R1:3450 R2:0 R3:11 R4:17570 R5:4716 R6:7772 R7:3426
[LOG_TRACE] 003426 000100: jmp R0
[LOG_TRACE] R0:3420 R1:3450 R2:0 R3:11 R4:17570 R5:4716 R6:7772 R7:3420
[LOG_TRACE] 003420 041415: bic (R4), (R5)
[LOG_TRACE] R0:3420 R1:3450 R2:0 R3:11 R4:17570 R5:4716 R6:7772 R7:3422
[LOG_TRACE] 003422 160104: sub R1, R4
[LOG_TRACE] R0:3420 R1:3450 R2:0 R3:11 R4:14120 R5:4716 R6:7772 R7:3424
[LOG_TRACE] 003424 100000: bpl 003426
[LOG_TRACE] R0:3420 R1:3450 R2:0 R3:11 R4:14120 R5:4716 R6:7772 R7:3426
[LOG_TRACE] 003426 000100: jmp R0
[LOG_TRACE] R0:3420 R1:3450 R2:0 R3:11 R4:14120 R5:4716 R6:7772 R7:3420
[LOG_TRACE] 003420 041415: bic (R4), (R5)
[LOG_TRACE] R0:3420 R1:3450 R2:0 R3:11 R4:14120 R5:4716 R6:7772 R7:3422
[LOG_TRACE] 003422 160104: sub R1, R4
[LOG_TRACE] R0:3420 R1:3450 R2:0 R3:11 R4:10450 R5:4716 R6:7772 R7:3424
[LOG_TRACE] 003424 100000: bpl 003426
[LOG_TRACE] R0:3420 R1:3450 R2:0 R3:11 R4:10450 R5:4716 R6:7772 R7:3426
[LOG_TRACE] 003426 000100: jmp R0
[LOG_TRACE] R0:3420 R1:3450 R2:0 R3:11 R4:10450 R5:4716 R6:7772 R7:3420
[LOG_TRACE] 003420 041415: bic (R4), (R5)
[LOG_TRACE] R0:3420 R1:3450 R2:0 R3:11 R4:10450 R5:4716 R6:7772 R7:3422
[LOG_TRACE] 003422 160104: sub R1, R4
[LOG_TRACE] R0:3420 R1:3450 R2:0 R3:11 R4:5000 R5:4716 R6:7772 R7:3424
[LOG_TRACE] 003424 100000: bpl 003426
[LOG_TRACE] R0:3420 R1:3450 R2:0 R3:11 R4:5000 R5:4716 R6:7772 R7:3426
[LOG_TRACE] 003426 000100: jmp R0
[LOG_TRACE] R0:3420 R1:3450 R2:0 R3:11 R4:5000 R5:4716 R6:7772 R7:3420
[LOG_TRACE] 003420 041415: bic (R4), (R5)
[LOG_TRACE] R0:3420 R1:3450 R2:0 R3:11 R4:5000 R5:4716 R6:7772 R7:3422
[LOG_TRACE] 003422 160104: sub R1, R4
[LOG_TRACE] R0:3420 R1:3450 R2:0 R3:11 R4:1330 R5:4716 R6:7772 R7:3424
[LOG_TRACE] 003424 100000: bpl 003426
[LOG_TRACE] R0:3420 R1:3450 R2:0 R3:11 R4:1330 R5:4716 R6:7772 R7:3426
[LOG_TRACE] 003426 000100: jmp R0
[LOG_TRACE] R0:3420 R1:3450 R2:0 R3:11 R4:1330 R5:4716 R6:7772 R7:3420
[LOG_TRACE] 003420 041415: bic (R4), (R5)
[LOG_TRACE] R0:3420 R1:3450 R2:0 R3:11 R4:1330 R5:4716 R6:7772 R7:3422
[LOG_TRACE] 003422 160104: sub R1, R4
[LOG_TRACE] R0:3420 R1:3450 R2:0 R3:11 R4:175660 R5:4716 R6:7772 R7:3424
[LOG_TRACE] 003424 100000: bpl 003426
[LOG_TRACE] R0:3420 R1:3450 R2:0 R3:11 R4:175660 R5:4716 R6:7772 R7:3426
[LOG_TRACE] 003426 000100: jmp R0
[LOG_TRACE] R0:3420 R1:3450 R2:0 R3:11 R4:175660 R5:4716 R6:7772 R7:3420
[LOG_TRACE] >>> BUS ERROR TRAP: Saving context and branching to Vector 4...
[LOG_TRACE] 003172 005011: clr (R1)
[LOG_TRACE] R0:3420 R1:3450 R2:0 R3:11 R4:175660 R5:4716 R6:7766 R7:3174
[LOG_TRACE] 003174 000002: rti (R4), (R1)
[LOG_TRACE] >>> RTI: Returned from interrupt. Restored PC: 003422
[LOG_TRACE] R0:3420 R1:3450 R2:0 R3:11 R4:175660 R5:4716 R6:7772 R7:3422
[LOG_TRACE] 003422 160104: sub R1, R4
[LOG_TRACE] R0:3420 R1:3450 R2:0 R3:11 R4:172210 R5:4716 R6:7772 R7:3424
[LOG_TRACE] 003424 100000: bpl 003426
[LOG_TRACE] R0:3420 R1:3450 R2:0 R3:11 R4:172210 R5:4716 R6:7772 R7:3426
[LOG_TRACE] 003426 000100: jmp R0
[LOG_TRACE] R0:3420 R1:3450 R2:0 R3:11 R4:172210 R5:4716 R6:7772 R7:3420
[LOG_TRACE] >>> BUS ERROR TRAP: Saving context and branching to Vector 4...
[LOG_TRACE] 003172 005011: clr (R1)
[LOG_TRACE] R0:3420 R1:3450 R2:0 R3:11 R4:172210 R5:4716 R6:7766 R7:3174
[LOG_TRACE] 003174 000002: rti (R4), (R1)
[LOG_TRACE] >>> RTI: Returned from interrupt. Restored PC: 003422
[LOG_TRACE] R0:3420 R1:3450 R2:0 R3:11 R4:172210 R5:4716 R6:7772 R7:3422
[LOG_TRACE] 003422 160104: sub R1, R4
[LOG_TRACE] R0:3420 R1:3450 R2:0 R3:11 R4:166540 R5:4716 R6:7772 R7:3424
[LOG_TRACE] 003424 100000: bpl 003426
[LOG_TRACE] R0:3420 R1:3450 R2:0 R3:11 R4:166540 R5:4716 R6:7772 R7:3426
[LOG_TRACE] 003426 000100: jmp R0
[LOG_TRACE] R0:3420 R1:3450 R2:0 R3:11 R4:166540 R5:4716 R6:7772 R7:3420
[LOG_TRACE] >>> BUS ERROR TRAP: Saving context and branching to Vector 4...
[LOG_TRACE] 003172 005011: clr (R1)
[LOG_TRACE] R0:3420 R1:3450 R2:0 R3:11 R4:166540 R5:4716 R6:7766 R7:3174
[LOG_TRACE] 003174 000002: rti (R4), (R1)
[LOG_TRACE] >>> RTI: Returned from interrupt. Restored PC: 003422
[LOG_TRACE] R0:3420 R1:3450 R2:0 R3:11 R4:166540 R5:4716 R6:7772 R7:3422
[LOG_TRACE] 003422 160104: sub R1, R4
[LOG_TRACE] R0:3420 R1:3450 R2:0 R3:11 R4:163070 R5:4716 R6:7772 R7:3424
[LOG_TRACE] 003424 100000: bpl 003426
[LOG_TRACE] R0:3420 R1:3450 R2:0 R3:11 R4:163070 R5:4716 R6:7772 R7:3426
[LOG_TRACE] 003426 000100: jmp R0
[LOG_TRACE] R0:3420 R1:3450 R2:0 R3:11 R4:163070 R5:4716 R6:7772 R7:3420
[LOG_TRACE] >>> BUS ERROR TRAP: Saving context and branching to Vector 4...
[LOG_TRACE] 003172 005011: clr (R1)
[LOG_TRACE] R0:3420 R1:3450 R2:0 R3:11 R4:163070 R5:4716 R6:7766 R7:3174
[LOG_TRACE] 003174 000002: rti (R4), (R1)
[LOG_TRACE] >>> RTI: Returned from interrupt. Restored PC: 003422
[LOG_TRACE] R0:3420 R1:3450 R2:0 R3:11 R4:163070 R5:4716 R6:7772 R7:3422
[LOG_TRACE] 003422 160104: sub R1, R4
[LOG_TRACE] R0:3420 R1:3450 R2:0 R3:11 R4:157420 R5:4716 R6:7772 R7:3424
[LOG_TRACE] 003424 100000: bpl 003426
[LOG_TRACE] R0:3420 R1:3450 R2:0 R3:11 R4:157420 R5:4716 R6:7772 R7:3426
[LOG_TRACE] 003426 000100: jmp R0
[LOG_TRACE] R0:3420 R1:3450 R2:0 R3:11 R4:157420 R5:4716 R6:7772 R7:3420
[LOG_TRACE] 003420 041415: bic (R4), (R5)
[LOG_TRACE] R0:3420 R1:3450 R2:0 R3:11 R4:157420 R5:4716 R6:7772 R7:3422
[LOG_TRACE] 003422 160104: sub R1, R4
[LOG_TRACE] R0:3420 R1:3450 R2:0 R3:11 R4:153750 R5:4716 R6:7772 R7:3424
[LOG_TRACE] 003424 100000: bpl 003426
[LOG_TRACE] R0:3420 R1:3450 R2:0 R3:11 R4:153750 R5:4716 R6:7772 R7:3426
[LOG_TRACE] 003426 000100: jmp R0
[LOG_TRACE] R0:3420 R1:3450 R2:0 R3:11 R4:153750 R5:4716 R6:7772 R7:3420
[LOG_TRACE] 003420 041415: bic (R4), (R5)
[LOG_TRACE] R0:3420 R1:3450 R2:0 R3:11 R4:153750 R5:4716 R6:7772 R7:3422
[LOG_TRACE] 003422 160104: sub R1, R4
[LOG_TRACE] R0:3420 R1:3450 R2:0 R3:11 R4:150300 R5:4716 R6:7772 R7:3424
[LOG_TRACE] 003424 100000: bpl 003426
[LOG_TRACE] R0:3420 R1:3450 R2:0 R3:11 R4:150300 R5:4716 R6:7772 R7:3426
[LOG_TRACE] 003426 000100: jmp R0
[LOG_TRACE] R0:3420 R1:3450 R2:0 R3:11 R4:150300 R5:4716 R6:7772 R7:3420
[LOG_TRACE] 003420 041415: bic (R4), (R5)
[LOG_TRACE] R0:3420 R1:3450 R2:0 R3:11 R4:150300 R5:4716 R6:7772 R7:3422
[LOG_TRACE] 003422 160104: sub R1, R4
[LOG_TRACE] R0:3420 R1:3450 R2:0 R3:11 R4:144630 R5:4716 R6:7772 R7:3424
[LOG_TRACE] 003424 100000: bpl 003426
[LOG_TRACE] R0:3420 R1:3450 R2:0 R3:11 R4:144630 R5:4716 R6:7772 R7:3426
[LOG_TRACE] 003426 000100: jmp R0
[LOG_TRACE] R0:3420 R1:3450 R2:0 R3:11 R4:144630 R5:4716 R6:7772 R7:3420
[LOG_TRACE] 003420 041415: bic (R4), (R5)
[LOG_TRACE] R0:3420 R1:3450 R2:0 R3:11 R4:144630 R5:4716 R6:7772 R7:3422
[LOG_TRACE] 003422 160104: sub R1, R4
[LOG_TRACE] R0:3420 R1:3450 R2:0 R3:11 R4:141160 R5:4716 R6:7772 R7:3424
[LOG_TRACE] 003424 100000: bpl 003426
[LOG_TRACE] R0:3420 R1:3450 R2:0 R3:11 R4:141160 R5:4716 R6:7772 R7:3426
[LOG_TRACE] 003426 000100: jmp R0
[LOG_TRACE] R0:3420 R1:3450 R2:0 R3:11 R4:141160 R5:4716 R6:7772 R7:3420
[LOG_TRACE] 003420 041415: bic (R4), (R5)
[LOG_TRACE] R0:3420 R1:3450 R2:0 R3:11 R4:141160 R5:4716 R6:7772 R7:3422
[LOG_TRACE] 003422 160104: sub R1, R4
[LOG_TRACE] R0:3420 R1:3450 R2:0 R3:11 R4:135510 R5:4716 R6:7772 R7:3424
[LOG_TRACE] 003424 100000: bpl 003426
[LOG_TRACE] R0:3420 R1:3450 R2:0 R3:11 R4:135510 R5:4716 R6:7772 R7:3426
[LOG_TRACE] 003426 000100: jmp R0
[LOG_TRACE] R0:3420 R1:3450 R2:0 R3:11 R4:135510 R5:4716 R6:7772 R7:3420
[LOG_TRACE] 003420 041415: bic (R4), (R5)
[LOG_TRACE] R0:3420 R1:3450 R2:0 R3:11 R4:135510 R5:4716 R6:7772 R7:3422
[LOG_TRACE] 003422 160104: sub R1, R4
[LOG_TRACE] R0:3420 R1:3450 R2:0 R3:11 R4:132040 R5:4716 R6:7772 R7:3424
[LOG_TRACE] 003424 100000: bpl 003426
[LOG_TRACE] R0:3420 R1:3450 R2:0 R3:11 R4:132040 R5:4716 R6:7772 R7:3426
[LOG_TRACE] 003426 000100: jmp R0
[LOG_TRACE] R0:3420 R1:3450 R2:0 R3:11 R4:132040 R5:4716 R6:7772 R7:3420
[LOG_TRACE] 003420 041415: bic (R4), (R5)
[LOG_TRACE] R0:3420 R1:3450 R2:0 R3:11 R4:132040 R5:4716 R6:7772 R7:3422
[LOG_TRACE] 003422 160104: sub R1, R4
[LOG_TRACE] R0:3420 R1:3450 R2:0 R3:11 R4:126370 R5:4716 R6:7772 R7:3424
[LOG_TRACE] 003424 100000: bpl 003426
[LOG_TRACE] R0:3420 R1:3450 R2:0 R3:11 R4:126370 R5:4716 R6:7772 R7:3426
[LOG_TRACE] 003426 000100: jmp R0
[LOG_TRACE] R0:3420 R1:3450 R2:0 R3:11 R4:126370 R5:4716 R6:7772 R7:3420
[LOG_TRACE] 003420 041415: bic (R4), (R5)
[LOG_TRACE] R0:3420 R1:3450 R2:0 R3:11 R4:126370 R5:4716 R6:7772 R7:3422
[LOG_TRACE] 003422 160104: sub R1, R4
[LOG_TRACE] R0:3420 R1:3450 R2:0 R3:11 R4:122720 R5:4716 R6:7772 R7:3424
[LOG_TRACE] 003424 100000: bpl 003426
[LOG_TRACE] R0:3420 R1:3450 R2:0 R3:11 R4:122720 R5:4716 R6:7772 R7:3426
[LOG_TRACE] 003426 000100: jmp R0
[LOG_TRACE] R0:3420 R1:3450 R2:0 R3:11 R4:122720 R5:4716 R6:7772 R7:3420
[LOG_TRACE] 003420 041415: bic (R4), (R5)
[LOG_TRACE] R0:3420 R1:3450 R2:0 R3:11 R4:122720 R5:4716 R6:7772 R7:3422
[LOG_TRACE] 003422 160104: sub R1, R4
[LOG_TRACE] R0:3420 R1:3450 R2:0 R3:11 R4:117250 R5:4716 R6:7772 R7:3424
[LOG_TRACE] 003424 100000: bpl 003426
[LOG_TRACE] R0:3420 R1:3450 R2:0 R3:11 R4:117250 R5:4716 R6:7772 R7:3426
[LOG_TRACE] 003426 000100: jmp R0
[LOG_TRACE] R0:3420 R1:3450 R2:0 R3:11 R4:117250 R5:4716 R6:7772 R7:3420
[LOG_TRACE] 003420 041415: bic (R4), (R5)
[LOG_TRACE] R0:3420 R1:3450 R2:0 R3:11 R4:117250 R5:4716 R6:7772 R7:3422
[LOG_TRACE] 003422 160104: sub R1, R4
[LOG_TRACE] R0:3420 R1:3450 R2:0 R3:11 R4:113600 R5:4716 R6:7772 R7:3424
[LOG_TRACE] 003424 100000: bpl 003426
[LOG_TRACE] R0:3420 R1:3450 R2:0 R3:11 R4:113600 R5:4716 R6:7772 R7:3426
[LOG_TRACE] 003426 000100: jmp R0
[LOG_TRACE] R0:3420 R1:3450 R2:0 R3:11 R4:113600 R5:4716 R6:7772 R7:3420
[LOG_TRACE] 003420 041415: bic (R4), (R5)
[LOG_TRACE] R0:3420 R1:3450 R2:0 R3:11 R4:113600 R5:4716 R6:7772 R7:3422
[LOG_TRACE] 003422 160104: sub R1, R4
[LOG_TRACE] R0:3420 R1:3450 R2:0 R3:11 R4:110130 R5:4716 R6:7772 R7:3424
[LOG_TRACE] 003424 100000: bpl 003426
[LOG_TRACE] R0:3420 R1:3450 R2:0 R3:11 R4:110130 R5:4716 R6:7772 R7:3426
[LOG_TRACE] 003426 000100: jmp R0
[LOG_TRACE] R0:3420 R1:3450 R2:0 R3:11 R4:110130 R5:4716 R6:7772 R7:3420
[LOG_TRACE] 003420 041415: bic (R4), (R5)
[LOG_TRACE] R0:3420 R1:3450 R2:0 R3:11 R4:110130 R5:4716 R6:7772 R7:3422
[LOG_TRACE] 003422 160104: sub R1, R4
[LOG_TRACE] R0:3420 R1:3450 R2:0 R3:11 R4:104460 R5:4716 R6:7772 R7:3424
[LOG_TRACE] 003424 100000: bpl 003426
[LOG_TRACE] R0:3420 R1:3450 R2:0 R3:11 R4:104460 R5:4716 R6:7772 R7:3426
[LOG_TRACE] 003426 000100: jmp R0
[LOG_TRACE] R0:3420 R1:3450 R2:0 R3:11 R4:104460 R5:4716 R6:7772 R7:3420
[LOG_TRACE] 003420 041415: bic (R4), (R5)
[LOG_TRACE] R0:3420 R1:3450 R2:0 R3:11 R4:104460 R5:4716 R6:7772 R7:3422
[LOG_TRACE] 003422 160104: sub R1, R4
[LOG_TRACE] R0:3420 R1:3450 R2:0 R3:11 R4:101010 R5:4716 R6:7772 R7:3424
[LOG_TRACE] 003424 100000: bpl 003426
[LOG_TRACE] R0:3420 R1:3450 R2:0 R3:11 R4:101010 R5:4716 R6:7772 R7:3426
[LOG_TRACE] 003426 000100: jmp R0
[LOG_TRACE] R0:3420 R1:3450 R2:0 R3:11 R4:101010 R5:4716 R6:7772 R7:3420
[LOG_TRACE] 003420 041415: bic (R4), (R5)
[LOG_TRACE] R0:3420 R1:3450 R2:0 R3:11 R4:101010 R5:4716 R6:7772 R7:3422
[LOG_TRACE] 003422 160104: sub R1, R4
[LOG_TRACE] R0:3420 R1:3450 R2:0 R3:11 R4:75340 R5:4716 R6:7772 R7:3424
[LOG_TRACE] 003424 100000: bpl 003426
[LOG_TRACE] R0:3420 R1:3450 R2:0 R3:11 R4:75340 R5:4716 R6:7772 R7:3426
[LOG_TRACE] 003426 000100: jmp R0
[LOG_TRACE] R0:3420 R1:3450 R2:0 R3:11 R4:75340 R5:4716 R6:7772 R7:3420
[LOG_TRACE] 003420 041415: bic (R4), (R5)
[LOG_TRACE] R0:3420 R1:3450 R2:0 R3:11 R4:75340 R5:4716 R6:7772 R7:3422
[LOG_TRACE] 003422 160104: sub R1, R4
[LOG_TRACE] R0:3420 R1:3450 R2:0 R3:11 R4:71670 R5:4716 R6:7772 R7:3424
[LOG_TRACE] 003424 100000: bpl 003426
[LOG_TRACE] R0:3420 R1:3450 R2:0 R3:11 R4:71670 R5:4716 R6:7772 R7:3426
[LOG_TRACE] 003426 000100: jmp R0
[LOG_TRACE] R0:3420 R1:3450 R2:0 R3:11 R4:71670 R5:4716 R6:7772 R7:3420
[LOG_TRACE] 003420 041415: bic (R4), (R5)
[LOG_TRACE] R0:3420 R1:3450 R2:0 R3:11 R4:71670 R5:4716 R6:7772 R7:3422
[LOG_TRACE] 003422 160104: sub R1, R4
[LOG_TRACE] R0:3420 R1:3450 R2:0 R3:11 R4:66220 R5:4716 R6:7772 R7:3424
[LOG_TRACE] 003424 100000: bpl 003426
[LOG_TRACE] R0:3420 R1:3450 R2:0 R3:11 R4:66220 R5:4716 R6:7772 R7:3426
[LOG_TRACE] 003426 000100: jmp R0
[LOG_TRACE] R0:3420 R1:3450 R2:0 R3:11 R4:66220 R5:4716 R6:7772 R7:3420
[LOG_TRACE] 003420 041415: bic (R4), (R5)
[LOG_TRACE] R0:3420 R1:3450 R2:0 R3:11 R4:66220 R5:4716 R6:7772 R7:3422
[LOG_TRACE] 003422 160104: sub R1, R4
[LOG_TRACE] R0:3420 R1:3450 R2:0 R3:11 R4:62550 R5:4716 R6:7772 R7:3424
[LOG_TRACE] 003424 100000: bpl 003426
[LOG_TRACE] R0:3420 R1:3450 R2:0 R3:11 R4:62550 R5:4716 R6:7772 R7:3426
[LOG_TRACE] 003426 000100: jmp R0
[LOG_TRACE] R0:3420 R1:3450 R2:0 R3:11 R4:62550 R5:4716 R6:7772 R7:3420
[LOG_TRACE] 003420 041415: bic (R4), (R5)
[LOG_TRACE] R0:3420 R1:3450 R2:0 R3:11 R4:62550 R5:4716 R6:7772 R7:3422
[LOG_TRACE] 003422 160104: sub R1, R4
[LOG_TRACE] R0:3420 R1:3450 R2:0 R3:11 R4:57100 R5:4716 R6:7772 R7:3424
[LOG_TRACE] 003424 100000: bpl 003426
[LOG_TRACE] R0:3420 R1:3450 R2:0 R3:11 R4:57100 R5:4716 R6:7772 R7:3426
[LOG_TRACE] 003426 000100: jmp R0
[LOG_TRACE] R0:3420 R1:3450 R2:0 R3:11 R4:57100 R5:4716 R6:7772 R7:3420
[LOG_TRACE] 003420 041415: bic (R4), (R5)
[LOG_TRACE] R0:3420 R1:3450 R2:0 R3:11 R4:57100 R5:4716 R6:7772 R7:3422
[LOG_TRACE] 003422 160104: sub R1, R4
[LOG_TRACE] R0:3420 R1:3450 R2:0 R3:11 R4:53430 R5:4716 R6:7772 R7:3424
[LOG_TRACE] 003424 100000: bpl 003426
[LOG_TRACE] R0:3420 R1:3450 R2:0 R3:11 R4:53430 R5:4716 R6:7772 R7:3426
[LOG_TRACE] 003426 000100: jmp R0
[LOG_TRACE] R0:3420 R1:3450 R2:0 R3:11 R4:53430 R5:4716 R6:7772 R7:3420
[LOG_TRACE] 003420 041415: bic (R4), (R5)
[LOG_TRACE] R0:3420 R1:3450 R2:0 R3:11 R4:53430 R5:4716 R6:7772 R7:3422
[LOG_TRACE] 003422 160104: sub R1, R4
[LOG_TRACE] R0:3420 R1:3450 R2:0 R3:11 R4:47760 R5:4716 R6:7772 R7:3424
[LOG_TRACE] 003424 100000: bpl 003426
[LOG_TRACE] R0:3420 R1:3450 R2:0 R3:11 R4:47760 R5:4716 R6:7772 R7:3426
[LOG_TRACE] 003426 000100: jmp R0
[LOG_TRACE] R0:3420 R1:3450 R2:0 R3:11 R4:47760 R5:4716 R6:7772 R7:3420
[LOG_TRACE] 003420 041415: bic (R4), (R5)
[LOG_TRACE] R0:3420 R1:3450 R2:0 R3:11 R4:47760 R5:4716 R6:7772 R7:3422
[LOG_TRACE] 003422 160104: sub R1, R4
[LOG_TRACE] R0:3420 R1:3450 R2:0 R3:11 R4:44310 R5:4716 R6:7772 R7:3424
[LOG_TRACE] 003424 100000: bpl 003426
[LOG_TRACE] R0:3420 R1:3450 R2:0 R3:11 R4:44310 R5:4716 R6:7772 R7:3426
[LOG_TRACE] 003426 000100: jmp R0
[LOG_TRACE] R0:3420 R1:3450 R2:0 R3:11 R4:44310 R5:4716 R6:7772 R7:3420
[LOG_TRACE] 003420 041415: bic (R4), (R5)
[LOG_TRACE] R0:3420 R1:3450 R2:0 R3:11 R4:44310 R5:4716 R6:7772 R7:3422
[LOG_TRACE] 003422 160104: sub R1, R4
[LOG_TRACE] R0:3420 R1:3450 R2:0 R3:11 R4:40640 R5:4716 R6:7772 R7:3424
[LOG_TRACE] 003424 100000: bpl 003426
[LOG_TRACE] R0:3420 R1:3450 R2:0 R3:11 R4:40640 R5:4716 R6:7772 R7:3426
[LOG_TRACE] 003426 000100: jmp R0
[LOG_TRACE] R0:3420 R1:3450 R2:0 R3:11 R4:40640 R5:4716 R6:7772 R7:3420
[LOG_TRACE] 003420 041415: bic (R4), (R5)
[LOG_TRACE] R0:3420 R1:3450 R2:0 R3:11 R4:40640 R5:4716 R6:7772 R7:3422
[LOG_TRACE] 003422 160104: sub R1, R4
[LOG_TRACE] R0:3420 R1:3450 R2:0 R3:11 R4:35170 R5:4716 R6:7772 R7:3424
[LOG_TRACE] 003424 100000: bpl 003426
[LOG_TRACE] R0:3420 R1:3450 R2:0 R3:11 R4:35170 R5:4716 R6:7772 R7:3426
[LOG_TRACE] 003426 000100: jmp R0
[LOG_TRACE] R0:3420 R1:3450 R2:0 R3:11 R4:35170 R5:4716 R6:7772 R7:3420
[LOG_TRACE] 003420 041415: bic (R4), (R5)
[LOG_TRACE] R0:3420 R1:3450 R2:0 R3:11 R4:35170 R5:4716 R6:7772 R7:3422
[LOG_TRACE] 003422 160104: sub R1, R4
[LOG_TRACE] R0:3420 R1:3450 R2:0 R3:11 R4:31520 R5:4716 R6:7772 R7:3424
[LOG_TRACE] 003424 100000: bpl 003426
[LOG_TRACE] R0:3420 R1:3450 R2:0 R3:11 R4:31520 R5:4716 R6:7772 R7:3426
[LOG_TRACE] 003426 000100: jmp R0
[LOG_TRACE] R0:3420 R1:3450 R2:0 R3:11 R4:31520 R5:4716 R6:7772 R7:3420
[LOG_TRACE] 003420 041415: bic (R4), (R5)
[LOG_TRACE] R0:3420 R1:3450 R2:0 R3:11 R4:31520 R5:4716 R6:7772 R7:3422
[LOG_TRACE] 003422 160104: sub R1, R4
[LOG_TRACE] R0:3420 R1:3450 R2:0 R3:11 R4:26050 R5:4716 R6:7772 R7:3424
[LOG_TRACE] 003424 100000: bpl 003426
[LOG_TRACE] R0:3420 R1:3450 R2:0 R3:11 R4:26050 R5:4716 R6:7772 R7:3426
[LOG_TRACE] 003426 000100: jmp R0
[LOG_TRACE] R0:3420 R1:3450 R2:0 R3:11 R4:26050 R5:4716 R6:7772 R7:3420
[LOG_TRACE] 003420 041415: bic (R4), (R5)
[LOG_TRACE] R0:3420 R1:3450 R2:0 R3:11 R4:26050 R5:4716 R6:7772 R7:3422
[LOG_TRACE] 003422 160104: sub R1, R4
[LOG_TRACE] R0:3420 R1:3450 R2:0 R3:11 R4:22400 R5:4716 R6:7772 R7:3424
[LOG_TRACE] 003424 100000: bpl 003426
[LOG_TRACE] R0:3420 R1:3450 R2:0 R3:11 R4:22400 R5:4716 R6:7772 R7:3426
[LOG_TRACE] 003426 000100: jmp R0
[LOG_TRACE] R0:3420 R1:3450 R2:0 R3:11 R4:22400 R5:4716 R6:7772 R7:3420
[LOG_TRACE] 003420 041415: bic (R4), (R5)
[LOG_TRACE] R0:3420 R1:3450 R2:0 R3:11 R4:22400 R5:4716 R6:7772 R7:3422
[LOG_TRACE] 003422 160104: sub R1, R4
[LOG_TRACE] R0:3420 R1:3450 R2:0 R3:11 R4:16730 R5:4716 R6:7772 R7:3424
[LOG_TRACE] 003424 100000: bpl 003426
[LOG_TRACE] R0:3420 R1:3450 R2:0 R3:11 R4:16730 R5:4716 R6:7772 R7:3426
[LOG_TRACE] 003426 000100: jmp R0
[LOG_TRACE] R0:3420 R1:3450 R2:0 R3:11 R4:16730 R5:4716 R6:7772 R7:3420
[LOG_TRACE] 003420 041415: bic (R4), (R5)
[LOG_TRACE] R0:3420 R1:3450 R2:0 R3:11 R4:16730 R5:4716 R6:7772 R7:3422
[LOG_TRACE] 003422 160104: sub R1, R4
[LOG_TRACE] R0:3420 R1:3450 R2:0 R3:11 R4:13260 R5:4716 R6:7772 R7:3424
[LOG_TRACE] 003424 100000: bpl 003426
[LOG_TRACE] R0:3420 R1:3450 R2:0 R3:11 R4:13260 R5:4716 R6:7772 R7:3426
[LOG_TRACE] 003426 000100: jmp R0
[LOG_TRACE] R0:3420 R1:3450 R2:0 R3:11 R4:13260 R5:4716 R6:7772 R7:3420
[LOG_TRACE] 003420 041415: bic (R4), (R5)
[LOG_TRACE] R0:3420 R1:3450 R2:0 R3:11 R4:13260 R5:4716 R6:7772 R7:3422
[LOG_TRACE] 003422 160104: sub R1, R4
[LOG_TRACE] R0:3420 R1:3450 R2:0 R3:11 R4:7610 R5:4716 R6:7772 R7:3424
[LOG_TRACE] 003424 100000: bpl 003426
[LOG_TRACE] R0:3420 R1:3450 R2:0 R3:11 R4:7610 R5:4716 R6:7772 R7:3426
[LOG_TRACE] 003426 000100: jmp R0
[LOG_TRACE] R0:3420 R1:3450 R2:0 R3:11 R4:7610 R5:4716 R6:7772 R7:3420
[LOG_TRACE] 003420 041415: bic (R4), (R5)
[LOG_TRACE] R0:3420 R1:3450 R2:0 R3:11 R4:7610 R5:4716 R6:7772 R7:3422
[LOG_TRACE] 003422 160104: sub R1, R4
[LOG_TRACE] R0:3420 R1:3450 R2:0 R3:11 R4:4140 R5:4716 R6:7772 R7:3424
[LOG_TRACE] 003424 100000: bpl 003426
[LOG_TRACE] R0:3420 R1:3450 R2:0 R3:11 R4:4140 R5:4716 R6:7772 R7:3426
[LOG_TRACE] 003426 000100: jmp R0
[LOG_TRACE] R0:3420 R1:3450 R2:0 R3:11 R4:4140 R5:4716 R6:7772 R7:3420
[LOG_TRACE] 003420 041415: bic (R4), (R5)
[LOG_TRACE] R0:3420 R1:3450 R2:0 R3:11 R4:4140 R5:4716 R6:7772 R7:3422
[LOG_TRACE] 003422 160104: sub R1, R4
[LOG_TRACE] R0:3420 R1:3450 R2:0 R3:11 R4:470 R5:4716 R6:7772 R7:3424
[LOG_TRACE] 003424 100000: bpl 003426
[LOG_TRACE] R0:3420 R1:3450 R2:0 R3:11 R4:470 R5:4716 R6:7772 R7:3426
[LOG_TRACE] 003426 000100: jmp R0
[LOG_TRACE] R0:3420 R1:3450 R2:0 R3:11 R4:470 R5:4716 R6:7772 R7:3420
[LOG_TRACE] 003420 041415: bic (R4), (R5)
[LOG_TRACE] R0:3420 R1:3450 R2:0 R3:11 R4:470 R5:4716 R6:7772 R7:3422
[LOG_TRACE] 003422 160104: sub R1, R4
[LOG_TRACE] R0:3420 R1:3450 R2:0 R3:11 R4:175020 R5:4716 R6:7772 R7:3424
[LOG_TRACE] 003424 100000: bpl 003426
[LOG_TRACE] R0:3420 R1:3450 R2:0 R3:11 R4:175020 R5:4716 R6:7772 R7:3426
[LOG_TRACE] 003426 000100: jmp R0
[LOG_TRACE] R0:3420 R1:3450 R2:0 R3:11 R4:175020 R5:4716 R6:7772 R7:3420
[LOG_TRACE] >>> BUS ERROR TRAP: Saving context and branching to Vector 4...
[LOG_TRACE] 003172 005011: clr (R1)
[LOG_TRACE] R0:3420 R1:3450 R2:0 R3:11 R4:175020 R5:4716 R6:7766 R7:3174
[LOG_TRACE] 003174 000002: rti (R4), (R1)
[LOG_TRACE] >>> RTI: Returned from interrupt. Restored PC: 003422
[LOG_TRACE] R0:3420 R1:3450 R2:0 R3:11 R4:175020 R5:4716 R6:7772 R7:3422
[LOG_TRACE] 003422 160104: sub R1, R4
[LOG_TRACE] R0:3420 R1:3450 R2:0 R3:11 R4:171350 R5:4716 R6:7772 R7:3424
[LOG_TRACE] 003424 100000: bpl 003426
[LOG_TRACE] R0:3420 R1:3450 R2:0 R3:11 R4:171350 R5:4716 R6:7772 R7:3426
[LOG_TRACE] 003426 000100: jmp R0
[LOG_TRACE] R0:3420 R1:3450 R2:0 R3:11 R4:171350 R5:4716 R6:7772 R7:3420
[LOG_TRACE] >>> BUS ERROR TRAP: Saving context and branching to Vector 4...
[LOG_TRACE] 003172 005011: clr (R1)
[LOG_TRACE] R0:3420 R1:3450 R2:0 R3:11 R4:171350 R5:4716 R6:7766 R7:3174
[LOG_TRACE] 003174 000002: rti (R4), (R1)
[LOG_TRACE] >>> RTI: Returned from interrupt. Restored PC: 003422
[LOG_TRACE] R0:3420 R1:3450 R2:0 R3:11 R4:171350 R5:4716 R6:7772 R7:3422
[LOG_TRACE] 003422 160104: sub R1, R4
[LOG_TRACE] R0:3420 R1:3450 R2:0 R3:11 R4:165700 R5:4716 R6:7772 R7:3424
[LOG_TRACE] 003424 100000: bpl 003426
[LOG_TRACE] R0:3420 R1:3450 R2:0 R3:11 R4:165700 R5:4716 R6:7772 R7:3426
[LOG_TRACE] 003426 000100: jmp R0
[LOG_TRACE] R0:3420 R1:3450 R2:0 R3:11 R4:165700 R5:4716 R6:7772 R7:3420
[LOG_TRACE] >>> BUS ERROR TRAP: Saving context and branching to Vector 4...
[LOG_TRACE] 003172 005011: clr (R1)
[LOG_TRACE] R0:3420 R1:3450 R2:0 R3:11 R4:165700 R5:4716 R6:7766 R7:3174
[LOG_TRACE] 003174 000002: rti (R4), (R1)
[LOG_TRACE] >>> RTI: Returned from interrupt. Restored PC: 003422
[LOG_TRACE] R0:3420 R1:3450 R2:0 R3:11 R4:165700 R5:4716 R6:7772 R7:3422
[LOG_TRACE] 003422 160104: sub R1, R4
[LOG_TRACE] R0:3420 R1:3450 R2:0 R3:11 R4:162230 R5:4716 R6:7772 R7:3424
[LOG_TRACE] 003424 100000: bpl 003426
[LOG_TRACE] R0:3420 R1:3450 R2:0 R3:11 R4:162230 R5:4716 R6:7772 R7:3426
[LOG_TRACE] 003426 000100: jmp R0
[LOG_TRACE] R0:3420 R1:3450 R2:0 R3:11 R4:162230 R5:4716 R6:7772 R7:3420
[LOG_TRACE] >>> BUS ERROR TRAP: Saving context and branching to Vector 4...
[LOG_TRACE] 003172 005011: clr (R1)
[LOG_TRACE] R0:3420 R1:3450 R2:0 R3:11 R4:162230 R5:4716 R6:7766 R7:3174
[LOG_TRACE] 003174 000002: rti (R4), (R1)
[LOG_TRACE] >>> RTI: Returned from interrupt. Restored PC: 003422
[LOG_TRACE] R0:3420 R1:3450 R2:0 R3:11 R4:162230 R5:4716 R6:7772 R7:3422
[LOG_TRACE] 003422 160104: sub R1, R4
[LOG_TRACE] R0:3420 R1:3450 R2:0 R3:11 R4:156560 R5:4716 R6:7772 R7:3424
[LOG_TRACE] 003424 100000: bpl 003426
[LOG_TRACE] R0:3420 R1:3450 R2:0 R3:11 R4:156560 R5:4716 R6:7772 R7:3426
[LOG_TRACE] 003426 000100: jmp R0
[LOG_TRACE] R0:3420 R1:3450 R2:0 R3:11 R4:156560 R5:4716 R6:7772 R7:3420
[LOG_TRACE] 003420 041415: bic (R4), (R5)
[LOG_TRACE] R0:3420 R1:3450 R2:0 R3:11 R4:156560 R5:4716 R6:7772 R7:3422
[LOG_TRACE] 003422 160104: sub R1, R4
[LOG_TRACE] R0:3420 R1:3450 R2:0 R3:11 R4:153110 R5:4716 R6:7772 R7:3424
[LOG_TRACE] 003424 100000: bpl 003426
[LOG_TRACE] R0:3420 R1:3450 R2:0 R3:11 R4:153110 R5:4716 R6:7772 R7:3426
[LOG_TRACE] 003426 000100: jmp R0
[LOG_TRACE] R0:3420 R1:3450 R2:0 R3:11 R4:153110 R5:4716 R6:7772 R7:3420
[LOG_TRACE] 003420 041415: bic (R4), (R5)
[LOG_TRACE] R0:3420 R1:3450 R2:0 R3:11 R4:153110 R5:4716 R6:7772 R7:3422
[LOG_TRACE] 003422 160104: sub R1, R4
[LOG_TRACE] R0:3420 R1:3450 R2:0 R3:11 R4:147440 R5:4716 R6:7772 R7:3424
[LOG_TRACE] 003424 100000: bpl 003426
[LOG_TRACE] R0:3420 R1:3450 R2:0 R3:11 R4:147440 R5:4716 R6:7772 R7:3426
[LOG_TRACE] 003426 000100: jmp R0
[LOG_TRACE] R0:3420 R1:3450 R2:0 R3:11 R4:147440 R5:4716 R6:7772 R7:3420
[LOG_TRACE] 003420 041415: bic (R4), (R5)
[LOG_TRACE] R0:3420 R1:3450 R2:0 R3:11 R4:147440 R5:4716 R6:7772 R7:3422
[LOG_TRACE] 003422 160104: sub R1, R4
[LOG_TRACE] R0:3420 R1:3450 R2:0 R3:11 R4:143770 R5:4716 R6:7772 R7:3424
[LOG_TRACE] 003424 100000: bpl 003426
[LOG_TRACE] R0:3420 R1:3450 R2:0 R3:11 R4:143770 R5:4716 R6:7772 R7:3426
[LOG_TRACE] 003426 000100: jmp R0
[LOG_TRACE] R0:3420 R1:3450 R2:0 R3:11 R4:143770 R5:4716 R6:7772 R7:3420
[LOG_TRACE] 003420 041415: bic (R4), (R5)
[LOG_TRACE] R0:3420 R1:3450 R2:0 R3:11 R4:143770 R5:4716 R6:7772 R7:3422
[LOG_TRACE] 003422 160104: sub R1, R4
[LOG_TRACE] R0:3420 R1:3450 R2:0 R3:11 R4:140320 R5:4716 R6:7772 R7:3424
[LOG_TRACE] 003424 100000: bpl 003426
[LOG_TRACE] R0:3420 R1:3450 R2:0 R3:11 R4:140320 R5:4716 R6:7772 R7:3426
[LOG_TRACE] 003426 000100: jmp R0
[LOG_TRACE] R0:3420 R1:3450 R2:0 R3:11 R4:140320 R5:4716 R6:7772 R7:3420
[LOG_TRACE] 003420 041415: bic (R4), (R5)
[LOG_TRACE] R0:3420 R1:3450 R2:0 R3:11 R4:140320 R5:4716 R6:7772 R7:3422
[LOG_TRACE] 003422 160104: sub R1, R4
[LOG_TRACE] R0:3420 R1:3450 R2:0 R3:11 R4:134650 R5:4716 R6:7772 R7:3424
[LOG_TRACE] 003424 100000: bpl 003426
[LOG_TRACE] R0:3420 R1:3450 R2:0 R3:11 R4:134650 R5:4716 R6:7772 R7:3426
[LOG_TRACE] 003426 000100: jmp R0
[LOG_TRACE] R0:3420 R1:3450 R2:0 R3:11 R4:134650 R5:4716 R6:7772 R7:3420
[LOG_TRACE] 003420 041415: bic (R4), (R5)
[LOG_TRACE] R0:3420 R1:3450 R2:0 R3:11 R4:134650 R5:4716 R6:7772 R7:3422
[LOG_TRACE] 003422 160104: sub R1, R4
[LOG_TRACE] R0:3420 R1:3450 R2:0 R3:11 R4:131200 R5:4716 R6:7772 R7:3424
[LOG_TRACE] 003424 100000: bpl 003426
[LOG_TRACE] R0:3420 R1:3450 R2:0 R3:11 R4:131200 R5:4716 R6:7772 R7:3426
[LOG_TRACE] 003426 000100: jmp R0
[LOG_TRACE] R0:3420 R1:3450 R2:0 R3:11 R4:131200 R5:4716 R6:7772 R7:3420
[LOG_TRACE] 003420 041415: bic (R4), (R5)
[LOG_TRACE] R0:3420 R1:3450 R2:0 R3:11 R4:131200 R5:4716 R6:7772 R7:3422
[LOG_TRACE] 003422 160104: sub R1, R4
[LOG_TRACE] R0:3420 R1:3450 R2:0 R3:11 R4:125530 R5:4716 R6:7772 R7:3424
[LOG_TRACE] 003424 100000: bpl 003426
[LOG_TRACE] R0:3420 R1:3450 R2:0 R3:11 R4:125530 R5:4716 R6:7772 R7:3426
[LOG_TRACE] 003426 000100: jmp R0
[LOG_TRACE] R0:3420 R1:3450 R2:0 R3:11 R4:125530 R5:4716 R6:7772 R7:3420
[LOG_TRACE] 003420 041415: bic (R4), (R5)
[LOG_TRACE] R0:3420 R1:3450 R2:0 R3:11 R4:125530 R5:4716 R6:7772 R7:3422
[LOG_TRACE] 003422 160104: sub R1, R4
[LOG_TRACE] R0:3420 R1:3450 R2:0 R3:11 R4:122060 R5:4716 R6:7772 R7:3424
[LOG_TRACE] 003424 100000: bpl 003426
[LOG_TRACE] R0:3420 R1:3450 R2:0 R3:11 R4:122060 R5:4716 R6:7772 R7:3426
[LOG_TRACE] 003426 000100: jmp R0
[LOG_TRACE] R0:3420 R1:3450 R2:0 R3:11 R4:122060 R5:4716 R6:7772 R7:3420
[LOG_TRACE] 003420 041415: bic (R4), (R5)
[LOG_TRACE] R0:3420 R1:3450 R2:0 R3:11 R4:122060 R5:4716 R6:7772 R7:3422
[LOG_TRACE] 003422 160104: sub R1, R4
[LOG_TRACE] R0:3420 R1:3450 R2:0 R3:11 R4:116410 R5:4716 R6:7772 R7:3424
[LOG_TRACE] 003424 100000: bpl 003426
[LOG_TRACE] R0:3420 R1:3450 R2:0 R3:11 R4:116410 R5:4716 R6:7772 R7:3426
[LOG_TRACE] 003426 000100: jmp R0
[LOG_TRACE] R0:3420 R1:3450 R2:0 R3:11 R4:116410 R5:4716 R6:7772 R7:3420
[LOG_TRACE] 003420 041415: bic (R4), (R5)
[LOG_TRACE] R0:3420 R1:3450 R2:0 R3:11 R4:116410 R5:4716 R6:7772 R7:3422
[LOG_TRACE] 003422 160104: sub R1, R4
[LOG_TRACE] R0:3420 R1:3450 R2:0 R3:11 R4:112740 R5:4716 R6:7772 R7:3424
[LOG_TRACE] 003424 100000: bpl 003426
[LOG_TRACE] R0:3420 R1:3450 R2:0 R3:11 R4:112740 R5:4716 R6:7772 R7:3426
[LOG_TRACE] 003426 000100: jmp R0
[LOG_TRACE] R0:3420 R1:3450 R2:0 R3:11 R4:112740 R5:4716 R6:7772 R7:3420
[LOG_TRACE] 003420 041415: bic (R4), (R5)
[LOG_TRACE] R0:3420 R1:3450 R2:0 R3:11 R4:112740 R5:4716 R6:7772 R7:3422
[LOG_TRACE] 003422 160104: sub R1, R4
[LOG_TRACE] R0:3420 R1:3450 R2:0 R3:11 R4:107270 R5:4716 R6:7772 R7:3424
[LOG_TRACE] 003424 100000: bpl 003426
[LOG_TRACE] R0:3420 R1:3450 R2:0 R3:11 R4:107270 R5:4716 R6:7772 R7:3426
[LOG_TRACE] 003426 000100: jmp R0
[LOG_TRACE] R0:3420 R1:3450 R2:0 R3:11 R4:107270 R5:4716 R6:7772 R7:3420
[LOG_TRACE] 003420 041415: bic (R4), (R5)
[LOG_TRACE] R0:3420 R1:3450 R2:0 R3:11 R4:107270 R5:4716 R6:7772 R7:3422
[LOG_TRACE] 003422 160104: sub R1, R4
[LOG_TRACE] R0:3420 R1:3450 R2:0 R3:11 R4:103620 R5:4716 R6:7772 R7:3424
[LOG_TRACE] 003424 100000: bpl 003426
[LOG_TRACE] R0:3420 R1:3450 R2:0 R3:11 R4:103620 R5:4716 R6:7772 R7:3426
[LOG_TRACE] 003426 000100: jmp R0
[LOG_TRACE] R0:3420 R1:3450 R2:0 R3:11 R4:103620 R5:4716 R6:7772 R7:3420
[LOG_TRACE] 003420 041415: bic (R4), (R5)
[LOG_TRACE] R0:3420 R1:3450 R2:0 R3:11 R4:103620 R5:4716 R6:7772 R7:3422
[LOG_TRACE] 003422 160104: sub R1, R4
[LOG_TRACE] R0:3420 R1:3450 R2:0 R3:11 R4:100150 R5:4716 R6:7772 R7:3424
[LOG_TRACE] 003424 100000: bpl 003426
[LOG_TRACE] R0:3420 R1:3450 R2:0 R3:11 R4:100150 R5:4716 R6:7772 R7:3426
[LOG_TRACE] 003426 000100: jmp R0
[LOG_TRACE] R0:3420 R1:3450 R2:0 R3:11 R4:100150 R5:4716 R6:7772 R7:3420
[LOG_TRACE] 003420 041415: bic (R4), (R5)
[LOG_TRACE] R0:3420 R1:3450 R2:0 R3:11 R4:100150 R5:4716 R6:7772 R7:3422
[LOG_TRACE] 003422 160104: sub R1, R4
[LOG_TRACE] R0:3420 R1:3450 R2:0 R3:11 R4:74500 R5:4716 R6:7772 R7:3424
[LOG_TRACE] 003424 100000: bpl 003426
[LOG_TRACE] R0:3420 R1:3450 R2:0 R3:11 R4:74500 R5:4716 R6:7772 R7:3426
[LOG_TRACE] 003426 000100: jmp R0
[LOG_TRACE] R0:3420 R1:3450 R2:0 R3:11 R4:74500 R5:4716 R6:7772 R7:3420
[LOG_TRACE] 003420 041415: bic (R4), (R5)
[LOG_TRACE] R0:3420 R1:3450 R2:0 R3:11 R4:74500 R5:4716 R6:7772 R7:3422
[LOG_TRACE] 003422 160104: sub R1, R4
[LOG_TRACE] R0:3420 R1:3450 R2:0 R3:11 R4:71030 R5:4716 R6:7772 R7:3424
[LOG_TRACE] 003424 100000: bpl 003426
[LOG_TRACE] R0:3420 R1:3450 R2:0 R3:11 R4:71030 R5:4716 R6:7772 R7:3426
[LOG_TRACE] 003426 000100: jmp R0
[LOG_TRACE] R0:3420 R1:3450 R2:0 R3:11 R4:71030 R5:4716 R6:7772 R7:3420
[LOG_TRACE] 003420 041415: bic (R4), (R5)
[LOG_TRACE] R0:3420 R1:3450 R2:0 R3:11 R4:71030 R5:4716 R6:7772 R7:3422
[LOG_TRACE] 003422 160104: sub R1, R4
[LOG_TRACE] R0:3420 R1:3450 R2:0 R3:11 R4:65360 R5:4716 R6:7772 R7:3424
[LOG_TRACE] 003424 100000: bpl 003426
[LOG_TRACE] R0:3420 R1:3450 R2:0 R3:11 R4:65360 R5:4716 R6:7772 R7:3426
[LOG_TRACE] 003426 000100: jmp R0
[LOG_TRACE] R0:3420 R1:3450 R2:0 R3:11 R4:65360 R5:4716 R6:7772 R7:3420
[LOG_TRACE] 003420 041415: bic (R4), (R5)
[LOG_TRACE] R0:3420 R1:3450 R2:0 R3:11 R4:65360 R5:4716 R6:7772 R7:3422
[LOG_TRACE] 003422 160104: sub R1, R4
[LOG_TRACE] R0:3420 R1:3450 R2:0 R3:11 R4:61710 R5:4716 R6:7772 R7:3424
[LOG_TRACE] 003424 100000: bpl 003426
[LOG_TRACE] R0:3420 R1:3450 R2:0 R3:11 R4:61710 R5:4716 R6:7772 R7:3426
[LOG_TRACE] 003426 000100: jmp R0
[LOG_TRACE] R0:3420 R1:3450 R2:0 R3:11 R4:61710 R5:4716 R6:7772 R7:3420
[LOG_TRACE] 003420 041415: bic (R4), (R5)
[LOG_TRACE] R0:3420 R1:3450 R2:0 R3:11 R4:61710 R5:4716 R6:7772 R7:3422
[LOG_TRACE] 003422 160104: sub R1, R4
[LOG_TRACE] R0:3420 R1:3450 R2:0 R3:11 R4:56240 R5:4716 R6:7772 R7:3424
[LOG_TRACE] 003424 100000: bpl 003426
[LOG_TRACE] R0:3420 R1:3450 R2:0 R3:11 R4:56240 R5:4716 R6:7772 R7:3426
[LOG_TRACE] 003426 000100: jmp R0
[LOG_TRACE] R0:3420 R1:3450 R2:0 R3:11 R4:56240 R5:4716 R6:7772 R7:3420
[LOG_TRACE] 003420 041415: bic (R4), (R5)
[LOG_TRACE] R0:3420 R1:3450 R2:0 R3:11 R4:56240 R5:4716 R6:7772 R7:3422
[LOG_TRACE] 003422 160104: sub R1, R4
[LOG_TRACE] R0:3420 R1:3450 R2:0 R3:11 R4:52570 R5:4716 R6:7772 R7:3424
[LOG_TRACE] 003424 100000: bpl 003426
[LOG_TRACE] R0:3420 R1:3450 R2:0 R3:11 R4:52570 R5:4716 R6:7772 R7:3426
[LOG_TRACE] 003426 000100: jmp R0
[LOG_TRACE] R0:3420 R1:3450 R2:0 R3:11 R4:52570 R5:4716 R6:7772 R7:3420
[LOG_TRACE] 003420 041415: bic (R4), (R5)
[LOG_TRACE] R0:3420 R1:3450 R2:0 R3:11 R4:52570 R5:4716 R6:7772 R7:3422
[LOG_TRACE] 003422 160104: sub R1, R4
[LOG_TRACE] R0:3420 R1:3450 R2:0 R3:11 R4:47120 R5:4716 R6:7772 R7:3424
[LOG_TRACE] 003424 100000: bpl 003426
[LOG_TRACE] R0:3420 R1:3450 R2:0 R3:11 R4:47120 R5:4716 R6:7772 R7:3426
[LOG_TRACE] 003426 000100: jmp R0
[LOG_TRACE] R0:3420 R1:3450 R2:0 R3:11 R4:47120 R5:4716 R6:7772 R7:3420
[LOG_TRACE] 003420 041415: bic (R4), (R5)
[LOG_TRACE] R0:3420 R1:3450 R2:0 R3:11 R4:47120 R5:4716 R6:7772 R7:3422
[LOG_TRACE] 003422 160104: sub R1, R4
[LOG_TRACE] R0:3420 R1:3450 R2:0 R3:11 R4:43450 R5:4716 R6:7772 R7:3424
[LOG_TRACE] 003424 100000: bpl 003426
[LOG_TRACE] R0:3420 R1:3450 R2:0 R3:11 R4:43450 R5:4716 R6:7772 R7:3426
[LOG_TRACE] 003426 000100: jmp R0
[LOG_TRACE] R0:3420 R1:3450 R2:0 R3:11 R4:43450 R5:4716 R6:7772 R7:3420
[LOG_TRACE] 003420 041415: bic (R4), (R5)
[LOG_TRACE] R0:3420 R1:3450 R2:0 R3:11 R4:43450 R5:4716 R6:7772 R7:3422
[LOG_TRACE] 003422 160104: sub R1, R4
[LOG_TRACE] R0:3420 R1:3450 R2:0 R3:11 R4:40000 R5:4716 R6:7772 R7:3424
[LOG_TRACE] 003424 100000: bpl 003426
[LOG_TRACE] R0:3420 R1:3450 R2:0 R3:11 R4:40000 R5:4716 R6:7772 R7:3426
[LOG_TRACE] 003426 000100: jmp R0
[LOG_TRACE] R0:3420 R1:3450 R2:0 R3:11 R4:40000 R5:4716 R6:7772 R7:3420
[LOG_TRACE] 003420 041415: bic (R4), (R5)
[LOG_TRACE] R0:3420 R1:3450 R2:0 R3:11 R4:40000 R5:4716 R6:7772 R7:3422
[LOG_TRACE] 003422 160104: sub R1, R4
[LOG_TRACE] R0:3420 R1:3450 R2:0 R3:11 R4:34330 R5:4716 R6:7772 R7:3424
[LOG_TRACE] 003424 100000: bpl 003426
[LOG_TRACE] R0:3420 R1:3450 R2:0 R3:11 R4:34330 R5:4716 R6:7772 R7:3426
[LOG_TRACE] 003426 000100: jmp R0
[LOG_TRACE] R0:3420 R1:3450 R2:0 R3:11 R4:34330 R5:4716 R6:7772 R7:3420
[LOG_TRACE] 003420 041415: bic (R4), (R5)
[LOG_TRACE] R0:3420 R1:3450 R2:0 R3:11 R4:34330 R5:4716 R6:7772 R7:3422
[LOG_TRACE] 003422 160104: sub R1, R4
[LOG_TRACE] R0:3420 R1:3450 R2:0 R3:11 R4:30660 R5:4716 R6:7772 R7:3424
[LOG_TRACE] 003424 100000: bpl 003426
[LOG_TRACE] R0:3420 R1:3450 R2:0 R3:11 R4:30660 R5:4716 R6:7772 R7:3426
[LOG_TRACE] 003426 000100: jmp R0
[LOG_TRACE] R0:3420 R1:3450 R2:0 R3:11 R4:30660 R5:4716 R6:7772 R7:3420
[LOG_TRACE] 003420 041415: bic (R4), (R5)
[LOG_TRACE] R0:3420 R1:3450 R2:0 R3:11 R4:30660 R5:4716 R6:7772 R7:3422
[LOG_TRACE] 003422 160104: sub R1, R4
[LOG_TRACE] R0:3420 R1:3450 R2:0 R3:11 R4:25210 R5:4716 R6:7772 R7:3424
[LOG_TRACE] 003424 100000: bpl 003426
[LOG_TRACE] R0:3420 R1:3450 R2:0 R3:11 R4:25210 R5:4716 R6:7772 R7:3426
[LOG_TRACE] 003426 000100: jmp R0
[LOG_TRACE] R0:3420 R1:3450 R2:0 R3:11 R4:25210 R5:4716 R6:7772 R7:3420
[LOG_TRACE] 003420 041415: bic (R4), (R5)
[LOG_TRACE] R0:3420 R1:3450 R2:0 R3:11 R4:25210 R5:4716 R6:7772 R7:3422
[LOG_TRACE] 003422 160104: sub R1, R4
[LOG_TRACE] R0:3420 R1:3450 R2:0 R3:11 R4:21540 R5:4716 R6:7772 R7:3424
[LOG_TRACE] 003424 100000: bpl 003426
[LOG_TRACE] R0:3420 R1:3450 R2:0 R3:11 R4:21540 R5:4716 R6:7772 R7:3426
[LOG_TRACE] 003426 000100: jmp R0
[LOG_TRACE] R0:3420 R1:3450 R2:0 R3:11 R4:21540 R5:4716 R6:7772 R7:3420
[LOG_TRACE] 003420 041415: bic (R4), (R5)
[LOG_TRACE] R0:3420 R1:3450 R2:0 R3:11 R4:21540 R5:4716 R6:7772 R7:3422
[LOG_TRACE] 003422 160104: sub R1, R4
[LOG_TRACE] R0:3420 R1:3450 R2:0 R3:11 R4:16070 R5:4716 R6:7772 R7:3424
[LOG_TRACE] 003424 100000: bpl 003426
[LOG_TRACE] R0:3420 R1:3450 R2:0 R3:11 R4:16070 R5:4716 R6:7772 R7:3426
[LOG_TRACE] 003426 000100: jmp R0
[LOG_TRACE] R0:3420 R1:3450 R2:0 R3:11 R4:16070 R5:4716 R6:7772 R7:3420
[LOG_TRACE] 003420 041415: bic (R4), (R5)
[LOG_TRACE] R0:3420 R1:3450 R2:0 R3:11 R4:16070 R5:4716 R6:7772 R7:3422
[LOG_TRACE] 003422 160104: sub R1, R4
[LOG_TRACE] R0:3420 R1:3450 R2:0 R3:11 R4:12420 R5:4716 R6:7772 R7:3424
[LOG_TRACE] 003424 100000: bpl 003426
[LOG_TRACE] R0:3420 R1:3450 R2:0 R3:11 R4:12420 R5:4716 R6:7772 R7:3426
[LOG_TRACE] 003426 000100: jmp R0
[LOG_TRACE] R0:3420 R1:3450 R2:0 R3:11 R4:12420 R5:4716 R6:7772 R7:3420
[LOG_TRACE] 003420 041415: bic (R4), (R5)
[LOG_TRACE] R0:3420 R1:3450 R2:0 R3:11 R4:12420 R5:4716 R6:7772 R7:3422
[LOG_TRACE] 003422 160104: sub R1, R4
[LOG_TRACE] R0:3420 R1:3450 R2:0 R3:11 R4:6750 R5:4716 R6:7772 R7:3424
[LOG_TRACE] 003424 100000: bpl 003426
[LOG_TRACE] R0:3420 R1:3450 R2:0 R3:11 R4:6750 R5:4716 R6:7772 R7:3426
[LOG_TRACE] 003426 000100: jmp R0
[LOG_TRACE] R0:3420 R1:3450 R2:0 R3:11 R4:6750 R5:4716 R6:7772 R7:3420
[LOG_TRACE] 003420 041415: bic (R4), (R5)
[LOG_TRACE] R0:3420 R1:3450 R2:0 R3:11 R4:6750 R5:4716 R6:7772 R7:3422
[LOG_TRACE] 003422 160104: sub R1, R4
[LOG_TRACE] R0:3420 R1:3450 R2:0 R3:11 R4:3300 R5:4716 R6:7772 R7:3424
[LOG_TRACE] 003424 100000: bpl 003426
[LOG_TRACE] R0:3420 R1:3450 R2:0 R3:11 R4:3300 R5:4716 R6:7772 R7:3426
[LOG_TRACE] 003426 000100: jmp R0
[LOG_TRACE] R0:3420 R1:3450 R2:0 R3:11 R4:3300 R5:4716 R6:7772 R7:3420
[LOG_TRACE] 003420 041415: bic (R4), (R5)
[LOG_TRACE] R0:3420 R1:3450 R2:0 R3:11 R4:3300 R5:4716 R6:7772 R7:3422
[LOG_TRACE] 003422 160104: sub R1, R4
[LOG_TRACE] R0:3420 R1:3450 R2:0 R3:11 R4:177630 R5:4716 R6:7772 R7:3424
[LOG_TRACE] 003424 100000: bpl 003426
[LOG_TRACE] R0:3420 R1:3450 R2:0 R3:11 R4:177630 R5:4716 R6:7772 R7:3426
[LOG_TRACE] 003426 000100: jmp R0
[LOG_TRACE] R0:3420 R1:3450 R2:0 R3:11 R4:177630 R5:4716 R6:7772 R7:3420
[LOG_TRACE] >>> BUS ERROR TRAP: Saving context and branching to Vector 4...
[LOG_TRACE] 003172 005011: clr (R1)
[LOG_TRACE] R0:3420 R1:3450 R2:0 R3:11 R4:177630 R5:4716 R6:7766 R7:3174
[LOG_TRACE] 003174 000002: rti (R4), (R1)
[LOG_TRACE] >>> RTI: Returned from interrupt. Restored PC: 003422
[LOG_TRACE] R0:3420 R1:3450 R2:0 R3:11 R4:177630 R5:4716 R6:7772 R7:3422
[LOG_TRACE] 003422 160104: sub R1, R4
[LOG_TRACE] R0:3420 R1:3450 R2:0 R3:11 R4:174160 R5:4716 R6:7772 R7:3424
[LOG_TRACE] 003424 100000: bpl 003426
[LOG_TRACE] R0:3420 R1:3450 R2:0 R3:11 R4:174160 R5:4716 R6:7772 R7:3426
[LOG_TRACE] 003426 000100: jmp R0
[LOG_TRACE] R0:3420 R1:3450 R2:0 R3:11 R4:174160 R5:4716 R6:7772 R7:3420
[LOG_TRACE] >>> BUS ERROR TRAP: Saving context and branching to Vector 4...
[LOG_TRACE] 003172 005011: clr (R1)
[LOG_TRACE] R0:3420 R1:3450 R2:0 R3:11 R4:174160 R5:4716 R6:7766 R7:3174
[LOG_TRACE] 003174 000002: rti (R4), (R1)
[LOG_TRACE] >>> RTI: Returned from interrupt. Restored PC: 003422
[LOG_TRACE] R0:3420 R1:3450 R2:0 R3:11 R4:174160 R5:4716 R6:7772 R7:3422
[LOG_TRACE] 003422 160104: sub R1, R4
[LOG_TRACE] R0:3420 R1:3450 R2:0 R3:11 R4:170510 R5:4716 R6:7772 R7:3424
[LOG_TRACE] 003424 100000: bpl 003426
[LOG_TRACE] R0:3420 R1:3450 R2:0 R3:11 R4:170510 R5:4716 R6:7772 R7:3426
[LOG_TRACE] 003426 000100: jmp R0
[LOG_TRACE] R0:3420 R1:3450 R2:0 R3:11 R4:170510 R5:4716 R6:7772 R7:3420
[LOG_TRACE] >>> BUS ERROR TRAP: Saving context and branching to Vector 4...
[LOG_TRACE] 003172 005011: clr (R1)
[LOG_TRACE] R0:3420 R1:3450 R2:0 R3:11 R4:170510 R5:4716 R6:7766 R7:3174
[LOG_TRACE] 003174 000002: rti (R4), (R1)
[LOG_TRACE] >>> RTI: Returned from interrupt. Restored PC: 003422
[LOG_TRACE] R0:3420 R1:3450 R2:0 R3:11 R4:170510 R5:4716 R6:7772 R7:3422
[LOG_TRACE] 003422 160104: sub R1, R4
[LOG_TRACE] R0:3420 R1:3450 R2:0 R3:11 R4:165040 R5:4716 R6:7772 R7:3424
[LOG_TRACE] 003424 100000: bpl 003426
[LOG_TRACE] R0:3420 R1:3450 R2:0 R3:11 R4:165040 R5:4716 R6:7772 R7:3426
[LOG_TRACE] 003426 000100: jmp R0
[LOG_TRACE] R0:3420 R1:3450 R2:0 R3:11 R4:165040 R5:4716 R6:7772 R7:3420
[LOG_TRACE] >>> BUS ERROR TRAP: Saving context and branching to Vector 4...
[LOG_TRACE] 003172 005011: clr (R1)
[LOG_TRACE] R0:3420 R1:3450 R2:0 R3:11 R4:165040 R5:4716 R6:7766 R7:3174
[LOG_TRACE] 003174 000002: rti (R4), (R1)
[LOG_TRACE] >>> RTI: Returned from interrupt. Restored PC: 003422
[LOG_TRACE] R0:3420 R1:3450 R2:0 R3:11 R4:165040 R5:4716 R6:7772 R7:3422
[LOG_TRACE] 003422 160104: sub R1, R4
[LOG_TRACE] R0:3420 R1:3450 R2:0 R3:11 R4:161370 R5:4716 R6:7772 R7:3424
[LOG_TRACE] 003424 100000: bpl 003426
[LOG_TRACE] R0:3420 R1:3450 R2:0 R3:11 R4:161370 R5:4716 R6:7772 R7:3426
[LOG_TRACE] 003426 000100: jmp R0
[LOG_TRACE] R0:3420 R1:3450 R2:0 R3:11 R4:161370 R5:4716 R6:7772 R7:3420
[LOG_TRACE] >>> BUS ERROR TRAP: Saving context and branching to Vector 4...
[LOG_TRACE] 003172 005011: clr (R1)
[LOG_TRACE] R0:3420 R1:3450 R2:0 R3:11 R4:161370 R5:4716 R6:7766 R7:3174
[LOG_TRACE] 003174 000002: rti (R4), (R1)
[LOG_TRACE] >>> RTI: Returned from interrupt. Restored PC: 003422
[LOG_TRACE] R0:3420 R1:3450 R2:0 R3:11 R4:161370 R5:4716 R6:7772 R7:3422
[LOG_TRACE] 003422 160104: sub R1, R4
[LOG_TRACE] R0:3420 R1:3450 R2:0 R3:11 R4:155720 R5:4716 R6:7772 R7:3424
[LOG_TRACE] 003424 100000: bpl 003426
[LOG_TRACE] R0:3420 R1:3450 R2:0 R3:11 R4:155720 R5:4716 R6:7772 R7:3426
[LOG_TRACE] 003426 000100: jmp R0
[LOG_TRACE] R0:3420 R1:3450 R2:0 R3:11 R4:155720 R5:4716 R6:7772 R7:3420
[LOG_TRACE] 003420 041415: bic (R4), (R5)
[LOG_TRACE] R0:3420 R1:3450 R2:0 R3:11 R4:155720 R5:4716 R6:7772 R7:3422
[LOG_TRACE] 003422 160104: sub R1, R4
[LOG_TRACE] R0:3420 R1:3450 R2:0 R3:11 R4:152250 R5:4716 R6:7772 R7:3424
[LOG_TRACE] 003424 100000: bpl 003426
[LOG_TRACE] R0:3420 R1:3450 R2:0 R3:11 R4:152250 R5:4716 R6:7772 R7:3426
[LOG_TRACE] 003426 000100: jmp R0
[LOG_TRACE] R0:3420 R1:3450 R2:0 R3:11 R4:152250 R5:4716 R6:7772 R7:3420
[LOG_TRACE] 003420 041415: bic (R4), (R5)
[LOG_TRACE] R0:3420 R1:3450 R2:0 R3:11 R4:152250 R5:4716 R6:7772 R7:3422
[LOG_TRACE] 003422 160104: sub R1, R4
[LOG_TRACE] R0:3420 R1:3450 R2:0 R3:11 R4:146600 R5:4716 R6:7772 R7:3424
[LOG_TRACE] 003424 100000: bpl 003426
[LOG_TRACE] R0:3420 R1:3450 R2:0 R3:11 R4:146600 R5:4716 R6:7772 R7:3426
[LOG_TRACE] 003426 000100: jmp R0
[LOG_TRACE] R0:3420 R1:3450 R2:0 R3:11 R4:146600 R5:4716 R6:7772 R7:3420
[LOG_TRACE] 003420 041415: bic (R4), (R5)
[LOG_TRACE] R0:3420 R1:3450 R2:0 R3:11 R4:146600 R5:4716 R6:7772 R7:3422
[LOG_TRACE] 003422 160104: sub R1, R4
[LOG_TRACE] R0:3420 R1:3450 R2:0 R3:11 R4:143130 R5:4716 R6:7772 R7:3424
[LOG_TRACE] 003424 100000: bpl 003426
[LOG_TRACE] R0:3420 R1:3450 R2:0 R3:11 R4:143130 R5:4716 R6:7772 R7:3426
[LOG_TRACE] 003426 000100: jmp R0
[LOG_TRACE] R0:3420 R1:3450 R2:0 R3:11 R4:143130 R5:4716 R6:7772 R7:3420
[LOG_TRACE] 003420 041415: bic (R4), (R5)
[LOG_TRACE] R0:3420 R1:3450 R2:0 R3:11 R4:143130 R5:4716 R6:7772 R7:3422
[LOG_TRACE] 003422 160104: sub R1, R4
[LOG_TRACE] R0:3420 R1:3450 R2:0 R3:11 R4:137460 R5:4716 R6:7772 R7:3424
[LOG_TRACE] 003424 100000: bpl 003426
[LOG_TRACE] R0:3420 R1:3450 R2:0 R3:11 R4:137460 R5:4716 R6:7772 R7:3426
[LOG_TRACE] 003426 000100: jmp R0
[LOG_TRACE] R0:3420 R1:3450 R2:0 R3:11 R4:137460 R5:4716 R6:7772 R7:3420
[LOG_TRACE] 003420 041415: bic (R4), (R5)
[LOG_TRACE] R0:3420 R1:3450 R2:0 R3:11 R4:137460 R5:4716 R6:7772 R7:3422
[LOG_TRACE] 003422 160104: sub R1, R4
[LOG_TRACE] R0:3420 R1:3450 R2:0 R3:11 R4:134010 R5:4716 R6:7772 R7:3424
[LOG_TRACE] 003424 100000: bpl 003426
[LOG_TRACE] R0:3420 R1:3450 R2:0 R3:11 R4:134010 R5:4716 R6:7772 R7:3426
[LOG_TRACE] 003426 000100: jmp R0
[LOG_TRACE] R0:3420 R1:3450 R2:0 R3:11 R4:134010 R5:4716 R6:7772 R7:3420
[LOG_TRACE] 003420 041415: bic (R4), (R5)
[LOG_TRACE] R0:3420 R1:3450 R2:0 R3:11 R4:134010 R5:4716 R6:7772 R7:3422
[LOG_TRACE] 003422 160104: sub R1, R4
[LOG_TRACE] R0:3420 R1:3450 R2:0 R3:11 R4:130340 R5:4716 R6:7772 R7:3424
[LOG_TRACE] 003424 100000: bpl 003426
[LOG_TRACE] R0:3420 R1:3450 R2:0 R3:11 R4:130340 R5:4716 R6:7772 R7:3426
[LOG_TRACE] 003426 000100: jmp R0
[LOG_TRACE] R0:3420 R1:3450 R2:0 R3:11 R4:130340 R5:4716 R6:7772 R7:3420
[LOG_TRACE] 003420 041415: bic (R4), (R5)
[LOG_TRACE] R0:3420 R1:3450 R2:0 R3:11 R4:130340 R5:4716 R6:7772 R7:3422
[LOG_TRACE] 003422 160104: sub R1, R4
[LOG_TRACE] R0:3420 R1:3450 R2:0 R3:11 R4:124670 R5:4716 R6:7772 R7:3424
[LOG_TRACE] 003424 100000: bpl 003426
[LOG_TRACE] R0:3420 R1:3450 R2:0 R3:11 R4:124670 R5:4716 R6:7772 R7:3426
[LOG_TRACE] 003426 000100: jmp R0
[LOG_TRACE] R0:3420 R1:3450 R2:0 R3:11 R4:124670 R5:4716 R6:7772 R7:3420
[LOG_TRACE] 003420 041415: bic (R4), (R5)
[LOG_TRACE] R0:3420 R1:3450 R2:0 R3:11 R4:124670 R5:4716 R6:7772 R7:3422
[LOG_TRACE] 003422 160104: sub R1, R4
[LOG_TRACE] R0:3420 R1:3450 R2:0 R3:11 R4:121220 R5:4716 R6:7772 R7:3424
[LOG_TRACE] 003424 100000: bpl 003426
[LOG_TRACE] R0:3420 R1:3450 R2:0 R3:11 R4:121220 R5:4716 R6:7772 R7:3426
[LOG_TRACE] 003426 000100: jmp R0
[LOG_TRACE] R0:3420 R1:3450 R2:0 R3:11 R4:121220 R5:4716 R6:7772 R7:3420
[LOG_TRACE] 003420 041415: bic (R4), (R5)
[LOG_TRACE] R0:3420 R1:3450 R2:0 R3:11 R4:121220 R5:4716 R6:7772 R7:3422
[LOG_TRACE] 003422 160104: sub R1, R4
[LOG_TRACE] R0:3420 R1:3450 R2:0 R3:11 R4:115550 R5:4716 R6:7772 R7:3424
[LOG_TRACE] 003424 100000: bpl 003426
[LOG_TRACE] R0:3420 R1:3450 R2:0 R3:11 R4:115550 R5:4716 R6:7772 R7:3426
[LOG_TRACE] 003426 000100: jmp R0
[LOG_TRACE] R0:3420 R1:3450 R2:0 R3:11 R4:115550 R5:4716 R6:7772 R7:3420
[LOG_TRACE] 003420 041415: bic (R4), (R5)
[LOG_TRACE] R0:3420 R1:3450 R2:0 R3:11 R4:115550 R5:4716 R6:7772 R7:3422
[LOG_TRACE] 003422 160104: sub R1, R4
[LOG_TRACE] R0:3420 R1:3450 R2:0 R3:11 R4:112100 R5:4716 R6:7772 R7:3424
[LOG_TRACE] 003424 100000: bpl 003426
[LOG_TRACE] R0:3420 R1:3450 R2:0 R3:11 R4:112100 R5:4716 R6:7772 R7:3426
[LOG_TRACE] 003426 000100: jmp R0
[LOG_TRACE] R0:3420 R1:3450 R2:0 R3:11 R4:112100 R5:4716 R6:7772 R7:3420
[LOG_TRACE] 003420 041415: bic (R4), (R5)
[LOG_TRACE] R0:3420 R1:3450 R2:0 R3:11 R4:112100 R5:4716 R6:7772 R7:3422
[LOG_TRACE] 003422 160104: sub R1, R4
[LOG_TRACE] R0:3420 R1:3450 R2:0 R3:11 R4:106430 R5:4716 R6:7772 R7:3424
[LOG_TRACE] 003424 100000: bpl 003426
[LOG_TRACE] R0:3420 R1:3450 R2:0 R3:11 R4:106430 R5:4716 R6:7772 R7:3426
[LOG_TRACE] 003426 000100: jmp R0
[LOG_TRACE] R0:3420 R1:3450 R2:0 R3:11 R4:106430 R5:4716 R6:7772 R7:3420
[LOG_TRACE] 003420 041415: bic (R4), (R5)
[LOG_TRACE] R0:3420 R1:3450 R2:0 R3:11 R4:106430 R5:4716 R6:7772 R7:3422
[LOG_TRACE] 003422 160104: sub R1, R4
[LOG_TRACE] R0:3420 R1:3450 R2:0 R3:11 R4:102760 R5:4716 R6:7772 R7:3424
[LOG_TRACE] 003424 100000: bpl 003426
[LOG_TRACE] R0:3420 R1:3450 R2:0 R3:11 R4:102760 R5:4716 R6:7772 R7:3426
[LOG_TRACE] 003426 000100: jmp R0
[LOG_TRACE] R0:3420 R1:3450 R2:0 R3:11 R4:102760 R5:4716 R6:7772 R7:3420
[LOG_TRACE] 003420 041415: bic (R4), (R5)
[LOG_TRACE] R0:3420 R1:3450 R2:0 R3:11 R4:102760 R5:4716 R6:7772 R7:3422
[LOG_TRACE] 003422 160104: sub R1, R4
[LOG_TRACE] R0:3420 R1:3450 R2:0 R3:11 R4:77310 R5:4716 R6:7772 R7:3424
[LOG_TRACE] 003424 100000: bpl 003426
[LOG_TRACE] R0:3420 R1:3450 R2:0 R3:11 R4:77310 R5:4716 R6:7772 R7:3426
[LOG_TRACE] 003426 000100: jmp R0
[LOG_TRACE] R0:3420 R1:3450 R2:0 R3:11 R4:77310 R5:4716 R6:7772 R7:3420
[LOG_TRACE] 003420 041415: bic (R4), (R5)
[LOG_TRACE] R0:3420 R1:3450 R2:0 R3:11 R4:77310 R5:4716 R6:7772 R7:3422
[LOG_TRACE] 003422 160104: sub R1, R4
[LOG_TRACE] R0:3420 R1:3450 R2:0 R3:11 R4:73640 R5:4716 R6:7772 R7:3424
[LOG_TRACE] 003424 100000: bpl 003426
[LOG_TRACE] R0:3420 R1:3450 R2:0 R3:11 R4:73640 R5:4716 R6:7772 R7:3426
[LOG_TRACE] 003426 000100: jmp R0
[LOG_TRACE] R0:3420 R1:3450 R2:0 R3:11 R4:73640 R5:4716 R6:7772 R7:3420
[LOG_TRACE] 003420 041415: bic (R4), (R5)
[LOG_TRACE] R0:3420 R1:3450 R2:0 R3:11 R4:73640 R5:4716 R6:7772 R7:3422
[LOG_TRACE] 003422 160104: sub R1, R4
[LOG_TRACE] R0:3420 R1:3450 R2:0 R3:11 R4:70170 R5:4716 R6:7772 R7:3424
[LOG_TRACE] 003424 100000: bpl 003426
[LOG_TRACE] R0:3420 R1:3450 R2:0 R3:11 R4:70170 R5:4716 R6:7772 R7:3426
[LOG_TRACE] 003426 000100: jmp R0
[LOG_TRACE] R0:3420 R1:3450 R2:0 R3:11 R4:70170 R5:4716 R6:7772 R7:3420
[LOG_TRACE] 003420 041415: bic (R4), (R5)
[LOG_TRACE] R0:3420 R1:3450 R2:0 R3:11 R4:70170 R5:4716 R6:7772 R7:3422
[LOG_TRACE] 003422 160104: sub R1, R4
[LOG_TRACE] R0:3420 R1:3450 R2:0 R3:11 R4:64520 R5:4716 R6:7772 R7:3424
[LOG_TRACE] 003424 100000: bpl 003426
[LOG_TRACE] R0:3420 R1:3450 R2:0 R3:11 R4:64520 R5:4716 R6:7772 R7:3426
[LOG_TRACE] 003426 000100: jmp R0
[LOG_TRACE] R0:3420 R1:3450 R2:0 R3:11 R4:64520 R5:4716 R6:7772 R7:3420
[LOG_TRACE] 003420 041415: bic (R4), (R5)
[LOG_TRACE] R0:3420 R1:3450 R2:0 R3:11 R4:64520 R5:4716 R6:7772 R7:3422
[LOG_TRACE] 003422 160104: sub R1, R4
[LOG_TRACE] R0:3420 R1:3450 R2:0 R3:11 R4:61050 R5:4716 R6:7772 R7:3424
[LOG_TRACE] 003424 100000: bpl 003426
[LOG_TRACE] R0:3420 R1:3450 R2:0 R3:11 R4:61050 R5:4716 R6:7772 R7:3426
[LOG_TRACE] 003426 000100: jmp R0
[LOG_TRACE] R0:3420 R1:3450 R2:0 R3:11 R4:61050 R5:4716 R6:7772 R7:3420
[LOG_TRACE] 003420 041415: bic (R4), (R5)
[LOG_TRACE] R0:3420 R1:3450 R2:0 R3:11 R4:61050 R5:4716 R6:7772 R7:3422
[LOG_TRACE] 003422 160104: sub R1, R4
[LOG_TRACE] R0:3420 R1:3450 R2:0 R3:11 R4:55400 R5:4716 R6:7772 R7:3424
[LOG_TRACE] 003424 100000: bpl 003426
[LOG_TRACE] R0:3420 R1:3450 R2:0 R3:11 R4:55400 R5:4716 R6:7772 R7:3426
[LOG_TRACE] 003426 000100: jmp R0
[LOG_TRACE] R0:3420 R1:3450 R2:0 R3:11 R4:55400 R5:4716 R6:7772 R7:3420
[LOG_TRACE] 003420 041415: bic (R4), (R5)
[LOG_TRACE] R0:3420 R1:3450 R2:0 R3:11 R4:55400 R5:4716 R6:7772 R7:3422
[LOG_TRACE] 003422 160104: sub R1, R4
[LOG_TRACE] R0:3420 R1:3450 R2:0 R3:11 R4:51730 R5:4716 R6:7772 R7:3424
[LOG_TRACE] 003424 100000: bpl 003426
[LOG_TRACE] R0:3420 R1:3450 R2:0 R3:11 R4:51730 R5:4716 R6:7772 R7:3426
[LOG_TRACE] 003426 000100: jmp R0
[LOG_TRACE] R0:3420 R1:3450 R2:0 R3:11 R4:51730 R5:4716 R6:7772 R7:3420
[LOG_TRACE] 003420 041415: bic (R4), (R5)
[LOG_TRACE] R0:3420 R1:3450 R2:0 R3:11 R4:51730 R5:4716 R6:7772 R7:3422
[LOG_TRACE] 003422 160104: sub R1, R4
[LOG_TRACE] R0:3420 R1:3450 R2:0 R3:11 R4:46260 R5:4716 R6:7772 R7:3424
[LOG_TRACE] 003424 100000: bpl 003426
[LOG_TRACE] R0:3420 R1:3450 R2:0 R3:11 R4:46260 R5:4716 R6:7772 R7:3426
[LOG_TRACE] 003426 000100: jmp R0
[LOG_TRACE] R0:3420 R1:3450 R2:0 R3:11 R4:46260 R5:4716 R6:7772 R7:3420
[LOG_TRACE] 003420 041415: bic (R4), (R5)
[LOG_TRACE] R0:3420 R1:3450 R2:0 R3:11 R4:46260 R5:4716 R6:7772 R7:3422
[LOG_TRACE] 003422 160104: sub R1, R4
[LOG_TRACE] R0:3420 R1:3450 R2:0 R3:11 R4:42610 R5:4716 R6:7772 R7:3424
[LOG_TRACE] 003424 100000: bpl 003426
[LOG_TRACE] R0:3420 R1:3450 R2:0 R3:11 R4:42610 R5:4716 R6:7772 R7:3426
[LOG_TRACE] 003426 000100: jmp R0
[LOG_TRACE] R0:3420 R1:3450 R2:0 R3:11 R4:42610 R5:4716 R6:7772 R7:3420
[LOG_TRACE] 003420 041415: bic (R4), (R5)
[LOG_TRACE] R0:3420 R1:3450 R2:0 R3:11 R4:42610 R5:4716 R6:7772 R7:3422
[LOG_TRACE] 003422 160104: sub R1, R4
[LOG_TRACE] R0:3420 R1:3450 R2:0 R3:11 R4:37140 R5:4716 R6:7772 R7:3424
[LOG_TRACE] 003424 100000: bpl 003426
[LOG_TRACE] R0:3420 R1:3450 R2:0 R3:11 R4:37140 R5:4716 R6:7772 R7:3426
[LOG_TRACE] 003426 000100: jmp R0
[LOG_TRACE] R0:3420 R1:3450 R2:0 R3:11 R4:37140 R5:4716 R6:7772 R7:3420
[LOG_TRACE] 003420 041415: bic (R4), (R5)
[LOG_TRACE] R0:3420 R1:3450 R2:0 R3:11 R4:37140 R5:4716 R6:7772 R7:3422
[LOG_TRACE] 003422 160104: sub R1, R4
[LOG_TRACE] R0:3420 R1:3450 R2:0 R3:11 R4:33470 R5:4716 R6:7772 R7:3424
[LOG_TRACE] 003424 100000: bpl 003426
[LOG_TRACE] R0:3420 R1:3450 R2:0 R3:11 R4:33470 R5:4716 R6:7772 R7:3426
[LOG_TRACE] 003426 000100: jmp R0
[LOG_TRACE] R0:3420 R1:3450 R2:0 R3:11 R4:33470 R5:4716 R6:7772 R7:3420
[LOG_TRACE] 003420 041415: bic (R4), (R5)
[LOG_TRACE] R0:3420 R1:3450 R2:0 R3:11 R4:33470 R5:4716 R6:7772 R7:3422
[LOG_TRACE] 003422 160104: sub R1, R4
[LOG_TRACE] R0:3420 R1:3450 R2:0 R3:11 R4:30020 R5:4716 R6:7772 R7:3424
[LOG_TRACE] 003424 100000: bpl 003426
[LOG_TRACE] R0:3420 R1:3450 R2:0 R3:11 R4:30020 R5:4716 R6:7772 R7:3426
[LOG_TRACE] 003426 000100: jmp R0
[LOG_TRACE] R0:3420 R1:3450 R2:0 R3:11 R4:30020 R5:4716 R6:7772 R7:3420
[LOG_TRACE] 003420 041415: bic (R4), (R5)
[LOG_TRACE] R0:3420 R1:3450 R2:0 R3:11 R4:30020 R5:4716 R6:7772 R7:3422
[LOG_TRACE] 003422 160104: sub R1, R4
[LOG_TRACE] R0:3420 R1:3450 R2:0 R3:11 R4:24350 R5:4716 R6:7772 R7:3424
[LOG_TRACE] 003424 100000: bpl 003426
[LOG_TRACE] R0:3420 R1:3450 R2:0 R3:11 R4:24350 R5:4716 R6:7772 R7:3426
[LOG_TRACE] 003426 000100: jmp R0
[LOG_TRACE] R0:3420 R1:3450 R2:0 R3:11 R4:24350 R5:4716 R6:7772 R7:3420
[LOG_TRACE] 003420 041415: bic (R4), (R5)
[LOG_TRACE] R0:3420 R1:3450 R2:0 R3:11 R4:24350 R5:4716 R6:7772 R7:3422
[LOG_TRACE] 003422 160104: sub R1, R4
[LOG_TRACE] R0:3420 R1:3450 R2:0 R3:11 R4:20700 R5:4716 R6:7772 R7:3424
[LOG_TRACE] 003424 100000: bpl 003426
[LOG_TRACE] R0:3420 R1:3450 R2:0 R3:11 R4:20700 R5:4716 R6:7772 R7:3426
[LOG_TRACE] 003426 000100: jmp R0
[LOG_TRACE] R0:3420 R1:3450 R2:0 R3:11 R4:20700 R5:4716 R6:7772 R7:3420
[LOG_TRACE] 003420 041415: bic (R4), (R5)
[LOG_TRACE] R0:3420 R1:3450 R2:0 R3:11 R4:20700 R5:4716 R6:7772 R7:3422
[LOG_TRACE] 003422 160104: sub R1, R4
[LOG_TRACE] R0:3420 R1:3450 R2:0 R3:11 R4:15230 R5:4716 R6:7772 R7:3424
[LOG_TRACE] 003424 100000: bpl 003426
[LOG_TRACE] R0:3420 R1:3450 R2:0 R3:11 R4:15230 R5:4716 R6:7772 R7:3426
[LOG_TRACE] 003426 000100: jmp R0
[LOG_TRACE] R0:3420 R1:3450 R2:0 R3:11 R4:15230 R5:4716 R6:7772 R7:3420
[LOG_TRACE] 003420 041415: bic (R4), (R5)
[LOG_TRACE] R0:3420 R1:3450 R2:0 R3:11 R4:15230 R5:4716 R6:7772 R7:3422
[LOG_TRACE] 003422 160104: sub R1, R4
[LOG_TRACE] R0:3420 R1:3450 R2:0 R3:11 R4:11560 R5:4716 R6:7772 R7:3424
[LOG_TRACE] 003424 100000: bpl 003426
[LOG_TRACE] R0:3420 R1:3450 R2:0 R3:11 R4:11560 R5:4716 R6:7772 R7:3426
[LOG_TRACE] 003426 000100: jmp R0
[LOG_TRACE] R0:3420 R1:3450 R2:0 R3:11 R4:11560 R5:4716 R6:7772 R7:3420
[LOG_TRACE] 003420 041415: bic (R4), (R5)
[LOG_TRACE] R0:3420 R1:3450 R2:0 R3:11 R4:11560 R5:4716 R6:7772 R7:3422
[LOG_TRACE] 003422 160104: sub R1, R4
[LOG_TRACE] R0:3420 R1:3450 R2:0 R3:11 R4:6110 R5:4716 R6:7772 R7:3424
[LOG_TRACE] 003424 100000: bpl 003426
[LOG_TRACE] R0:3420 R1:3450 R2:0 R3:11 R4:6110 R5:4716 R6:7772 R7:3426
[LOG_TRACE] 003426 000100: jmp R0
[LOG_TRACE] R0:3420 R1:3450 R2:0 R3:11 R4:6110 R5:4716 R6:7772 R7:3420
[LOG_TRACE] 003420 041415: bic (R4), (R5)
[LOG_TRACE] R0:3420 R1:3450 R2:0 R3:11 R4:6110 R5:4716 R6:7772 R7:3422
[LOG_TRACE] 003422 160104: sub R1, R4
[LOG_TRACE] R0:3420 R1:3450 R2:0 R3:11 R4:2440 R5:4716 R6:7772 R7:3424
[LOG_TRACE] 003424 100000: bpl 003426
[LOG_TRACE] R0:3420 R1:3450 R2:0 R3:11 R4:2440 R5:4716 R6:7772 R7:3426
[LOG_TRACE] 003426 000100: jmp R0
[LOG_TRACE] R0:3420 R1:3450 R2:0 R3:11 R4:2440 R5:4716 R6:7772 R7:3420
[LOG_TRACE] 003420 041415: bic (R4), (R5)
[LOG_TRACE] R0:3420 R1:3450 R2:0 R3:11 R4:2440 R5:4716 R6:7772 R7:3422
[LOG_TRACE] 003422 160104: sub R1, R4
[LOG_TRACE] R0:3420 R1:3450 R2:0 R3:11 R4:176770 R5:4716 R6:7772 R7:3424
[LOG_TRACE] 003424 100000: bpl 003426
[LOG_TRACE] R0:3420 R1:3450 R2:0 R3:11 R4:176770 R5:4716 R6:7772 R7:3426
[LOG_TRACE] 003426 000100: jmp R0
[LOG_TRACE] R0:3420 R1:3450 R2:0 R3:11 R4:176770 R5:4716 R6:7772 R7:3420
[LOG_TRACE] >>> BUS ERROR TRAP: Saving context and branching to Vector 4...
[LOG_TRACE] 003172 005011: clr (R1)
[LOG_TRACE] R0:3420 R1:3450 R2:0 R3:11 R4:176770 R5:4716 R6:7766 R7:3174
[LOG_TRACE] 003174 000002: rti (R4), (R1)
[LOG_TRACE] >>> RTI: Returned from interrupt. Restored PC: 003422
[LOG_TRACE] R0:3420 R1:3450 R2:0 R3:11 R4:176770 R5:4716 R6:7772 R7:3422
[LOG_TRACE] 003422 160104: sub R1, R4
[LOG_TRACE] R0:3420 R1:3450 R2:0 R3:11 R4:173320 R5:4716 R6:7772 R7:3424
[LOG_TRACE] 003424 100000: bpl 003426
[LOG_TRACE] R0:3420 R1:3450 R2:0 R3:11 R4:173320 R5:4716 R6:7772 R7:3426
[LOG_TRACE] 003426 000100: jmp R0
[LOG_TRACE] R0:3420 R1:3450 R2:0 R3:11 R4:173320 R5:4716 R6:7772 R7:3420
[LOG_TRACE] >>> BUS ERROR TRAP: Saving context and branching to Vector 4...
[LOG_TRACE] 003172 005011: clr (R1)
[LOG_TRACE] R0:3420 R1:3450 R2:0 R3:11 R4:173320 R5:4716 R6:7766 R7:3174
[LOG_TRACE] 003174 000002: rti (R4), (R1)
[LOG_TRACE] >>> RTI: Returned from interrupt. Restored PC: 003422
[LOG_TRACE] R0:3420 R1:3450 R2:0 R3:11 R4:173320 R5:4716 R6:7772 R7:3422
[LOG_TRACE] 003422 160104: sub R1, R4
[LOG_TRACE] R0:3420 R1:3450 R2:0 R3:11 R4:167650 R5:4716 R6:7772 R7:3424
[LOG_TRACE] 003424 100000: bpl 003426
[LOG_TRACE] R0:3420 R1:3450 R2:0 R3:11 R4:167650 R5:4716 R6:7772 R7:3426
[LOG_TRACE] 003426 000100: jmp R0
[LOG_TRACE] R0:3420 R1:3450 R2:0 R3:11 R4:167650 R5:4716 R6:7772 R7:3420
[LOG_TRACE] >>> BUS ERROR TRAP: Saving context and branching to Vector 4...
[LOG_TRACE] 003172 005011: clr (R1)
[LOG_TRACE] R0:3420 R1:3450 R2:0 R3:11 R4:167650 R5:4716 R6:7766 R7:3174
[LOG_TRACE] 003174 000002: rti (R4), (R1)
[LOG_TRACE] >>> RTI: Returned from interrupt. Restored PC: 003422
[LOG_TRACE] R0:3420 R1:3450 R2:0 R3:11 R4:167650 R5:4716 R6:7772 R7:3422
[LOG_TRACE] 003422 160104: sub R1, R4
[LOG_TRACE] R0:3420 R1:3450 R2:0 R3:11 R4:164200 R5:4716 R6:7772 R7:3424
[LOG_TRACE] 003424 100000: bpl 003426
[LOG_TRACE] R0:3420 R1:3450 R2:0 R3:11 R4:164200 R5:4716 R6:7772 R7:3426
[LOG_TRACE] 003426 000100: jmp R0
[LOG_TRACE] R0:3420 R1:3450 R2:0 R3:11 R4:164200 R5:4716 R6:7772 R7:3420
[LOG_TRACE] >>> BUS ERROR TRAP: Saving context and branching to Vector 4...
[LOG_TRACE] 003172 005011: clr (R1)
[LOG_TRACE] R0:3420 R1:3450 R2:0 R3:11 R4:164200 R5:4716 R6:7766 R7:3174
[LOG_TRACE] 003174 000002: rti (R4), (R1)
[LOG_TRACE] >>> RTI: Returned from interrupt. Restored PC: 003422
[LOG_TRACE] R0:3420 R1:3450 R2:0 R3:11 R4:164200 R5:4716 R6:7772 R7:3422
[LOG_TRACE] 003422 160104: sub R1, R4
[LOG_TRACE] R0:3420 R1:3450 R2:0 R3:11 R4:160530 R5:4716 R6:7772 R7:3424
[LOG_TRACE] 003424 100000: bpl 003426
[LOG_TRACE] R0:3420 R1:3450 R2:0 R3:11 R4:160530 R5:4716 R6:7772 R7:3426
[LOG_TRACE] 003426 000100: jmp R0
[LOG_TRACE] R0:3420 R1:3450 R2:0 R3:11 R4:160530 R5:4716 R6:7772 R7:3420
[LOG_TRACE] >>> BUS ERROR TRAP: Saving context and branching to Vector 4...
[LOG_TRACE] 003172 005011: clr (R1)
[LOG_TRACE] R0:3420 R1:3450 R2:0 R3:11 R4:160530 R5:4716 R6:7766 R7:3174
[LOG_TRACE] 003174 000002: rti (R4), (R1)
[LOG_TRACE] >>> RTI: Returned from interrupt. Restored PC: 003422
[LOG_TRACE] R0:3420 R1:3450 R2:0 R3:11 R4:160530 R5:4716 R6:7772 R7:3422
[LOG_TRACE] 003422 160104: sub R1, R4
[LOG_TRACE] R0:3420 R1:3450 R2:0 R3:11 R4:155060 R5:4716 R6:7772 R7:3424
[LOG_TRACE] 003424 100000: bpl 003426
[LOG_TRACE] R0:3420 R1:3450 R2:0 R3:11 R4:155060 R5:4716 R6:7772 R7:3426
[LOG_TRACE] 003426 000100: jmp R0
[LOG_TRACE] R0:3420 R1:3450 R2:0 R3:11 R4:155060 R5:4716 R6:7772 R7:3420
[LOG_TRACE] 003420 041415: bic (R4), (R5)
[LOG_TRACE] R0:3420 R1:3450 R2:0 R3:11 R4:155060 R5:4716 R6:7772 R7:3422
[LOG_TRACE] 003422 160104: sub R1, R4
[LOG_TRACE] R0:3420 R1:3450 R2:0 R3:11 R4:151410 R5:4716 R6:7772 R7:3424
[LOG_TRACE] 003424 100000: bpl 003426
[LOG_TRACE] R0:3420 R1:3450 R2:0 R3:11 R4:151410 R5:4716 R6:7772 R7:3426
[LOG_TRACE] 003426 000100: jmp R0
[LOG_TRACE] R0:3420 R1:3450 R2:0 R3:11 R4:151410 R5:4716 R6:7772 R7:3420
[LOG_TRACE] 003420 041415: bic (R4), (R5)
[LOG_TRACE] R0:3420 R1:3450 R2:0 R3:11 R4:151410 R5:4716 R6:7772 R7:3422
[LOG_TRACE] 003422 160104: sub R1, R4
[LOG_TRACE] R0:3420 R1:3450 R2:0 R3:11 R4:145740 R5:4716 R6:7772 R7:3424
[LOG_TRACE] 003424 100000: bpl 003426
[LOG_TRACE] R0:3420 R1:3450 R2:0 R3:11 R4:145740 R5:4716 R6:7772 R7:3426
[LOG_TRACE] 003426 000100: jmp R0
[LOG_TRACE] R0:3420 R1:3450 R2:0 R3:11 R4:145740 R5:4716 R6:7772 R7:3420
[LOG_TRACE] 003420 041415: bic (R4), (R5)
[LOG_TRACE] R0:3420 R1:3450 R2:0 R3:11 R4:145740 R5:4716 R6:7772 R7:3422
[LOG_TRACE] 003422 160104: sub R1, R4
[LOG_TRACE] R0:3420 R1:3450 R2:0 R3:11 R4:142270 R5:4716 R6:7772 R7:3424
[LOG_TRACE] 003424 100000: bpl 003426
[LOG_TRACE] R0:3420 R1:3450 R2:0 R3:11 R4:142270 R5:4716 R6:7772 R7:3426
[LOG_TRACE] 003426 000100: jmp R0
[LOG_TRACE] R0:3420 R1:3450 R2:0 R3:11 R4:142270 R5:4716 R6:7772 R7:3420
[LOG_TRACE] 003420 041415: bic (R4), (R5)
[LOG_TRACE] R0:3420 R1:3450 R2:0 R3:11 R4:142270 R5:4716 R6:7772 R7:3422
[LOG_TRACE] 003422 160104: sub R1, R4
[LOG_TRACE] R0:3420 R1:3450 R2:0 R3:11 R4:136620 R5:4716 R6:7772 R7:3424
[LOG_TRACE] 003424 100000: bpl 003426
[LOG_TRACE] R0:3420 R1:3450 R2:0 R3:11 R4:136620 R5:4716 R6:7772 R7:3426
[LOG_TRACE] 003426 000100: jmp R0
[LOG_TRACE] R0:3420 R1:3450 R2:0 R3:11 R4:136620 R5:4716 R6:7772 R7:3420
[LOG_TRACE] 003420 041415: bic (R4), (R5)
[LOG_TRACE] R0:3420 R1:3450 R2:0 R3:11 R4:136620 R5:4716 R6:7772 R7:3422
[LOG_TRACE] 003422 160104: sub R1, R4
[LOG_TRACE] R0:3420 R1:3450 R2:0 R3:11 R4:133150 R5:4716 R6:7772 R7:3424
[LOG_TRACE] 003424 100000: bpl 003426
[LOG_TRACE] R0:3420 R1:3450 R2:0 R3:11 R4:133150 R5:4716 R6:7772 R7:3426
[LOG_TRACE] 003426 000100: jmp R0
[LOG_TRACE] R0:3420 R1:3450 R2:0 R3:11 R4:133150 R5:4716 R6:7772 R7:3420
[LOG_TRACE] 003420 041415: bic (R4), (R5)
[LOG_TRACE] R0:3420 R1:3450 R2:0 R3:11 R4:133150 R5:4716 R6:7772 R7:3422
[LOG_TRACE] 003422 160104: sub R1, R4
[LOG_TRACE] R0:3420 R1:3450 R2:0 R3:11 R4:127500 R5:4716 R6:7772 R7:3424
[LOG_TRACE] 003424 100000: bpl 003426
[LOG_TRACE] R0:3420 R1:3450 R2:0 R3:11 R4:127500 R5:4716 R6:7772 R7:3426
[LOG_TRACE] 003426 000100: jmp R0
[LOG_TRACE] R0:3420 R1:3450 R2:0 R3:11 R4:127500 R5:4716 R6:7772 R7:3420
[LOG_TRACE] 003420 041415: bic (R4), (R5)
[LOG_TRACE] R0:3420 R1:3450 R2:0 R3:11 R4:127500 R5:4716 R6:7772 R7:3422
[LOG_TRACE] 003422 160104: sub R1, R4
[LOG_TRACE] R0:3420 R1:3450 R2:0 R3:11 R4:124030 R5:4716 R6:7772 R7:3424
[LOG_TRACE] 003424 100000: bpl 003426
[LOG_TRACE] R0:3420 R1:3450 R2:0 R3:11 R4:124030 R5:4716 R6:7772 R7:3426
[LOG_TRACE] 003426 000100: jmp R0
[LOG_TRACE] R0:3420 R1:3450 R2:0 R3:11 R4:124030 R5:4716 R6:7772 R7:3420
[LOG_TRACE] 003420 041415: bic (R4), (R5)
[LOG_TRACE] R0:3420 R1:3450 R2:0 R3:11 R4:124030 R5:4716 R6:7772 R7:3422
[LOG_TRACE] 003422 160104: sub R1, R4
[LOG_TRACE] R0:3420 R1:3450 R2:0 R3:11 R4:120360 R5:4716 R6:7772 R7:3424
[LOG_TRACE] 003424 100000: bpl 003426
[LOG_TRACE] R0:3420 R1:3450 R2:0 R3:11 R4:120360 R5:4716 R6:7772 R7:3426
[LOG_TRACE] 003426 000100: jmp R0
[LOG_TRACE] R0:3420 R1:3450 R2:0 R3:11 R4:120360 R5:4716 R6:7772 R7:3420
[LOG_TRACE] 003420 041415: bic (R4), (R5)
[LOG_TRACE] R0:3420 R1:3450 R2:0 R3:11 R4:120360 R5:4716 R6:7772 R7:3422
[LOG_TRACE] 003422 160104: sub R1, R4
[LOG_TRACE] R0:3420 R1:3450 R2:0 R3:11 R4:114710 R5:4716 R6:7772 R7:3424
[LOG_TRACE] 003424 100000: bpl 003426
[LOG_TRACE] R0:3420 R1:3450 R2:0 R3:11 R4:114710 R5:4716 R6:7772 R7:3426
[LOG_TRACE] 003426 000100: jmp R0
[LOG_TRACE] R0:3420 R1:3450 R2:0 R3:11 R4:114710 R5:4716 R6:7772 R7:3420
[LOG_TRACE] 003420 041415: bic (R4), (R5)
[LOG_TRACE] R0:3420 R1:3450 R2:0 R3:11 R4:114710 R5:4716 R6:7772 R7:3422
[LOG_TRACE] 003422 160104: sub R1, R4
[LOG_TRACE] R0:3420 R1:3450 R2:0 R3:11 R4:111240 R5:4716 R6:7772 R7:3424
[LOG_TRACE] 003424 100000: bpl 003426
[LOG_TRACE] R0:3420 R1:3450 R2:0 R3:11 R4:111240 R5:4716 R6:7772 R7:3426
[LOG_TRACE] 003426 000100: jmp R0
[LOG_TRACE] R0:3420 R1:3450 R2:0 R3:11 R4:111240 R5:4716 R6:7772 R7:3420
[LOG_TRACE] 003420 041415: bic (R4), (R5)
[LOG_TRACE] R0:3420 R1:3450 R2:0 R3:11 R4:111240 R5:4716 R6:7772 R7:3422
[LOG_TRACE] 003422 160104: sub R1, R4
[LOG_TRACE] R0:3420 R1:3450 R2:0 R3:11 R4:105570 R5:4716 R6:7772 R7:3424
[LOG_TRACE] 003424 100000: bpl 003426
[LOG_TRACE] R0:3420 R1:3450 R2:0 R3:11 R4:105570 R5:4716 R6:7772 R7:3426
[LOG_TRACE] 003426 000100: jmp R0
[LOG_TRACE] R0:3420 R1:3450 R2:0 R3:11 R4:105570 R5:4716 R6:7772 R7:3420
[LOG_TRACE] 003420 041415: bic (R4), (R5)
[LOG_TRACE] R0:3420 R1:3450 R2:0 R3:11 R4:105570 R5:4716 R6:7772 R7:3422
[LOG_TRACE] 003422 160104: sub R1, R4
[LOG_TRACE] R0:3420 R1:3450 R2:0 R3:11 R4:102120 R5:4716 R6:7772 R7:3424
[LOG_TRACE] 003424 100000: bpl 003426
[LOG_TRACE] R0:3420 R1:3450 R2:0 R3:11 R4:102120 R5:4716 R6:7772 R7:3426
[LOG_TRACE] 003426 000100: jmp R0
[LOG_TRACE] R0:3420 R1:3450 R2:0 R3:11 R4:102120 R5:4716 R6:7772 R7:3420
[LOG_TRACE] 003420 041415: bic (R4), (R5)
[LOG_TRACE] R0:3420 R1:3450 R2:0 R3:11 R4:102120 R5:4716 R6:7772 R7:3422
[LOG_TRACE] 003422 160104: sub R1, R4
[LOG_TRACE] R0:3420 R1:3450 R2:0 R3:11 R4:76450 R5:4716 R6:7772 R7:3424
[LOG_TRACE] 003424 100000: bpl 003426
[LOG_TRACE] R0:3420 R1:3450 R2:0 R3:11 R4:76450 R5:4716 R6:7772 R7:3426
[LOG_TRACE] 003426 000100: jmp R0
[LOG_TRACE] R0:3420 R1:3450 R2:0 R3:11 R4:76450 R5:4716 R6:7772 R7:3420
[LOG_TRACE] 003420 041415: bic (R4), (R5)
[LOG_TRACE] R0:3420 R1:3450 R2:0 R3:11 R4:76450 R5:4716 R6:7772 R7:3422
[LOG_TRACE] 003422 160104: sub R1, R4
[LOG_TRACE] R0:3420 R1:3450 R2:0 R3:11 R4:73000 R5:4716 R6:7772 R7:3424
[LOG_TRACE] 003424 100000: bpl 003426
[LOG_TRACE] R0:3420 R1:3450 R2:0 R3:11 R4:73000 R5:4716 R6:7772 R7:3426
[LOG_TRACE] 003426 000100: jmp R0
[LOG_TRACE] R0:3420 R1:3450 R2:0 R3:11 R4:73000 R5:4716 R6:7772 R7:3420
[LOG_TRACE] 003420 041415: bic (R4), (R5)
[LOG_TRACE] R0:3420 R1:3450 R2:0 R3:11 R4:73000 R5:4716 R6:7772 R7:3422
[LOG_TRACE] 003422 160104: sub R1, R4
[LOG_TRACE] R0:3420 R1:3450 R2:0 R3:11 R4:67330 R5:4716 R6:7772 R7:3424
[LOG_TRACE] 003424 100000: bpl 003426
[LOG_TRACE] R0:3420 R1:3450 R2:0 R3:11 R4:67330 R5:4716 R6:7772 R7:3426
[LOG_TRACE] 003426 000100: jmp R0
[LOG_TRACE] R0:3420 R1:3450 R2:0 R3:11 R4:67330 R5:4716 R6:7772 R7:3420
[LOG_TRACE] 003420 041415: bic (R4), (R5)
[LOG_TRACE] R0:3420 R1:3450 R2:0 R3:11 R4:67330 R5:4716 R6:7772 R7:3422
[LOG_TRACE] 003422 160104: sub R1, R4
[LOG_TRACE] R0:3420 R1:3450 R2:0 R3:11 R4:63660 R5:4716 R6:7772 R7:3424
[LOG_TRACE] 003424 100000: bpl 003426
[LOG_TRACE] R0:3420 R1:3450 R2:0 R3:11 R4:63660 R5:4716 R6:7772 R7:3426
[LOG_TRACE] 003426 000100: jmp R0
[LOG_TRACE] R0:3420 R1:3450 R2:0 R3:11 R4:63660 R5:4716 R6:7772 R7:3420
[LOG_TRACE] 003420 041415: bic (R4), (R5)
[LOG_TRACE] R0:3420 R1:3450 R2:0 R3:11 R4:63660 R5:4716 R6:7772 R7:3422
[LOG_TRACE] 003422 160104: sub R1, R4
[LOG_TRACE] R0:3420 R1:3450 R2:0 R3:11 R4:60210 R5:4716 R6:7772 R7:3424
[LOG_TRACE] 003424 100000: bpl 003426
[LOG_TRACE] R0:3420 R1:3450 R2:0 R3:11 R4:60210 R5:4716 R6:7772 R7:3426
[LOG_TRACE] 003426 000100: jmp R0
[LOG_TRACE] R0:3420 R1:3450 R2:0 R3:11 R4:60210 R5:4716 R6:7772 R7:3420
[LOG_TRACE] 003420 041415: bic (R4), (R5)
[LOG_TRACE] R0:3420 R1:3450 R2:0 R3:11 R4:60210 R5:4716 R6:7772 R7:3422
[LOG_TRACE] 003422 160104: sub R1, R4
[LOG_TRACE] R0:3420 R1:3450 R2:0 R3:11 R4:54540 R5:4716 R6:7772 R7:3424
[LOG_TRACE] 003424 100000: bpl 003426
[LOG_TRACE] R0:3420 R1:3450 R2:0 R3:11 R4:54540 R5:4716 R6:7772 R7:3426
[LOG_TRACE] 003426 000100: jmp R0
[LOG_TRACE] R0:3420 R1:3450 R2:0 R3:11 R4:54540 R5:4716 R6:7772 R7:3420
[LOG_TRACE] 003420 041415: bic (R4), (R5)
[LOG_TRACE] R0:3420 R1:3450 R2:0 R3:11 R4:54540 R5:4716 R6:7772 R7:3422
[LOG_TRACE] 003422 160104: sub R1, R4
[LOG_TRACE] R0:3420 R1:3450 R2:0 R3:11 R4:51070 R5:4716 R6:7772 R7:3424
[LOG_TRACE] 003424 100000: bpl 003426
[LOG_TRACE] R0:3420 R1:3450 R2:0 R3:11 R4:51070 R5:4716 R6:7772 R7:3426
[LOG_TRACE] 003426 000100: jmp R0
[LOG_TRACE] R0:3420 R1:3450 R2:0 R3:11 R4:51070 R5:4716 R6:7772 R7:3420
[LOG_TRACE] 003420 041415: bic (R4), (R5)
[LOG_TRACE] R0:3420 R1:3450 R2:0 R3:11 R4:51070 R5:4716 R6:7772 R7:3422
[LOG_TRACE] 003422 160104: sub R1, R4
[LOG_TRACE] R0:3420 R1:3450 R2:0 R3:11 R4:45420 R5:4716 R6:7772 R7:3424
[LOG_TRACE] 003424 100000: bpl 003426
[LOG_TRACE] R0:3420 R1:3450 R2:0 R3:11 R4:45420 R5:4716 R6:7772 R7:3426
[LOG_TRACE] 003426 000100: jmp R0
[LOG_TRACE] R0:3420 R1:3450 R2:0 R3:11 R4:45420 R5:4716 R6:7772 R7:3420
[LOG_TRACE] 003420 041415: bic (R4), (R5)
[LOG_TRACE] R0:3420 R1:3450 R2:0 R3:11 R4:45420 R5:4716 R6:7772 R7:3422
[LOG_TRACE] 003422 160104: sub R1, R4
[LOG_TRACE] R0:3420 R1:3450 R2:0 R3:11 R4:41750 R5:4716 R6:7772 R7:3424
[LOG_TRACE] 003424 100000: bpl 003426
[LOG_TRACE] R0:3420 R1:3450 R2:0 R3:11 R4:41750 R5:4716 R6:7772 R7:3426
[LOG_TRACE] 003426 000100: jmp R0
[LOG_TRACE] R0:3420 R1:3450 R2:0 R3:11 R4:41750 R5:4716 R6:7772 R7:3420
[LOG_TRACE] 003420 041415: bic (R4), (R5)
[LOG_TRACE] R0:3420 R1:3450 R2:0 R3:11 R4:41750 R5:4716 R6:7772 R7:3422
[LOG_TRACE] 003422 160104: sub R1, R4
[LOG_TRACE] R0:3420 R1:3450 R2:0 R3:11 R4:36300 R5:4716 R6:7772 R7:3424
[LOG_TRACE] 003424 100000: bpl 003426
[LOG_TRACE] R0:3420 R1:3450 R2:0 R3:11 R4:36300 R5:4716 R6:7772 R7:3426
[LOG_TRACE] 003426 000100: jmp R0
[LOG_TRACE] R0:3420 R1:3450 R2:0 R3:11 R4:36300 R5:4716 R6:7772 R7:3420
[LOG_TRACE] 003420 041415: bic (R4), (R5)
[LOG_TRACE] R0:3420 R1:3450 R2:0 R3:11 R4:36300 R5:4716 R6:7772 R7:3422
[LOG_TRACE] 003422 160104: sub R1, R4
[LOG_TRACE] R0:3420 R1:3450 R2:0 R3:11 R4:32630 R5:4716 R6:7772 R7:3424
[LOG_TRACE] 003424 100000: bpl 003426
[LOG_TRACE] R0:3420 R1:3450 R2:0 R3:11 R4:32630 R5:4716 R6:7772 R7:3426
[LOG_TRACE] 003426 000100: jmp R0
[LOG_TRACE] R0:3420 R1:3450 R2:0 R3:11 R4:32630 R5:4716 R6:7772 R7:3420
[LOG_TRACE] 003420 041415: bic (R4), (R5)
[LOG_TRACE] R0:3420 R1:3450 R2:0 R3:11 R4:32630 R5:4716 R6:7772 R7:3422
[LOG_TRACE] 003422 160104: sub R1, R4
[LOG_TRACE] R0:3420 R1:3450 R2:0 R3:11 R4:27160 R5:4716 R6:7772 R7:3424
[LOG_TRACE] 003424 100000: bpl 003426
[LOG_TRACE] R0:3420 R1:3450 R2:0 R3:11 R4:27160 R5:4716 R6:7772 R7:3426
[LOG_TRACE] 003426 000100: jmp R0
[LOG_TRACE] R0:3420 R1:3450 R2:0 R3:11 R4:27160 R5:4716 R6:7772 R7:3420
[LOG_TRACE] 003420 041415: bic (R4), (R5)
[LOG_TRACE] R0:3420 R1:3450 R2:0 R3:11 R4:27160 R5:4716 R6:7772 R7:3422
[LOG_TRACE] 003422 160104: sub R1, R4
[LOG_TRACE] R0:3420 R1:3450 R2:0 R3:11 R4:23510 R5:4716 R6:7772 R7:3424
[LOG_TRACE] 003424 100000: bpl 003426
[LOG_TRACE] R0:3420 R1:3450 R2:0 R3:11 R4:23510 R5:4716 R6:7772 R7:3426
[LOG_TRACE] 003426 000100: jmp R0
[LOG_TRACE] R0:3420 R1:3450 R2:0 R3:11 R4:23510 R5:4716 R6:7772 R7:3420
[LOG_TRACE] 003420 041415: bic (R4), (R5)
[LOG_TRACE] R0:3420 R1:3450 R2:0 R3:11 R4:23510 R5:4716 R6:7772 R7:3422
[LOG_TRACE] 003422 160104: sub R1, R4
[LOG_TRACE] R0:3420 R1:3450 R2:0 R3:11 R4:20040 R5:4716 R6:7772 R7:3424
[LOG_TRACE] 003424 100000: bpl 003426
[LOG_TRACE] R0:3420 R1:3450 R2:0 R3:11 R4:20040 R5:4716 R6:7772 R7:3426
[LOG_TRACE] 003426 000100: jmp R0
[LOG_TRACE] R0:3420 R1:3450 R2:0 R3:11 R4:20040 R5:4716 R6:7772 R7:3420
[LOG_TRACE] 003420 041415: bic (R4), (R5)
[LOG_TRACE] R0:3420 R1:3450 R2:0 R3:11 R4:20040 R5:4716 R6:7772 R7:3422
[LOG_TRACE] 003422 160104: sub R1, R4
[LOG_TRACE] R0:3420 R1:3450 R2:0 R3:11 R4:14370 R5:4716 R6:7772 R7:3424
[LOG_TRACE] 003424 100000: bpl 003426
[LOG_TRACE] R0:3420 R1:3450 R2:0 R3:11 R4:14370 R5:4716 R6:7772 R7:3426
[LOG_TRACE] 003426 000100: jmp R0
[LOG_TRACE] R0:3420 R1:3450 R2:0 R3:11 R4:14370 R5:4716 R6:7772 R7:3420
[LOG_TRACE] 003420 041415: bic (R4), (R5)
[LOG_TRACE] R0:3420 R1:3450 R2:0 R3:11 R4:14370 R5:4716 R6:7772 R7:3422
[LOG_TRACE] 003422 160104: sub R1, R4
[LOG_TRACE] R0:3420 R1:3450 R2:0 R3:11 R4:10720 R5:4716 R6:7772 R7:3424
[LOG_TRACE] 003424 100000: bpl 003426
[LOG_TRACE] R0:3420 R1:3450 R2:0 R3:11 R4:10720 R5:4716 R6:7772 R7:3426
[LOG_TRACE] 003426 000100: jmp R0
[LOG_TRACE] R0:3420 R1:3450 R2:0 R3:11 R4:10720 R5:4716 R6:7772 R7:3420
[LOG_TRACE] 003420 041415: bic (R4), (R5)
[LOG_TRACE] R0:3420 R1:3450 R2:0 R3:11 R4:10720 R5:4716 R6:7772 R7:3422
[LOG_TRACE] 003422 160104: sub R1, R4
[LOG_TRACE] R0:3420 R1:3450 R2:0 R3:11 R4:5250 R5:4716 R6:7772 R7:3424
[LOG_TRACE] 003424 100000: bpl 003426
[LOG_TRACE] R0:3420 R1:3450 R2:0 R3:11 R4:5250 R5:4716 R6:7772 R7:3426
[LOG_TRACE] 003426 000100: jmp R0
[LOG_TRACE] R0:3420 R1:3450 R2:0 R3:11 R4:5250 R5:4716 R6:7772 R7:3420
[LOG_TRACE] 003420 041415: bic (R4), (R5)
[LOG_TRACE] R0:3420 R1:3450 R2:0 R3:11 R4:5250 R5:4716 R6:7772 R7:3422
[LOG_TRACE] 003422 160104: sub R1, R4
[LOG_TRACE] R0:3420 R1:3450 R2:0 R3:11 R4:1600 R5:4716 R6:7772 R7:3424
[LOG_TRACE] 003424 100000: bpl 003426
[LOG_TRACE] R0:3420 R1:3450 R2:0 R3:11 R4:1600 R5:4716 R6:7772 R7:3426
[LOG_TRACE] 003426 000100: jmp R0
[LOG_TRACE] R0:3420 R1:3450 R2:0 R3:11 R4:1600 R5:4716 R6:7772 R7:3420
[LOG_TRACE] 003420 041415: bic (R4), (R5)
[LOG_TRACE] R0:3420 R1:3450 R2:0 R3:11 R4:1600 R5:4716 R6:7772 R7:3422
[LOG_TRACE] 003422 160104: sub R1, R4
[LOG_TRACE] R0:3420 R1:3450 R2:0 R3:11 R4:176130 R5:4716 R6:7772 R7:3424
[LOG_TRACE] 003424 100000: bpl 003426
[LOG_TRACE] R0:3420 R1:3450 R2:0 R3:11 R4:176130 R5:4716 R6:7772 R7:3426
[LOG_TRACE] 003426 000100: jmp R0
[LOG_TRACE] R0:3420 R1:3450 R2:0 R3:11 R4:176130 R5:4716 R6:7772 R7:3420
[LOG_TRACE] >>> BUS ERROR TRAP: Saving context and branching to Vector 4...
[LOG_TRACE] 003172 005011: clr (R1)
[LOG_TRACE] R0:3420 R1:3450 R2:0 R3:11 R4:176130 R5:4716 R6:7766 R7:3174
[LOG_TRACE] 003174 000002: rti (R4), (R1)
[LOG_TRACE] >>> RTI: Returned from interrupt. Restored PC: 003422
[LOG_TRACE] R0:3420 R1:3450 R2:0 R3:11 R4:176130 R5:4716 R6:7772 R7:3422
[LOG_TRACE] 003422 160104: sub R1, R4
[LOG_TRACE] R0:3420 R1:3450 R2:0 R3:11 R4:172460 R5:4716 R6:7772 R7:3424
[LOG_TRACE] 003424 100000: bpl 003426
[LOG_TRACE] R0:3420 R1:3450 R2:0 R3:11 R4:172460 R5:4716 R6:7772 R7:3426
[LOG_TRACE] 003426 000100: jmp R0
[LOG_TRACE] R0:3420 R1:3450 R2:0 R3:11 R4:172460 R5:4716 R6:7772 R7:3420
[LOG_TRACE] >>> BUS ERROR TRAP: Saving context and branching to Vector 4...
[LOG_TRACE] 003172 005011: clr (R1)
[LOG_TRACE] R0:3420 R1:3450 R2:0 R3:11 R4:172460 R5:4716 R6:7766 R7:3174
[LOG_TRACE] 003174 000002: rti (R4), (R1)
[LOG_TRACE] >>> RTI: Returned from interrupt. Restored PC: 003422
[LOG_TRACE] R0:3420 R1:3450 R2:0 R3:11 R4:172460 R5:4716 R6:7772 R7:3422
[LOG_TRACE] 003422 160104: sub R1, R4
[LOG_TRACE] R0:3420 R1:3450 R2:0 R3:11 R4:167010 R5:4716 R6:7772 R7:3424
[LOG_TRACE] 003424 100000: bpl 003426
[LOG_TRACE] R0:3420 R1:3450 R2:0 R3:11 R4:167010 R5:4716 R6:7772 R7:3426
[LOG_TRACE] 003426 000100: jmp R0
[LOG_TRACE] R0:3420 R1:3450 R2:0 R3:11 R4:167010 R5:4716 R6:7772 R7:3420
[LOG_TRACE] >>> BUS ERROR TRAP: Saving context and branching to Vector 4...
[LOG_TRACE] 003172 005011: clr (R1)
[LOG_TRACE] R0:3420 R1:3450 R2:0 R3:11 R4:167010 R5:4716 R6:7766 R7:3174
[LOG_TRACE] 003174 000002: rti (R4), (R1)
[LOG_TRACE] >>> RTI: Returned from interrupt. Restored PC: 003422
[LOG_TRACE] R0:3420 R1:3450 R2:0 R3:11 R4:167010 R5:4716 R6:7772 R7:3422
[LOG_TRACE] 003422 160104: sub R1, R4
[LOG_TRACE] R0:3420 R1:3450 R2:0 R3:11 R4:163340 R5:4716 R6:7772 R7:3424
[LOG_TRACE] 003424 100000: bpl 003426
[LOG_TRACE] R0:3420 R1:3450 R2:0 R3:11 R4:163340 R5:4716 R6:7772 R7:3426
[LOG_TRACE] 003426 000100: jmp R0
[LOG_TRACE] R0:3420 R1:3450 R2:0 R3:11 R4:163340 R5:4716 R6:7772 R7:3420
[LOG_TRACE] >>> BUS ERROR TRAP: Saving context and branching to Vector 4...
[LOG_TRACE] 003172 005011: clr (R1)
[LOG_TRACE] R0:3420 R1:3450 R2:0 R3:11 R4:163340 R5:4716 R6:7766 R7:3174
[LOG_TRACE] 003174 000002: rti (R4), (R1)
[LOG_TRACE] >>> RTI: Returned from interrupt. Restored PC: 003422
[LOG_TRACE] R0:3420 R1:3450 R2:0 R3:11 R4:163340 R5:4716 R6:7772 R7:3422
[LOG_TRACE] 003422 160104: sub R1, R4
[LOG_TRACE] R0:3420 R1:3450 R2:0 R3:11 R4:157670 R5:4716 R6:7772 R7:3424
[LOG_TRACE] 003424 100000: bpl 003426
[LOG_TRACE] R0:3420 R1:3450 R2:0 R3:11 R4:157670 R5:4716 R6:7772 R7:3426
[LOG_TRACE] 003426 000100: jmp R0
[LOG_TRACE] R0:3420 R1:3450 R2:0 R3:11 R4:157670 R5:4716 R6:7772 R7:3420
[LOG_TRACE] 003420 041415: bic (R4), (R5)
[LOG_TRACE] R0:3420 R1:3450 R2:0 R3:11 R4:157670 R5:4716 R6:7772 R7:3422
[LOG_TRACE] 003422 160104: sub R1, R4
[LOG_TRACE] R0:3420 R1:3450 R2:0 R3:11 R4:154220 R5:4716 R6:7772 R7:3424
[LOG_TRACE] 003424 100000: bpl 003426
[LOG_TRACE] R0:3420 R1:3450 R2:0 R3:11 R4:154220 R5:4716 R6:7772 R7:3426
[LOG_TRACE] 003426 000100: jmp R0
[LOG_TRACE] R0:3420 R1:3450 R2:0 R3:11 R4:154220 R5:4716 R6:7772 R7:3420
[LOG_TRACE] 003420 041415: bic (R4), (R5)
[LOG_TRACE] R0:3420 R1:3450 R2:0 R3:11 R4:154220 R5:4716 R6:7772 R7:3422
[LOG_TRACE] 003422 160104: sub R1, R4
[LOG_TRACE] R0:3420 R1:3450 R2:0 R3:11 R4:150550 R5:4716 R6:7772 R7:3424
[LOG_TRACE] 003424 100000: bpl 003426
[LOG_TRACE] R0:3420 R1:3450 R2:0 R3:11 R4:150550 R5:4716 R6:7772 R7:3426
[LOG_TRACE] 003426 000100: jmp R0
[LOG_TRACE] R0:3420 R1:3450 R2:0 R3:11 R4:150550 R5:4716 R6:7772 R7:3420
[LOG_TRACE] 003420 041415: bic (R4), (R5)
[LOG_TRACE] R0:3420 R1:3450 R2:0 R3:11 R4:150550 R5:4716 R6:7772 R7:3422
[LOG_TRACE] 003422 160104: sub R1, R4
[LOG_TRACE] R0:3420 R1:3450 R2:0 R3:11 R4:145100 R5:4716 R6:7772 R7:3424
[LOG_TRACE] 003424 100000: bpl 003426
[LOG_TRACE] R0:3420 R1:3450 R2:0 R3:11 R4:145100 R5:4716 R6:7772 R7:3426
[LOG_TRACE] 003426 000100: jmp R0
[LOG_TRACE] R0:3420 R1:3450 R2:0 R3:11 R4:145100 R5:4716 R6:7772 R7:3420
[LOG_TRACE] 003420 041415: bic (R4), (R5)
[LOG_TRACE] R0:3420 R1:3450 R2:0 R3:11 R4:145100 R5:4716 R6:7772 R7:3422
[LOG_TRACE] 003422 160104: sub R1, R4
[LOG_TRACE] R0:3420 R1:3450 R2:0 R3:11 R4:141430 R5:4716 R6:7772 R7:3424
[LOG_TRACE] 003424 100000: bpl 003426
[LOG_TRACE] R0:3420 R1:3450 R2:0 R3:11 R4:141430 R5:4716 R6:7772 R7:3426
[LOG_TRACE] 003426 000100: jmp R0
[LOG_TRACE] R0:3420 R1:3450 R2:0 R3:11 R4:141430 R5:4716 R6:7772 R7:3420
[LOG_TRACE] 003420 041415: bic (R4), (R5)
[LOG_TRACE] R0:3420 R1:3450 R2:0 R3:11 R4:141430 R5:4716 R6:7772 R7:3422
[LOG_TRACE] 003422 160104: sub R1, R4
[LOG_TRACE] R0:3420 R1:3450 R2:0 R3:11 R4:135760 R5:4716 R6:7772 R7:3424
[LOG_TRACE] 003424 100000: bpl 003426
[LOG_TRACE] R0:3420 R1:3450 R2:0 R3:11 R4:135760 R5:4716 R6:7772 R7:3426
[LOG_TRACE] 003426 000100: jmp R0
[LOG_TRACE] R0:3420 R1:3450 R2:0 R3:11 R4:135760 R5:4716 R6:7772 R7:3420
[LOG_TRACE] 003420 041415: bic (R4), (R5)
[LOG_TRACE] R0:3420 R1:3450 R2:0 R3:11 R4:135760 R5:4716 R6:7772 R7:3422
[LOG_TRACE] 003422 160104: sub R1, R4
[LOG_TRACE] R0:3420 R1:3450 R2:0 R3:11 R4:132310 R5:4716 R6:7772 R7:3424
[LOG_TRACE] 003424 100000: bpl 003426
[LOG_TRACE] R0:3420 R1:3450 R2:0 R3:11 R4:132310 R5:4716 R6:7772 R7:3426
[LOG_TRACE] 003426 000100: jmp R0
[LOG_TRACE] R0:3420 R1:3450 R2:0 R3:11 R4:132310 R5:4716 R6:7772 R7:3420
[LOG_TRACE] 003420 041415: bic (R4), (R5)
[LOG_TRACE] R0:3420 R1:3450 R2:0 R3:11 R4:132310 R5:4716 R6:7772 R7:3422
[LOG_TRACE] 003422 160104: sub R1, R4
[LOG_TRACE] R0:3420 R1:3450 R2:0 R3:11 R4:126640 R5:4716 R6:7772 R7:3424
[LOG_TRACE] 003424 100000: bpl 003426
[LOG_TRACE] R0:3420 R1:3450 R2:0 R3:11 R4:126640 R5:4716 R6:7772 R7:3426
[LOG_TRACE] 003426 000100: jmp R0
[LOG_TRACE] R0:3420 R1:3450 R2:0 R3:11 R4:126640 R5:4716 R6:7772 R7:3420
[LOG_TRACE] 003420 041415: bic (R4), (R5)
[LOG_TRACE] R0:3420 R1:3450 R2:0 R3:11 R4:126640 R5:4716 R6:7772 R7:3422
[LOG_TRACE] 003422 160104: sub R1, R4
[LOG_TRACE] R0:3420 R1:3450 R2:0 R3:11 R4:123170 R5:4716 R6:7772 R7:3424
[LOG_TRACE] 003424 100000: bpl 003426
[LOG_TRACE] R0:3420 R1:3450 R2:0 R3:11 R4:123170 R5:4716 R6:7772 R7:3426
[LOG_TRACE] 003426 000100: jmp R0
[LOG_TRACE] R0:3420 R1:3450 R2:0 R3:11 R4:123170 R5:4716 R6:7772 R7:3420
[LOG_TRACE] 003420 041415: bic (R4), (R5)
[LOG_TRACE] R0:3420 R1:3450 R2:0 R3:11 R4:123170 R5:4716 R6:7772 R7:3422
[LOG_TRACE] 003422 160104: sub R1, R4
[LOG_TRACE] R0:3420 R1:3450 R2:0 R3:11 R4:117520 R5:4716 R6:7772 R7:3424
[LOG_TRACE] 003424 100000: bpl 003426
[LOG_TRACE] R0:3420 R1:3450 R2:0 R3:11 R4:117520 R5:4716 R6:7772 R7:3426
[LOG_TRACE] 003426 000100: jmp R0
[LOG_TRACE] R0:3420 R1:3450 R2:0 R3:11 R4:117520 R5:4716 R6:7772 R7:3420
[LOG_TRACE] 003420 041415: bic (R4), (R5)
[LOG_TRACE] R0:3420 R1:3450 R2:0 R3:11 R4:117520 R5:4716 R6:7772 R7:3422
[LOG_TRACE] 003422 160104: sub R1, R4
[LOG_TRACE] R0:3420 R1:3450 R2:0 R3:11 R4:114050 R5:4716 R6:7772 R7:3424
[LOG_TRACE] 003424 100000: bpl 003426
[LOG_TRACE] R0:3420 R1:3450 R2:0 R3:11 R4:114050 R5:4716 R6:7772 R7:3426
[LOG_TRACE] 003426 000100: jmp R0
[LOG_TRACE] R0:3420 R1:3450 R2:0 R3:11 R4:114050 R5:4716 R6:7772 R7:3420
[LOG_TRACE] 003420 041415: bic (R4), (R5)
[LOG_TRACE] R0:3420 R1:3450 R2:0 R3:11 R4:114050 R5:4716 R6:7772 R7:3422
[LOG_TRACE] 003422 160104: sub R1, R4
[LOG_TRACE] R0:3420 R1:3450 R2:0 R3:11 R4:110400 R5:4716 R6:7772 R7:3424
[LOG_TRACE] 003424 100000: bpl 003426
[LOG_TRACE] R0:3420 R1:3450 R2:0 R3:11 R4:110400 R5:4716 R6:7772 R7:3426
[LOG_TRACE] 003426 000100: jmp R0
[LOG_TRACE] R0:3420 R1:3450 R2:0 R3:11 R4:110400 R5:4716 R6:7772 R7:3420
[LOG_TRACE] 003420 041415: bic (R4), (R5)
[LOG_TRACE] R0:3420 R1:3450 R2:0 R3:11 R4:110400 R5:4716 R6:7772 R7:3422
[LOG_TRACE] 003422 160104: sub R1, R4
[LOG_TRACE] R0:3420 R1:3450 R2:0 R3:11 R4:104730 R5:4716 R6:7772 R7:3424
[LOG_TRACE] 003424 100000: bpl 003426
[LOG_TRACE] R0:3420 R1:3450 R2:0 R3:11 R4:104730 R5:4716 R6:7772 R7:3426
[LOG_TRACE] 003426 000100: jmp R0
[LOG_TRACE] R0:3420 R1:3450 R2:0 R3:11 R4:104730 R5:4716 R6:7772 R7:3420
[LOG_TRACE] 003420 041415: bic (R4), (R5)
[LOG_TRACE] R0:3420 R1:3450 R2:0 R3:11 R4:104730 R5:4716 R6:7772 R7:3422
[LOG_TRACE] 003422 160104: sub R1, R4
[LOG_TRACE] R0:3420 R1:3450 R2:0 R3:11 R4:101260 R5:4716 R6:7772 R7:3424
[LOG_TRACE] 003424 100000: bpl 003426
[LOG_TRACE] R0:3420 R1:3450 R2:0 R3:11 R4:101260 R5:4716 R6:7772 R7:3426
[LOG_TRACE] 003426 000100: jmp R0
[LOG_TRACE] R0:3420 R1:3450 R2:0 R3:11 R4:101260 R5:4716 R6:7772 R7:3420
[LOG_TRACE] 003420 041415: bic (R4), (R5)
[LOG_TRACE] R0:3420 R1:3450 R2:0 R3:11 R4:101260 R5:4716 R6:7772 R7:3422
[LOG_TRACE] 003422 160104: sub R1, R4
[LOG_TRACE] R0:3420 R1:3450 R2:0 R3:11 R4:75610 R5:4716 R6:7772 R7:3424
[LOG_TRACE] 003424 100000: bpl 003426
[LOG_TRACE] R0:3420 R1:3450 R2:0 R3:11 R4:75610 R5:4716 R6:7772 R7:3426
[LOG_TRACE] 003426 000100: jmp R0
[LOG_TRACE] R0:3420 R1:3450 R2:0 R3:11 R4:75610 R5:4716 R6:7772 R7:3420
[LOG_TRACE] 003420 041415: bic (R4), (R5)
[LOG_TRACE] R0:3420 R1:3450 R2:0 R3:11 R4:75610 R5:4716 R6:7772 R7:3422
[LOG_TRACE] 003422 160104: sub R1, R4
[LOG_TRACE] R0:3420 R1:3450 R2:0 R3:11 R4:72140 R5:4716 R6:7772 R7:3424
[LOG_TRACE] 003424 100000: bpl 003426
[LOG_TRACE] R0:3420 R1:3450 R2:0 R3:11 R4:72140 R5:4716 R6:7772 R7:3426
[LOG_TRACE] 003426 000100: jmp R0
[LOG_TRACE] R0:3420 R1:3450 R2:0 R3:11 R4:72140 R5:4716 R6:7772 R7:3420
[LOG_TRACE] 003420 041415: bic (R4), (R5)
[LOG_TRACE] R0:3420 R1:3450 R2:0 R3:11 R4:72140 R5:4716 R6:7772 R7:3422
[LOG_TRACE] 003422 160104: sub R1, R4
[LOG_TRACE] R0:3420 R1:3450 R2:0 R3:11 R4:66470 R5:4716 R6:7772 R7:3424
[LOG_TRACE] 003424 100000: bpl 003426
[LOG_TRACE] R0:3420 R1:3450 R2:0 R3:11 R4:66470 R5:4716 R6:7772 R7:3426
[LOG_TRACE] 003426 000100: jmp R0
[LOG_TRACE] R0:3420 R1:3450 R2:0 R3:11 R4:66470 R5:4716 R6:7772 R7:3420
[LOG_TRACE] 003420 041415: bic (R4), (R5)
[LOG_TRACE] R0:3420 R1:3450 R2:0 R3:11 R4:66470 R5:4716 R6:7772 R7:3422
[LOG_TRACE] 003422 160104: sub R1, R4
[LOG_TRACE] R0:3420 R1:3450 R2:0 R3:11 R4:63020 R5:4716 R6:7772 R7:3424
[LOG_TRACE] 003424 100000: bpl 003426
[LOG_TRACE] R0:3420 R1:3450 R2:0 R3:11 R4:63020 R5:4716 R6:7772 R7:3426
[LOG_TRACE] 003426 000100: jmp R0
[LOG_TRACE] R0:3420 R1:3450 R2:0 R3:11 R4:63020 R5:4716 R6:7772 R7:3420
[LOG_TRACE] 003420 041415: bic (R4), (R5)
[LOG_TRACE] R0:3420 R1:3450 R2:0 R3:11 R4:63020 R5:4716 R6:7772 R7:3422
[LOG_TRACE] 003422 160104: sub R1, R4
[LOG_TRACE] R0:3420 R1:3450 R2:0 R3:11 R4:57350 R5:4716 R6:7772 R7:3424
[LOG_TRACE] 003424 100000: bpl 003426
[LOG_TRACE] R0:3420 R1:3450 R2:0 R3:11 R4:57350 R5:4716 R6:7772 R7:3426
[LOG_TRACE] 003426 000100: jmp R0
[LOG_TRACE] R0:3420 R1:3450 R2:0 R3:11 R4:57350 R5:4716 R6:7772 R7:3420
[LOG_TRACE] 003420 041415: bic (R4), (R5)
[LOG_TRACE] R0:3420 R1:3450 R2:0 R3:11 R4:57350 R5:4716 R6:7772 R7:3422
[LOG_TRACE] 003422 160104: sub R1, R4
[LOG_TRACE] R0:3420 R1:3450 R2:0 R3:11 R4:53700 R5:4716 R6:7772 R7:3424
[LOG_TRACE] 003424 100000: bpl 003426
[LOG_TRACE] R0:3420 R1:3450 R2:0 R3:11 R4:53700 R5:4716 R6:7772 R7:3426
[LOG_TRACE] 003426 000100: jmp R0
[LOG_TRACE] R0:3420 R1:3450 R2:0 R3:11 R4:53700 R5:4716 R6:7772 R7:3420
[LOG_TRACE] 003420 041415: bic (R4), (R5)
[LOG_TRACE] R0:3420 R1:3450 R2:0 R3:11 R4:53700 R5:4716 R6:7772 R7:3422
[LOG_TRACE] 003422 160104: sub R1, R4
[LOG_TRACE] R0:3420 R1:3450 R2:0 R3:11 R4:50230 R5:4716 R6:7772 R7:3424
[LOG_TRACE] 003424 100000: bpl 003426
[LOG_TRACE] R0:3420 R1:3450 R2:0 R3:11 R4:50230 R5:4716 R6:7772 R7:3426
[LOG_TRACE] 003426 000100: jmp R0
[LOG_TRACE] R0:3420 R1:3450 R2:0 R3:11 R4:50230 R5:4716 R6:7772 R7:3420
[LOG_TRACE] 003420 041415: bic (R4), (R5)
[LOG_TRACE] R0:3420 R1:3450 R2:0 R3:11 R4:50230 R5:4716 R6:7772 R7:3422
[LOG_TRACE] 003422 160104: sub R1, R4
[LOG_TRACE] R0:3420 R1:3450 R2:0 R3:11 R4:44560 R5:4716 R6:7772 R7:3424
[LOG_TRACE] 003424 100000: bpl 003426
[LOG_TRACE] R0:3420 R1:3450 R2:0 R3:11 R4:44560 R5:4716 R6:7772 R7:3426
[LOG_TRACE] 003426 000100: jmp R0
[LOG_TRACE] R0:3420 R1:3450 R2:0 R3:11 R4:44560 R5:4716 R6:7772 R7:3420
[LOG_TRACE] 003420 041415: bic (R4), (R5)
[LOG_TRACE] R0:3420 R1:3450 R2:0 R3:11 R4:44560 R5:4716 R6:7772 R7:3422
[LOG_TRACE] 003422 160104: sub R1, R4
[LOG_TRACE] R0:3420 R1:3450 R2:0 R3:11 R4:41110 R5:4716 R6:7772 R7:3424
[LOG_TRACE] 003424 100000: bpl 003426
[LOG_TRACE] R0:3420 R1:3450 R2:0 R3:11 R4:41110 R5:4716 R6:7772 R7:3426
[LOG_TRACE] 003426 000100: jmp R0
[LOG_TRACE] R0:3420 R1:3450 R2:0 R3:11 R4:41110 R5:4716 R6:7772 R7:3420
[LOG_TRACE] 003420 041415: bic (R4), (R5)
[LOG_TRACE] R0:3420 R1:3450 R2:0 R3:11 R4:41110 R5:4716 R6:7772 R7:3422
[LOG_TRACE] 003422 160104: sub R1, R4
[LOG_TRACE] R0:3420 R1:3450 R2:0 R3:11 R4:35440 R5:4716 R6:7772 R7:3424
[LOG_TRACE] 003424 100000: bpl 003426
[LOG_TRACE] R0:3420 R1:3450 R2:0 R3:11 R4:35440 R5:4716 R6:7772 R7:3426
[LOG_TRACE] 003426 000100: jmp R0
[LOG_TRACE] R0:3420 R1:3450 R2:0 R3:11 R4:35440 R5:4716 R6:7772 R7:3420
[LOG_TRACE] 003420 041415: bic (R4), (R5)
[LOG_TRACE] R0:3420 R1:3450 R2:0 R3:11 R4:35440 R5:4716 R6:7772 R7:3422
[LOG_TRACE] 003422 160104: sub R1, R4
[LOG_TRACE] R0:3420 R1:3450 R2:0 R3:11 R4:31770 R5:4716 R6:7772 R7:3424
[LOG_TRACE] 003424 100000: bpl 003426
[LOG_TRACE] R0:3420 R1:3450 R2:0 R3:11 R4:31770 R5:4716 R6:7772 R7:3426
[LOG_TRACE] 003426 000100: jmp R0
[LOG_TRACE] R0:3420 R1:3450 R2:0 R3:11 R4:31770 R5:4716 R6:7772 R7:3420
[LOG_TRACE] 003420 041415: bic (R4), (R5)
[LOG_TRACE] R0:3420 R1:3450 R2:0 R3:11 R4:31770 R5:4716 R6:7772 R7:3422
[LOG_TRACE] 003422 160104: sub R1, R4
[LOG_TRACE] R0:3420 R1:3450 R2:0 R3:11 R4:26320 R5:4716 R6:7772 R7:3424
[LOG_TRACE] 003424 100000: bpl 003426
[LOG_TRACE] R0:3420 R1:3450 R2:0 R3:11 R4:26320 R5:4716 R6:7772 R7:3426
[LOG_TRACE] 003426 000100: jmp R0
[LOG_TRACE] R0:3420 R1:3450 R2:0 R3:11 R4:26320 R5:4716 R6:7772 R7:3420
[LOG_TRACE] 003420 041415: bic (R4), (R5)
[LOG_TRACE] R0:3420 R1:3450 R2:0 R3:11 R4:26320 R5:4716 R6:7772 R7:3422
[LOG_TRACE] 003422 160104: sub R1, R4
[LOG_TRACE] R0:3420 R1:3450 R2:0 R3:11 R4:22650 R5:4716 R6:7772 R7:3424
[LOG_TRACE] 003424 100000: bpl 003426
[LOG_TRACE] R0:3420 R1:3450 R2:0 R3:11 R4:22650 R5:4716 R6:7772 R7:3426
[LOG_TRACE] 003426 000100: jmp R0
[LOG_TRACE] R0:3420 R1:3450 R2:0 R3:11 R4:22650 R5:4716 R6:7772 R7:3420
[LOG_TRACE] 003420 041415: bic (R4), (R5)
[LOG_TRACE] R0:3420 R1:3450 R2:0 R3:11 R4:22650 R5:4716 R6:7772 R7:3422
[LOG_TRACE] 003422 160104: sub R1, R4
[LOG_TRACE] R0:3420 R1:3450 R2:0 R3:11 R4:17200 R5:4716 R6:7772 R7:3424
[LOG_TRACE] 003424 100000: bpl 003426
[LOG_TRACE] R0:3420 R1:3450 R2:0 R3:11 R4:17200 R5:4716 R6:7772 R7:3426
[LOG_TRACE] 003426 000100: jmp R0
[LOG_TRACE] R0:3420 R1:3450 R2:0 R3:11 R4:17200 R5:4716 R6:7772 R7:3420
[LOG_TRACE] 003420 041415: bic (R4), (R5)
[LOG_TRACE] R0:3420 R1:3450 R2:0 R3:11 R4:17200 R5:4716 R6:7772 R7:3422
[LOG_TRACE] 003422 160104: sub R1, R4
[LOG_TRACE] R0:3420 R1:3450 R2:0 R3:11 R4:13530 R5:4716 R6:7772 R7:3424
[LOG_TRACE] 003424 100000: bpl 003426
[LOG_TRACE] R0:3420 R1:3450 R2:0 R3:11 R4:13530 R5:4716 R6:7772 R7:3426
[LOG_TRACE] 003426 000100: jmp R0
[LOG_TRACE] R0:3420 R1:3450 R2:0 R3:11 R4:13530 R5:4716 R6:7772 R7:3420
[LOG_TRACE] 003420 041415: bic (R4), (R5)
[LOG_TRACE] R0:3420 R1:3450 R2:0 R3:11 R4:13530 R5:4716 R6:7772 R7:3422
[LOG_TRACE] 003422 160104: sub R1, R4
[LOG_TRACE] R0:3420 R1:3450 R2:0 R3:11 R4:10060 R5:4716 R6:7772 R7:3424
[LOG_TRACE] 003424 100000: bpl 003426
[LOG_TRACE] R0:3420 R1:3450 R2:0 R3:11 R4:10060 R5:4716 R6:7772 R7:3426
[LOG_TRACE] 003426 000100: jmp R0
[LOG_TRACE] R0:3420 R1:3450 R2:0 R3:11 R4:10060 R5:4716 R6:7772 R7:3420
[LOG_TRACE] 003420 041415: bic (R4), (R5)
[LOG_TRACE] R0:3420 R1:3450 R2:0 R3:11 R4:10060 R5:4716 R6:7772 R7:3422
[LOG_TRACE] 003422 160104: sub R1, R4
[LOG_TRACE] R0:3420 R1:3450 R2:0 R3:11 R4:4410 R5:4716 R6:7772 R7:3424
[LOG_TRACE] 003424 100000: bpl 003426
[LOG_TRACE] R0:3420 R1:3450 R2:0 R3:11 R4:4410 R5:4716 R6:7772 R7:3426
[LOG_TRACE] 003426 000100: jmp R0
[LOG_TRACE] R0:3420 R1:3450 R2:0 R3:11 R4:4410 R5:4716 R6:7772 R7:3420
[LOG_TRACE] 003420 041415: bic (R4), (R5)
[LOG_TRACE] R0:3420 R1:3450 R2:0 R3:11 R4:4410 R5:4716 R6:7772 R7:3422
[LOG_TRACE] 003422 160104: sub R1, R4
[LOG_TRACE] R0:3420 R1:3450 R2:0 R3:11 R4:740 R5:4716 R6:7772 R7:3424
[LOG_TRACE] 003424 100000: bpl 003426
[LOG_TRACE] R0:3420 R1:3450 R2:0 R3:11 R4:740 R5:4716 R6:7772 R7:3426
[LOG_TRACE] 003426 000100: jmp R0
[LOG_TRACE] R0:3420 R1:3450 R2:0 R3:11 R4:740 R5:4716 R6:7772 R7:3420
[LOG_TRACE] 003420 041415: bic (R4), (R5)
[LOG_TRACE] R0:3420 R1:3450 R2:0 R3:11 R4:740 R5:4716 R6:7772 R7:3422
[LOG_TRACE] 003422 160104: sub R1, R4
[LOG_TRACE] R0:3420 R1:3450 R2:0 R3:11 R4:175270 R5:4716 R6:7772 R7:3424
[LOG_TRACE] 003424 100000: bpl 003426
[LOG_TRACE] R0:3420 R1:3450 R2:0 R3:11 R4:175270 R5:4716 R6:7772 R7:3426
[LOG_TRACE] 003426 000100: jmp R0
[LOG_TRACE] R0:3420 R1:3450 R2:0 R3:11 R4:175270 R5:4716 R6:7772 R7:3420
[LOG_TRACE] >>> BUS ERROR TRAP: Saving context and branching to Vector 4...
[LOG_TRACE] 003172 005011: clr (R1)
[LOG_TRACE] R0:3420 R1:3450 R2:0 R3:11 R4:175270 R5:4716 R6:7766 R7:3174
[LOG_TRACE] 003174 000002: rti (R4), (R1)
[LOG_TRACE] >>> RTI: Returned from interrupt. Restored PC: 003422
[LOG_TRACE] R0:3420 R1:3450 R2:0 R3:11 R4:175270 R5:4716 R6:7772 R7:3422
[LOG_TRACE] 003422 160104: sub R1, R4
[LOG_TRACE] R0:3420 R1:3450 R2:0 R3:11 R4:171620 R5:4716 R6:7772 R7:3424
[LOG_TRACE] 003424 100000: bpl 003426
[LOG_TRACE] R0:3420 R1:3450 R2:0 R3:11 R4:171620 R5:4716 R6:7772 R7:3426
[LOG_TRACE] 003426 000100: jmp R0
[LOG_TRACE] R0:3420 R1:3450 R2:0 R3:11 R4:171620 R5:4716 R6:7772 R7:3420
[LOG_TRACE] >>> BUS ERROR TRAP: Saving context and branching to Vector 4...
[LOG_TRACE] 003172 005011: clr (R1)
[LOG_TRACE] R0:3420 R1:3450 R2:0 R3:11 R4:171620 R5:4716 R6:7766 R7:3174
[LOG_TRACE] 003174 000002: rti (R4), (R1)
[LOG_TRACE] >>> RTI: Returned from interrupt. Restored PC: 003422
[LOG_TRACE] R0:3420 R1:3450 R2:0 R3:11 R4:171620 R5:4716 R6:7772 R7:3422
[LOG_TRACE] 003422 160104: sub R1, R4
[LOG_TRACE] R0:3420 R1:3450 R2:0 R3:11 R4:166150 R5:4716 R6:7772 R7:3424
[LOG_TRACE] 003424 100000: bpl 003426
[LOG_TRACE] R0:3420 R1:3450 R2:0 R3:11 R4:166150 R5:4716 R6:7772 R7:3426
[LOG_TRACE] 003426 000100: jmp R0
[LOG_TRACE] R0:3420 R1:3450 R2:0 R3:11 R4:166150 R5:4716 R6:7772 R7:3420
[LOG_TRACE] >>> BUS ERROR TRAP: Saving context and branching to Vector 4...
[LOG_TRACE] 003172 005011: clr (R1)
[LOG_TRACE] R0:3420 R1:3450 R2:0 R3:11 R4:166150 R5:4716 R6:7766 R7:3174
[LOG_TRACE] 003174 000002: rti (R4), (R1)
[LOG_TRACE] >>> RTI: Returned from interrupt. Restored PC: 003422
[LOG_TRACE] R0:3420 R1:3450 R2:0 R3:11 R4:166150 R5:4716 R6:7772 R7:3422
[LOG_TRACE] 003422 160104: sub R1, R4
[LOG_TRACE] R0:3420 R1:3450 R2:0 R3:11 R4:162500 R5:4716 R6:7772 R7:3424
[LOG_TRACE] 003424 100000: bpl 003426
[LOG_TRACE] R0:3420 R1:3450 R2:0 R3:11 R4:162500 R5:4716 R6:7772 R7:3426
[LOG_TRACE] 003426 000100: jmp R0
[LOG_TRACE] R0:3420 R1:3450 R2:0 R3:11 R4:162500 R5:4716 R6:7772 R7:3420
[LOG_TRACE] >>> BUS ERROR TRAP: Saving context and branching to Vector 4...
[LOG_TRACE] 003172 005011: clr (R1)
[LOG_TRACE] R0:3420 R1:3450 R2:0 R3:11 R4:162500 R5:4716 R6:7766 R7:3174
[LOG_TRACE] 003174 000002: rti (R4), (R1)
[LOG_TRACE] >>> RTI: Returned from interrupt. Restored PC: 003422
[LOG_TRACE] R0:3420 R1:3450 R2:0 R3:11 R4:162500 R5:4716 R6:7772 R7:3422
[LOG_TRACE] 003422 160104: sub R1, R4
[LOG_TRACE] R0:3420 R1:3450 R2:0 R3:11 R4:157030 R5:4716 R6:7772 R7:3424
[LOG_TRACE] 003424 100000: bpl 003426
[LOG_TRACE] R0:3420 R1:3450 R2:0 R3:11 R4:157030 R5:4716 R6:7772 R7:3426
[LOG_TRACE] 003426 000100: jmp R0
[LOG_TRACE] R0:3420 R1:3450 R2:0 R3:11 R4:157030 R5:4716 R6:7772 R7:3420
[LOG_TRACE] 003420 041415: bic (R4), (R5)
[LOG_TRACE] R0:3420 R1:3450 R2:0 R3:11 R4:157030 R5:4716 R6:7772 R7:3422
[LOG_TRACE] 003422 160104: sub R1, R4
[LOG_TRACE] R0:3420 R1:3450 R2:0 R3:11 R4:153360 R5:4716 R6:7772 R7:3424
[LOG_TRACE] 003424 100000: bpl 003426
[LOG_TRACE] R0:3420 R1:3450 R2:0 R3:11 R4:153360 R5:4716 R6:7772 R7:3426
[LOG_TRACE] 003426 000100: jmp R0
[LOG_TRACE] R0:3420 R1:3450 R2:0 R3:11 R4:153360 R5:4716 R6:7772 R7:3420
[LOG_TRACE] 003420 041415: bic (R4), (R5)
[LOG_TRACE] R0:3420 R1:3450 R2:0 R3:11 R4:153360 R5:4716 R6:7772 R7:3422
[LOG_TRACE] 003422 160104: sub R1, R4
[LOG_TRACE] R0:3420 R1:3450 R2:0 R3:11 R4:147710 R5:4716 R6:7772 R7:3424
[LOG_TRACE] 003424 100000: bpl 003426
[LOG_TRACE] R0:3420 R1:3450 R2:0 R3:11 R4:147710 R5:4716 R6:7772 R7:3426
[LOG_TRACE] 003426 000100: jmp R0
[LOG_TRACE] R0:3420 R1:3450 R2:0 R3:11 R4:147710 R5:4716 R6:7772 R7:3420
[LOG_TRACE] 003420 041415: bic (R4), (R5)
[LOG_TRACE] R0:3420 R1:3450 R2:0 R3:11 R4:147710 R5:4716 R6:7772 R7:3422
[LOG_TRACE] 003422 160104: sub R1, R4
[LOG_TRACE] R0:3420 R1:3450 R2:0 R3:11 R4:144240 R5:4716 R6:7772 R7:3424
[LOG_TRACE] 003424 100000: bpl 003426
[LOG_TRACE] R0:3420 R1:3450 R2:0 R3:11 R4:144240 R5:4716 R6:7772 R7:3426
[LOG_TRACE] 003426 000100: jmp R0
[LOG_TRACE] R0:3420 R1:3450 R2:0 R3:11 R4:144240 R5:4716 R6:7772 R7:3420
[LOG_TRACE] 003420 041415: bic (R4), (R5)
[LOG_TRACE] R0:3420 R1:3450 R2:0 R3:11 R4:144240 R5:4716 R6:7772 R7:3422
[LOG_TRACE] 003422 160104: sub R1, R4
[LOG_TRACE] R0:3420 R1:3450 R2:0 R3:11 R4:140570 R5:4716 R6:7772 R7:3424
[LOG_TRACE] 003424 100000: bpl 003426
[LOG_TRACE] R0:3420 R1:3450 R2:0 R3:11 R4:140570 R5:4716 R6:7772 R7:3426
[LOG_TRACE] 003426 000100: jmp R0
[LOG_TRACE] R0:3420 R1:3450 R2:0 R3:11 R4:140570 R5:4716 R6:7772 R7:3420
[LOG_TRACE] 003420 041415: bic (R4), (R5)
[LOG_TRACE] R0:3420 R1:3450 R2:0 R3:11 R4:140570 R5:4716 R6:7772 R7:3422
[LOG_TRACE] 003422 160104: sub R1, R4
[LOG_TRACE] R0:3420 R1:3450 R2:0 R3:11 R4:135120 R5:4716 R6:7772 R7:3424
[LOG_TRACE] 003424 100000: bpl 003426
[LOG_TRACE] R0:3420 R1:3450 R2:0 R3:11 R4:135120 R5:4716 R6:7772 R7:3426
[LOG_TRACE] 003426 000100: jmp R0
[LOG_TRACE] R0:3420 R1:3450 R2:0 R3:11 R4:135120 R5:4716 R6:7772 R7:3420
[LOG_TRACE] 003420 041415: bic (R4), (R5)
[LOG_TRACE] R0:3420 R1:3450 R2:0 R3:11 R4:135120 R5:4716 R6:7772 R7:3422
[LOG_TRACE] 003422 160104: sub R1, R4
[LOG_TRACE] R0:3420 R1:3450 R2:0 R3:11 R4:131450 R5:4716 R6:7772 R7:3424
[LOG_TRACE] 003424 100000: bpl 003426
[LOG_TRACE] R0:3420 R1:3450 R2:0 R3:11 R4:131450 R5:4716 R6:7772 R7:3426
[LOG_TRACE] 003426 000100: jmp R0
[LOG_TRACE] R0:3420 R1:3450 R2:0 R3:11 R4:131450 R5:4716 R6:7772 R7:3420
[LOG_TRACE] 003420 041415: bic (R4), (R5)
[LOG_TRACE] R0:3420 R1:3450 R2:0 R3:11 R4:131450 R5:4716 R6:7772 R7:3422
[LOG_TRACE] 003422 160104: sub R1, R4
[LOG_TRACE] R0:3420 R1:3450 R2:0 R3:11 R4:126000 R5:4716 R6:7772 R7:3424
[LOG_TRACE] 003424 100000: bpl 003426
[LOG_TRACE] R0:3420 R1:3450 R2:0 R3:11 R4:126000 R5:4716 R6:7772 R7:3426
[LOG_TRACE] 003426 000100: jmp R0
